10.1101/2020.08.18.20177204,"15–20 Spike, NCP  93.00 97.50  Biozek  80 (2)  10 20 10  100.00 98.00  Biotime  100 (3)  10 10 10  96.40 98.70  TAmiRNA 120 (3)  10 20 10–15",Cold Spring Harbor Laboratory Press,Clinical Characterisation of Lateral Flow Assays for Detection of COVID-19 Antibodies in a population,BioTIME
10.1038/nprot.2012.080,"are now distributed at minimal cost to California-based researchers by BioTime, a California Institute of Regenerative Medicine–funded company.",Nature Protocols,Derivation and propagation of human embryonic stem cell lines from frozen embryos in an animal product–free environment,BioTIME
10.1016/S1365-6937(08)70074-1,"treatment specialist, and signed exclusive licensing agreements with Biotim NV and Biorem to provide their technologies in North America. The",Filtration Industry Analyst,In brief,BioTIME
10.1111/j.1750-3639.2008.00141.x,"secondary antibody, this latter antibody was detected using the avidic biotim complex (ABC) method (Vector Laboratories, Burlingame, CA, USA),",Brain Pathology,Phenotypic and Genotypic Characterization of Orthotopic Human Glioma Models and Its Relevance for the Study of Anti-glioma Therapy,BioTIME
10.1016/j.ecoenv.2022.113905,"into small pieces with scissors, and then lysed in RIPA buffer (P0013B, Biotime) supplemented with protease inhibitors and phosphatase inhibitors",Ecotoxicology and Environmental Safety,Microplastics induce immune suppression via S100A8 downregulation,BioTIME
10.1002/aur.2079,"each sample was adjusted to 4.5 mg/mL using a BCA protein assay kit (Biotime, Shanghai, China). The IL-6 and IL-17a (Abcam, Cambridge, UK)",Autism Research,Oral probiotic administration during pregnancy prevents autism-related behaviors in offspring induced by maternal immune activation via anti-inflammation in mice,BioTIME
10.1111/ele.12306,"(FT110100609, FT0990652 and DP0880544 respectively). MD was supported by the ERC (BioTIME 250189) and the Scottish Funding Council (MASTS - HR09011). STATEMENT",Ecology Letters,Mechanical vulnerability explains size-dependent mortality of reef corals,BioTIME
10.1080/15569527.2018.1468342,"washed with PBS and lysed in 500 lL RIPA lysis buffer containing PMSF (Biotime Company, Shanghai, China). After resting of cells for 40 min",Cutaneous and Ocular Toxicology,Tetracaine induces apoptosis through a mitochondrion-dependent pathway in human corneal stromal cells in vitro,BioTIME
10.1016/S1365-6937(08)70069-8,"Engineering  4  Asahi Kasei  15  Berghof Filtrations  12  BHS-Sonthofen  3  Biorem  5  Biotim  5  BWT  14  Camfil Farr  16  Cantel Medical  9,15  Cascade Engineering  6  Ceco",Filtration Industry Analyst,"Kuraray, Nomura Micro Science set up JV",BioTIME
10.1002/stem.1796,"later, Asterias Biotherapeutics, a subsidiary of the biotechnology company BioTime, acquired Geron’s assets, and it seems likely that it will launch",STEM CELLS,Concise Review: Genomic Instability in Human Stem Cells: Current Status and Future Challenges,BioTIME
10.1016/S0168-1923(97)00015-4,"(Lischke and Blago, 1990; Lischke, 1992), and crop phenology models, such as BIOTIME (Kirsta and Tarabrin, 1994), to models examining the sensitivity",Agricultural and Forest Meteorology,Calculating temperature dependence over long time periods: a comparison and study of methods,BioTIME
10.1080/02604027.2010.503548,"191: 315–330. ———. 2006b. System-analytical modelling—Part II: Wheat biotime run and yield formation. Agroclimatic potential, Le Chatelier",World Futures,Information-Hierarchical Organization of Natural Systems II: Futures of Man–Biosphere Interactions and Climate Control,BioTIME
10.1111/geb.12650,"Willis, S. Wipf, K. D. Woods, E. J. Woehler, K. Zawada, M. L. Zettler: BioTIME: A database of biodiversity time series for the Anthropocene",Global Ecology and Biogeography,Issue Information,BioTIME
10.1007/s00726-014-1676-4,"containing 10 % FCS (Gibco, America), 50 U/ml penicillin/streptomycin (Biotime, China), and 10 ng/ml M-CSF (PeproTech, America), or with BMDM",Amino Acids,The regulatory peptide pidotimod facilitates M2 macrophage polarization and its function,BioTIME
10.1016/j.ecolmodel.2005.05.027,"Modelling 191 (2006) 331–345 System-analytical modelling—Part II Wheat biotime run and yield formation. Agroclimatic potential, the Le Chatelier",Ecological Modelling,"System-analytical modelling—Part II Wheat biotime run and yield formation. Agroclimatic potential, the Le Chatelier principle, and changes in agroclimatic potential and climate in Russia and the U.S.",BioTIME
10.1080/15384047.2019.1665952,"protein lysate used for western blotting was extracted using RIPA buffer (Biotime, Hangzhou, China) containing protease inhibitors (Roche, Basel,",Cancer Biology & Therapy,BMSC-derived leptin and IGFBP2 promote erlotinib resistance in lung adenocarcinoma cells through IGF-1R activation in hypoxic environment,BioTIME
10.1016/j.stemcr.2017.11.005,Cell Research Oversight Committee (hSCRO) and  cells were derived from Biotime ESI-017 hESCs. hESC colonies were transferred to EB medium with,Stem Cell Reports,Human Neural Stem Cell Transplantation Rescues Functional Deficits in R6/2 and Q140 Huntington's Disease Mice,BioTIME
10.1517/13543784.7.2.283,"can go before a transfusion is currently debated. Companies, such as Biotime, are claiming that plasma expander solutions, combined with",Expert Opinion on Investigational Drugs,IBC’s 5th Annual Conference on Blood Substitutes,BioTIME
10.1016/B978-0-12-385473-5.00008-4,MSUH-001  VAL-9  FiPS-3F-1  Sydney IVF (Genea)  72 (plus 8 GMP lines- ESI/ Biotime)  SIVF001-SIVF072  Taiwan Stem Cell Bank  3 (8) TW01 TW05  TW03  NTU1  Clinical,Human Stem Cell Manual,Chapter 8 Biobanks for Pluripotent Stem Cells,BioTIME
10.1080/14623943.2015.1052388,reported by the authors. Funding AED ﬁeldwork was funded by an ERC grant [BioTIME 250189]. Notes on contributors Erik Blair is a research fellow,Reflective Practice,A holistic approach to fieldwork through balanced reflective practice,BioTIME
10.1016/j.anbehav.2015.05.012,"study. M.C.C. thanks CONACyT for funding and A.E.M. thanks ERC (project BioTIME 250189) and the Royal Society. References Avargues-Weber, A.,",Animal Behaviour,Exploratory behaviour and transmission of information between the invasive guppy and native Mexican topminnows,BioTIME
10.1002/sctm.19-0135,"AIS grade A or B injuries at C4 to C7. The study completed in 2019 and BioTime, which later changed its name to Lineage Cell Therapeutics,",STEM CELLS Translational Medicine,The leading edge: Emerging neuroprotective and neuroregenerative cell‐based therapies for spinal cord injury,BioTIME
10.1111/1365-2664.12026,University of St Andrews for funding. A.E.M. acknowledges the ERC (project BioTIME 250189) for funding and JBI ﬁnancial support from Research Councils,Journal of Applied Ecology,Fine-tuning the assessment of large-scale temporal trends in biodiversity using the example of British breeding birds,BioTIME
10.1016/S0024-4937(97)00008-X,relative abundances of hornblende and biotite are variable with suhedral biotim up to 1 mm occurring more commonly in the northern (lower) part,Lithos,"Origin of composite dikes in the Gouldsboro granite, coastal Maine",BioTIME
10.1002/mc.22740,"provided by manufacturers. The reporter plasmid of TEAD was purchased from Biotime (Biotechnology, China). The luciferase activity was measured",Molecular Carcinogenesis,TNFAIP8 regulates Hippo pathway through interacting with LATS1 to promote cell proliferation and invasion in lung cancer,BioTIME
10.1111/j.1741-3737.2006.00235.x,difference between T1 and T2. The Level 1 model is: Y ¼ ½B1 Bio 1 B2 BioTime 1 ½B3 Nonbio 1 B4 NonbioTime 1 r ð1Þ To facilitate estimating,Journal of Marriage and Family,Lesbian Couples' Relationship Quality Across the Transition to Parenthood,BioTIME
10.1517/14712598.2016.1093110,"Cure Neurosciences (Jerusalem, Israel), a majority-owned subsidiary of BioTime, has received authorization from both the FDA and the Israeli",Expert Opinion on Biological Therapy,Stem cells in clinical trials for treatment of retinal degeneration,BioTIME
10.1517/13543784.6.11.1659,"progress and no pyrogenic effect was observed in an acute animal study. 5.2 Biotime Biotime (Berkeley, California, USA) is a",Expert Opinion on Investigational Drugs,Recent advances in the development of haemoglobin-based blood substitutes,BioTIME
10.1016/j.biocon.2017.12.021,in recovery after historic logging. Improved time-series (inspired by BioTIME) have shown that species richness of plants increases by XX,Biological Conservation,Is local biodiversity declining or not? A summary of the debate over analysis of species richness time trends,BioTIME
10.1002/stem.1204,"Culture HES-3 (WiCell, Madison, WI, http://www.wicell.org), ENVYHES-3 (BioTime, ES Cell International), and H9 (WA-09, WiCell) cell lines were",STEM CELLS,Glycogen Synthase Kinase 3β and Activin/Nodal Inhibition in Human Embryonic Stem Cells Induces a Pre-Neuroepithelial State That Is Required for Specification to a Floor Plate Cell Lineage,BioTIME
10.1111/jvs.12668,"de Nível Superior (CAPES) (1091/13-­1), European Research Council (AdG BioTIME 250189 and PoC BioCHANGE 727440), the Royal Society and the",Journal of Vegetation Science,From individuals to communities: How singleton invasive pine saplings lead to biodiversity change in the Brazilian Cerrado hotspot,BioTIME
10.1016/j.bbi.2022.02.019,"obtaining the samples, radio immunoprecipitation assay (RIPA) buffer (Biotime, Beijing, China) supplemented with protease and phos­ phatase","Brain, Behavior, and Immunity",IL-33 in the basolateral amygdala integrates neuroinflammation into anxiogenic circuits via modulating BDNF expression,BioTIME
10.1016/0024-4937(96)00016-3,compositions.  and based on major   Table 2 Composition of muscovite and biotim from Hill End quartz veins and host rocks  H-l-l  H-l-2  H-2-l  H-2-2,Lithos,"Timing of mineralization and source of fluids in a slate-belt auriferous vein system, Hill End goldfield, NSW, Australia: Evidence from 40Ar39Ar dating and O- and H-isotopes",BioTIME
10.1016/j.purol.2018.10.001,"universitaire de la Pitié-Salpêtrière, 75013 Paris, France h Laboratoire BioTIM, école centrale de Lille, université de Lille, CHU de Lille,",Progrès en Urologie,Antibioprophylaxie et bilan urodynamique : recommandations de bonne pratique par consensus formalisé,BioTIME
10.1080/17469899.2018.1555034,"(partnered with Clegg and Humayun at UCSB and USC, respectively) and BioTIme (partnered with Reubinoff at Hadassah-Hebrew University) are",Expert Review of Ophthalmology,Stem cell therapy and regenerative medicine in RPE degenerative disease: advances and challenges,BioTIME
10.1002/jbm.a.35056,"adhesion thiolated hyaluronic acid-polyethylenglycol (tHA/PEGDA; Hystem, Biotime, San Francisco, CA) hydrogels were used according to the manufacturer’s",Journal of Biomedical Materials Research Part A,Periostin improves cell adhesion to implantable biomaterials and osteoblastic differentiation on implant titanium surfaces in a topography-dependent fashion,BioTIME
10.1016/S0378-1097(80)80077-2,neglected in comp~risoi+ tu that of oilier vitamins+ uotably thiamine+ biotim tuti¢ acid. B i+ and pyridoxine [7]. These systems are all energy+,FEMS Microbiology Letters,Uptake of [14C]nicotinic acid and [14C]nicotinamide by Bordetella pertussis,BioTIME
10.1016/j.biosx.2022.100276,"plasma, whole blood Serum, plasma, whole blood  Orawell IgM/IgG Rapid Test BIOTIME SARSCoV-2 IgG/IgM Rapid Qualitative Test Biohit SARS-CoV2 IgM/IgG",Biosensors and Bioelectronics: X,Outlook of various diagnostics and nanodiagnostic techniques for COVID-19,BioTIME
10.1002/ecy.1588,"(FT110100609, FT0990652 and DP0880544 respectively). MD was supported by the ERC (BioTIME 250189) and the Scottish Funding Council (MASTS – HR09011).",Ecology,Fecundity and the demographic strategies of coral morphologies,BioTIME
10.1016/S0895-3988(10)60047-5,fetal calf serum (FCS) were from Gibco/BRL. Recombinant IL-2 was from Biotime. Interleukin-2 (IL-2)-dependent T lymphocytes (CTLL-2) were,Biomedical and Environmental Sciences,Protective Role of Salidroside against Aging in A Mouse Model Induced by D-galactose,BioTIME
10.1111/j.1750-3639.2011.00519.x,nuclei was carried out by incubating the sections with Hoechst 33258 (Biotime; dilution 1:1000) for 25 minutes. Slides were viewed with a,Brain Pathology,Expression and Cellular Distribution of Vascular Endothelial Growth Factor-C System in Cortical Tubers of the Tuberous Sclerosis Complex,BioTIME
10.1046/j.1471-4159.1998.70031143.x,"sodium phosphate buffer (pH 7.4), and incubated for 1 h with the avidin—biotim—peroxidase complex (1:50 in PBS; Vector Laboratories). Sections",Journal of Neurochemistry,Immunochemical Characterization of the Deficiency of the α-Ketoglutarate Dehydrogenase Complex in Thiamine-Deficient Rat Brain,BioTIME
10.1016/S0304-3800(96)01907-2,"(Lischke and Blago, 1990; Lischke, 1992), to crop phenology models such as Biotime (Kirsta and Tarabrin, 1994), to models examining the sensitivity",Ecological Modelling,Calculating temperature dependence over long time periods: derivation of methods,BioTIME
10.1002/jcb.25875,"containing 10% FCS (Gibco, America), 50 U/mL penicillin/streptomycin (Biotime, China), and 10 ng/mL M-CSF (PeproTech, America). For M1 activation,",Journal of Cellular Biochemistry,Echinacea purpurea Extract Polarizes M1 Macrophages in Murine Bone Marrow-Derived Macrophages Through the Activation of JNK,BioTIME
10.1016/0012-821X(96)00086-6,2M1  II  OC I  0  20 40 60  80 IW  %“Ar cumulative  120 Ti.uui-tuighmaitn - biotim  100 0  20 40 60 80 100  %“Ar cumulative  0 20 40 60 80 IW   Ph.,Earth and Planetary Science Letters,"Tectonics of Western Tibet, between the Tarim and the Indus",BioTIME
10.5966/sctm.2014-0221,membrane for subretinal implantation  Cell Cure Neurosciences OpRegen (BioTime)  IND Submittted  hESC-derived RPE cells  Subretinal injection  Janssen,STEM CELLS Translational Medicine,Proceedings: Debilitating Eye Diseases,BioTIME
10.1111/icad.12367,"Wipf, S., Woods, K.D., Woehler, E.J., Zawada, K., & Zettler, M.L. (2018) BioTIME: a database of biodiversity time series for the Anthropocene.",Insect Conservation and Diversity,Predicting a global insect apocalypse,BioTIME
10.1002/ep.3300080210,"Netherlands, and their North American licensee, Biothane Corporation; and Biotim N. V., Belgium, and their North American licensee, Lotepro.  San",Environmental Progress,Anaerobic treatment of pulp and paper mill wastewaters,BioTIME
10.1111/2041-210X.12438,greatly. We acknowledge support from the European Research Council (project BioTIME 250189) and the Royal Society. MD acknowledges funding from,Methods in Ecology and Evolution,Measuring temporal turnover in ecological communities,BioTIME
10.1016/S1365-6937(08)70068-6,"Engineering  4  Asahi Kasei  15  Berghof Filtrations  12  BHS-Sonthofen  3  Biorem  5  Biotim  5  BWT  14  Camfil Farr  16  Cantel Medical  9,15  Cascade Engineering  6  Ceco",Filtration Industry Analyst,Amiad predicts strong growth in 2007 results,BioTIME
10.1002/stem.1976,"injected with the luciferase-expressing MSCs in 20 ml of HyStem C (#G5131, BioTime) in the medial hamstring muscles. To generate the standard curve,",STEM CELLS,"Hypoxic Preconditioning of Mesenchymal Stromal Cells Induces Metabolic Changes, Enhances Survival, and Promotes Cell Retention In Vivo",BioTIME
10.1111/2041-210X.13319,"and Halley, 2001), the Living 24 Planet Index (Loh et al., 2005), and BioTIME (Dornelas et al., 2018). These databases are 25 an important",Methods in Ecology and Evolution,popler: an R package for extraction and synthesis of population time series from the long‐term ecological research (LTER) network,BioTIME
10.1016/S1365-6937(08)70079-0,"treatment specialist, and signed exclusive licensing agreements with Biotim NV and Biorem to provide their technologies in North America. The",Filtration Industry Analyst,Ecolab buys Ecovation,BioTIME
10.1002/ece3.2579,"data, such as BIOFRAG (Pfeifer et al., 2014; habitat fragmentation), BIOTIME (The BioTIME Research Group, 2016; detailed",Ecology and Evolution,The database of the PREDICTS (Projecting Responses of Ecological Diversity In Changing Terrestrial Systems) project,BioTIME
10.1111/geb.12729,2017  Accepted: 28 November 2017  DOI: 10.1111/geb.12729  DATA PAPER  BioTIME: A database of biodiversity time series for the Anthropocene  Maria,Global Ecology and Biogeography,BioTIME: A database of biodiversity time series for the Anthropocene,BioTIME
10.1139/bcb-2018-0236,"secondary antibody and the blots were visualized with the ECL reagent (Biotime, Nanjing, China). Targeted blots were scanned and analyzed with",Biochemistry and Cell Biology,"Carboxypeptidase E-ΔN promotes migration, invasion and epithelial-mesenchymal transition of human osteosarcoma cell lines through the Wnt/β-catenin pathway",BioTIME
10.1038/s41588-019-0526-4,"2008); and, H9 and ESI-017 hESC lines were obtained from City of Hope and BioTime, respectively. The R1 line was obtained from the UCSD Cell Stem",Nature Genetics,Chromatin establishes an immature version of neuronal protocadherin selection during the naive-to-primed conversion of pluripotent stem cells,BioTIME
10.1016/j.msec.2021.112352,"https://doi.org/10.1097/00000542198608000-00044. [79] BIO - Division of BioTime, E. A. HyStem ® Hydrogels Cellular Matrices for Translational",Materials Science and Engineering: C,Hyaluronic acid-fibrin hydrogels show improved mechanical stability in dermo-epidermal skin substitutes,BioTIME
10.1016/j.jid.2021.09.027,"globular CTRP3 protein for 24 hours, 48 hours, and 72 hours. CCK8 assay kit (Biotime, Shanghai, China) was used to analyze cellular proliferation",Journal of Investigative Dermatology,Adipocyte-Derived CTRP3 Exhibits Anti-Inflammatory Effects via LAMP1-STAT3 Axis in Psoriasis,BioTIME
10.1101/2022.01.04.21268372,equal to that of having culturable virus) and testing positive by the “Biotime Innova” LFT (ppos) given viral load by fitting a logistic regression,Cold Spring Harbor Laboratory Press,Test to release from isolation after testing positive for SARS-CoV-2,BioTIME
10.1016/j.semcdb.2018.07.019,currently targeting transcription regulators.  Company MecRx Transcriptogen BioTime Cellestia Syros Arrakis Tx Inventiva  Indications Solid cancers,Seminars in Cell & Developmental Biology,Modulating transcription factor activity: Interfering with protein-protein interaction networks,BioTIME
10.1080/13696998.2019.1666855,"financial/other interests NH is a consultant for Alimera, Allegro, Allergan, BioTime, Gemini, Genentech, Inc., Katalyst, Novartis, Regeneron, and",Journal of Medical Economics,Cost-effectiveness of ranibizumab and aflibercept to treat diabetic macular edema from a U.S. perspective: analysis of 2-year Protocol T data,BioTIME
10.1016/S0047-6374(99)00022-6,fetal calf serum (FCS) were from Gibco/ BRL. Recombinant IL-2 was from Biotime. AGE-modiﬁed bovine serum albumin (AGE-BAS) were prepared as,Mechanisms of Ageing and Development,Advanced glycation in d-galactose induced mouse aging model,BioTIME
10.1016/j.baae.2019.04.001,"term equally fails to discover global databases of biodiversity, such as BioTime (Dornelas et al. 2018). Based on an improved search term, we",Basic and Applied Ecology,Insect decline and its drivers: Unsupported conclusions in a poorly performed meta-analysis on trends—A critique of Sánchez-Bayo and Wyckhuys (2019),BioTIME
10.3200/JMBR.37.6.465-474,"similar relative times and in similar sequences, likely by a common central biotiming mechanism (Keele, Pokorny, Corcos, & Ivry, 1985; Williams,",Journal of Motor Behavior,"Transfer, Control, and Automatic Processing in a Complex Motor Task: An Examination of Bounce Juggling",BioTIME
10.1016/j.stem.2011.10.010,À27.86  À10.99  BioSante  14.22 À62.43  À57.02 À20.92 À49.21  99.22  33.16  46.86  83.57  BioTime  2185.71 757.14  1400.00 1500.00  168.16  228.77  41.59  À7.51  8.84  Brainstorm,Cell Stem Cell,The Impact of Market Volatility on the Cell Therapy Industry,BioTIME
10.1111/bij.12217,"Andrews, the Royal Society, and the European Research Council (project BioTIME 250189). We are grateful to Dr Ben Chapman and the anonymous",Biological Journal of the Linnean Society,Interplay of temperature and light influences wild guppy ( Poecilia reticulata ) daily reproductive activity,BioTIME
10.1016/B978-0-12-824494-4.00015-1,"Medium  119 Vela Diagnostics  ViroKey SARS-CoV-2 RT-PCR Test  120 Xiamen Biotime  SARS-CoV-2 IgG/IgM Rapid  Biotechnology Co., Qualitative Test",Advanced Biosensors for Virus Detection,Miniaturized analytical system for point-of-care coronavirus infection diagnostics,BioTIME
10.1111/geb.13025,"Crowder, Best, & Fujioka, 2010), GBIF (GBIF, 2019), LPI (LPI, 2016) and BioTIME (Dornelas et al., 2018)]. In addition, some monitoring protocols",Global Ecology and Biogeography,"Towards a macroscope: Leveraging technology to transform the breadth, scale and resolution of macroecological data",BioTIME
10.1016/0899-5362(89)90039-0,Noms  Abr~v.  Noms  Ab Amph Bt Cc Chl Cpx Ky Ep Gt I-Ibv  Albite  Hb  Amphibole Ms  Biotim  Opx  C.lcite  Pl  Chlorite  Preh  Clinopyrox~ne Qz  Disth~ne,Journal of African Earth Sciences (and the Middle East),Deformation and metamorphism in the Poli pan-african orogenic belt (Northern Cameroon): Geodynamic and paleogeographic implications,BioTIME
10.1016/j.chemosphere.2022.136362,"tions of tissue extracts were determined with BCA Protein Assay Kit (Biotime, China). According to the methods described by previous studies",Chemosphere,Toxic effects of polystyrene microplastics on the intestine of Amphioctopus fangsiao (Mollusca: Cephalopoda): From physiological responses to underlying molecular mechanisms,BioTIME
10.1101/2022.11.29.22282899,"packaging or repacked with individual buffer containers, also known as Biotime); (ii) Orient Gene COVID-19 Ag Rapid Test Cassette LFD antigen",Cold Spring Harbor Laboratory Press,"Performance of antigen lateral flow devices in the United Kingdom during the Alpha, Delta, and Omicron waves of the SARS-CoV-2 pandemic",BioTIME
10.1111/ecog.04117,"namely birds, fish, benthos and trees. We selected 11 datasets from the BioTIME database (Dornelas  et  al. 2018) with spatial extent larger",Ecography,β‐diversity scaling patterns are consistent across metrics and taxa,BioTIME
10.1101/2021.11.12.21266183,"Hopkins, Technical Report: In vitro and clinical post-market surveillance of Biotime SARS-CoV-2 Lateral Flow Antigen Device in detecting the SARS-CoV-2",Cold Spring Harbor Laboratory Press,Using high-resolution contact networks to evaluate SARS-CoV-2 transmission and control in large-scale multi-day events,BioTIME
10.1016/j.flora.2017.05.020,oamento de Pessoal de Nível Superior (CAPES). A.E.M. acknowledges the ERC (BioTIME 250189 and BioCHANGE 727440) and the Royal Society. A.R.K. is,Flora,An endangered tree fern increases beta-diversity at a fine scale in the Atlantic Forest Ecosystem,BioTIME
10.1016/S0032-9592(98)00109-5,"(IWT), Electrabel N.V., Tractebel Energy and Engineering N.V. (TEE), Biotim N.V. and Fabricom N.V.  4.3.2. Period 2: day 70 to day 90 By",Process Biochemistry,Effect of COD to sulphate ratio and temperature in expanded-granular-sludge-blanket reactors for sulphate reduction,BioTIME
10.1080/02713683.2016.1225770,"Whole-cell protein extracts were prepared using 500 µl RIPA lysis buffer (Biotime Company, Shanghai, China) and coated into a high binding 96-well",Current Eye Research,Cytotoxic Effect of Latanoprost on Human Corneal Stromal Cells in vitro and its Possible Mechanisms,BioTIME
10.1007/s00103-013-1778-2,"Stammzellfeld nicht fortsetzen zu wollen; gegenwärtig wird jedoch geprüft, ob BioTime, eine amerikanische Firma mit Fokus in der regenerativen Medizin,",Bundesgesundheitsblatt - Gesundheitsforschung - Gesundheitsschutz,Tätigkeitsbericht der Zentralen Ethik-Kommission für Stammzellenforschung (ZES),BioTIME
10.1007/s00436-011-2766-9,"the dark with the secondary antibody Cy3-conjugated goat anti-rat IgG (BioTime) diluted 1:2,000 in 0.1% BSA-PBS for 1 h and 15 min. They were",Parasitology Research,"Gene cloning, expression, and localization of antigen 5 in the life cycle of Echinococcus granulosus",BioTIME
10.1016/0895-9811(94)90035-3,"The orthogneisses often show a good C-S fabric, defined by alignment of biotim and folia of variably recrystallized quartz-feldspar aggregates.",Journal of South American Earth Sciences,"Geochronology and radiogenic isotope geology of Mesozoic rocks from eastern Palmer Land, Antarctic Peninsula: crustal anatexis in arc-related granitoid genesis",BioTIME
10.1016/j.tree.2014.11.006,and framings. A.E.M acknowledges the European Research Council (ERC) (BioTIME 250189). N.J.G. acknowledges support from the US National Science,Trends in Ecology & Evolution,Fifteen forms of biodiversity trend in the Anthropocene,BioTIME
10.1080/02604027.2010.503547,"OF SYSTEMS I 469 ———. 2006. System-analytical modelling—Part II: Wheat biotime run and yield formation. Agroclimatic potential, Le Chatelier",World Futures,Information-Hierarchical Organization of Natural Systems I: The Information-Physical Principle,BioTIME
10.1111/geb.12532,Portugal (POPH/FSE SFRH/BD/90469/2012). A.E.M. acknowledges the ERC (BioTIME 250189). M.D. acknowledges funding from the Marine Alliance,Global Ecology and Biogeography,Prevalence of multimodal species abundance distributions is linked to spatial and taxonomic breadth,BioTIME
10.1111/j.1537-2995.2007.01627.x,"Shander has received honoraria from Abbott Laboratories, Hospira, and BioTime in the past, but not within the past year. Received for publication",Transfusion,Postoperative blood loss and transfusion associated with use of Hextend in cardiac surgery patients at a blood conservation center,BioTIME
10.1002/hep.26065,"owns stock in, consults for, and holds intellectual property rights with BioTime. He owns stock in and holds intellectual property rights with",Hepatology,Successful transplantation of human hepatic stem cells with restricted localization to liver using hyaluronan grafts†,BioTIME
10.1002/jbm.a.36321,"14 days of culture, ALP staining was performed by an ALP staining kit (Biotime, China) according to the manufacturer’s protocol. The cells",Journal of Biomedical Materials Research Part A,Deproteinized bovine bone matrix induces osteoblast differentiation via macrophage polarization,BioTIME
10.1016/0889-1591(91)90012-Y,Rat/rabbit Rat/rabbit Rabbit/ guinea-pig  First antigen Sheep anti-rat-biotim streptavidm-FITC Sheep anti-rat-biotin/ streptavidin-FITC Goat,"Brain, Behavior, and Immunity",The neuro-B cell link of peptidergic innervation in the Bursa Fabricii,BioTIME
10.1007/s00103-016-2414-8,"epithelzellen (OpRegen)  Cell Cure Neurosciences Ltd., Israel (Tochterfirma von BioTime, USA)  FDA NCT02286089  Phase I und II April 2015 Teilnehmer",Bundesgesundheitsblatt - Gesundheitsforschung - Gesundheitsschutz,Tätigkeitsbericht der Zentralen Ethik-Kommission für Stammzellenforschung (ZES),BioTIME
10.1016/S1365-6937(08)70080-7,"treatment specialist, and signed exclusive licensing agreements with Biotim NV and Biorem to provide their technologies in North America. The",Filtration Industry Analyst,"Global water crisis drives desalination, water reuse growth",BioTIME
10.1016/j.cub.2020.02.043,"Akhmetzhanova, A.A., Appeltans, W., Arcos, J.M., Arnold, H., et al. (2018). BioTIME: a database of biodiversity time series for the Anthropocene.",Current Biology,Climate Change Drives Poleward Increases and Equatorward Declines in Marine Species,BioTIME
10.1016/S1365-6937(08)70067-4,"Engineering  4  Asahi Kasei  15  Berghof Filtrations  12  BHS-Sonthofen  3  Biorem  5  Biotim  5  BWT  14  Camfil Farr  16  Cantel Medical  9,15  Cascade Engineering  6  Ceco",Filtration Industry Analyst,Donaldson buys LMC West dust collection business,BioTIME
10.1002/ece3.592,M. D. acknowledges support from the European Research Council (project BioTIME 250189). Received: 18 January 2013; Revised: 3 April 2013; Accepted:,Ecology and Evolution,Interspecific synchrony of seabird population growth rate and breeding success,BioTIME
10.1016/0032-9592(95)80013-1,"enhancebiiretnediatitmrates Z&ringer K, Eeckhaut M, Mayer W, Gnsenmeyer S// BIOTIM GmbH & Co KG, Hanlecksu 3, D76185 Karlsruhe,FRG Zwkwi?kfzurr~e1994",Process Biochemistry,Bibliography of process biochemistry,BioTIME
10.1139/o68-012,"same diet as the deficient rats and, in addition, weekly injections of biotim (100 pg). Their food intake was carefully adjusted so that these",Canadian Journal of Biochemistry,Liver glucokinase of the biotin deficient rat,BioTIME
10.5966/sctm.2013-0180,"Technologies. M.D.W. has compensated employment as chief executive officer of BioTime and subsidiaries, compensated intellectual property rights,",STEM CELLS Translational Medicine,Progressive Approval: A Proposal for a New Regulatory Pathway for Regenerative Medicine,BioTIME
10.1016/j.etp.2016.06.003,"lysing HCS cells with 500 ml RIPA lysis buffer supplemented with PMSF (Biotime, Beijing, China) following the manufacturer’s instructions.",Experimental and Toxicologic Pathology,The cytotoxic and pro-apoptotic effects of phenylephrine on corneal stromal cells via a mitochondrion-dependent pathway both in vitro and in vivo,BioTIME
10.1111/j.1778-428X.2007.00073.x,"mmol/L, K+ 3 mmol/L, Mg++ 0.45 mmol/L and glucose 5 mmol/L (Hextend®, BioTime, Berkley, CA, USA).26,27 Modifying the solvent of a ﬁrst-generation",Transfusion Alternatives in Transfusion Medicine,Saline versus balanced hydroxyethyl starch: does it matter?,BioTIME
10.1016/j.medntd.2021.100103,"Elastin-Van Gieson staining was performed following manufacture's protocol (Biotime, Shanghai, China). For immunoﬂuorescence (IF) staining, sections",Medicine in Novel Technology and Devices,Platelet-derived microvesicles deliver miR-30e and promote VSMC apoptosis after balloon injury,BioTIME
10.1080/13600819908424181,"Kobokuru  plant equipment,  (Japan), Wheeler  mechanical handling (Canada), Biotim  equipment  (Belgium) and many  others  Drilling and mining Houston",Oxford Development Studies,Technological self‐reliance in Brazil: Achievements and prospects—some evidence from the non‐serial capital goods sector,BioTIME
10.1111/gcb.14739,"F., Bates, A. E., Magurran, A. E., Adam, D., … Zettler, M. L. (2018). BioTIME: A database of biodiversity time series for the Anthropocene.",Global Change Biology,Continental-scale determinants of population trends in European amphibians and reptiles,BioTIME
10.1016/j.landusepol.2021.105568,"Moland, E., Moore, J., Mathias Moreira, C., Müller, J., Murphy, G., 2018. BioTIME: a database of biodiversity time series for the Anthropocene.",Land Use Policy,Integrating ecological equivalence for native vegetation compensation: A methodological approach,BioTIME
10.1002/jobm.201500475,agarose gels in Tris-acetic acidEDTA (TAE) buffer containing 1X GelRed1 (Biotim) and then visualized under UV light. DNA sequencing and phylogenetic,Journal of Basic Microbiology,Characterization of halo-alkaline and thermostable protease from Halorubrum ezzemoulense strain ETR14 isolated from Sfax solar saltern in Tunisia,BioTIME
10.1016/S1365-6937(08)70078-9,"treatment specialist, and signed exclusive licensing agreements with Biotim NV and Biorem to provide their technologies in North America. The",Filtration Industry Analyst,"Growth ahead for seawater, brackish water desal",BioTIME
10.1002/ecy.2222,"constructive feedback on the manuscript. MD was supported by the ERC (BioTIME 250189) and the Scottish Funding Council (MASTS –HR09011). JM,",Ecology,Negligible effect of competition on coral colony growth,BioTIME
10.1111/eth.12087,(SFRH/BPD/82259/ 2011) and by a European Research Council grant to AEM (BioTIME 250189). All behavioural observations were carried out at the,Ethology,Courtship Display Persists Despite Early Social Deprivation,BioTIME
10.1016/j.jpeds.2020.07.039,"Sorrento Therapeutics INC COMM, Asterias Biotherapeutics INC (purchased by Biotime), Synergy Pharmaceuticals Del Com, and Trulance (plecanatide). The",The Journal of Pediatrics,Clinical Manifestations and Outcomes of Critically Ill Children and Adolescents with COVID-19 in New York City,BioTIME
10.1080/20502877.2020.1724708,"research (Hyun 2010, Fung and Kerridge 2013). Recently, the companies Geron, BioTime and The American Advanced Cell Technology have begun the first",The New Bioethics,Ethical Aspects of Translating Research with Human Pluripotent Stem Cell Products into Clinical Practice: A Stakeholder Approach,BioTIME
10.1016/j.lfs.2013.07.017,"breaths/min, and a positive end-expiratory pressure of 2 cm H2O. Microcatheters (BioTime, Berkeley, CA) were inserted into the left jugular vein and",Life Sciences,Inhibition of sphingosine-1-phosphate lyase rescues sphingosine kinase-1-knockout phenotype following murine cardiac arrest,BioTIME
10.1371/journal.pone.0038404,"acknowledges financial support from the European Research Council (project BioTIME 250189). The funder had no role in study design, data collection",PLOS ONE,PLOS ONE: Reasons for the Invasive Success of a Guppy (Poecilia reticulata) Population in Trinidad,BioTIME
10.1016/j.ecolmodel.2005.05.028,"doing so, the cycles make up the biosphere clock that cyclically counts biotime at all biosphere levels just like we use 1 s, 1 min, 1 h, 1",Ecological Modelling,System-analytical modelling—Part I General principles and theoretically best accuracies of ecological models. Soil-moisture exchange in agroecosystems,BioTIME
10.1080/14712598.2017.1354982,"Kiadis Pharma Asterias Biotherapeutics, Inc. Asterias Biotherapeutics, Inc Biotime Cyto Therapeutics Osiris  Cardiovascular Chronic ulcers Treatment",Expert Opinion on Biological Therapy,Allogeneic cell therapy manufacturing: process development technologies and facility design options,BioTIME
10.1016/j.etp.2015.07.006,"were obtained by lysing cells with 500 ml RIPA supplemented with PMSF (Biotime, Beijing, China). A high binding 96-well microtitre plate (Nunc)",Experimental and Toxicologic Pathology,Cytotoxicity of atropine to human corneal epithelial cells by inducing cell cycle arrest and mitochondrion-dependent apoptosis,BioTIME
10.1016/j.anbehav.2017.12.013,respectively). This work was also supported by ERC (European Research Council) BioTIME (grant number 250189). We thank Maria Joa~o Janeiro from the,Animal Behaviour,How pre- and postcopulatory sexual selection influence male mating decisions in a promiscuous species,BioTIME
10.1002/ana.24653,"grant support from Takeda Pharmaceuticals, Asterias Biotherapeutics, and Biotime. These entities have provided research funding for studies discussed",Annals of Neurology,Emergent properties of neural repair: elemental biology to therapeutic concepts,BioTIME
10.1080/10739680490517712,"in a balanced solution (Pentalyte (PL), a kind gift from Paul Segall, Biotime, Berkley, CA), 10% pentastarch in normal saline (Pentaspan (10PS),",Microcirculation,Pentastarch in a Balanced Solution Reduces Hepatic Leukocyte Recruitment in Early Sepsis,BioTIME
10.1016/S1365-6937(08)70070-4,"Engineering  4  Asahi Kasei  15  Berghof Filtrations  12  BHS-Sonthofen  3  Biorem  5  Biotim  5  BWT  14  Camfil Farr  16  Cantel Medical  9,15  Cascade Engineering  6  Ceco",Filtration Industry Analyst,GEA confirms good Q4 growth,BioTIME
10.1007/s00018-003-3139-z,"known as circadian clocks, or oscillators [1]. Clock genes involved in biotiming share substantial structural and functional homology in animals",Cellular and Molecular Life Sciences (CMLS),Disruption of sperm release from insect testes by cytochalasin and ?-actin mRNA mediated interference,BioTIME
10.1007/s003440000017,of metabolism. Our stage-specific IAA data independently supports the “biotime” model for any developmentally influential factor and empirically,Journal of Plant Growth Regulation,"The Role of Free Indole-3-acetic Acid (IAA) Levels, IAA Transport, and Sucrose Transport in the High Temperature Inhibition of Primary Root Development in Pea (Pisum sativum L. cv. Alaska)",BioTIME
10.1016/j.anbehav.2013.11.014,"Council (NER/A/S/2003/00335). A.E.M. acknowledges support from the ERC (BioTIME 250189). References Allan, J. R., & Pitcher, T. J. (1986). Species",Animal Behaviour,Sexual segregation in monomorphic minnows,BioTIME
10.1016/0304-3800(94)90137-6,"have its own time scale (cycle), which is called real biological time (biotime for short). It is shown that the biotime",Ecological Modelling,Real biological time and its calculation in wheat,BioTIME
10.1016/j.watres.2014.07.022,"reactor that includes a packed bed within its upper part, and Waterleau (Biotim combines a UASB reactor with an anaerobic contact reactor. The",Water Research,Anaerobic digestion of pulp and paper mill wastewater and sludge,BioTIME
10.1046/j.0028-646X.2001.00281.x,longer timescales. Bradford & Trewavas (1994) introduced the concept of ‘biotime’ in considering the action of plant hormones. They noted the,New Phytologist,Plant hormones and the control of physiological processes,BioTIME
10.1080/00207543.2019.1671623,"BIOGEN INC, BIOMARIN PHARMACEUTICAL INC, BIOSPECIFICS TECHNOLOGIES CP, BIOTIME INC, CALADRIUS BIOSCIENCES INC, CAPSTONE THERAPEUTICS CORP,",International Journal of Production Research,Research and development spending and technical efficiency: evidence from biotechnology and pharmaceutical sector,BioTIME
10.1016/j.bbrc.2005.05.008,"artery was isolated and cannulated with a pre-heparinized micro-cannula (Biotime, Berkeley, CA). Animals were bled $37% estimated total blood",Biochemical and Biophysical Research Communications,Hemorrhagic shock induces differential gene expression and apoptosis in mouse liver,BioTIME
10.1002/ece3.1800,aed32@st-andrews.ac.uk Funding Information This work was funded by an ERC grant (BIOTIME 250189). A. E. M. thanks the Royal Society and M. D. thanks,Ecology and Evolution,From species to communities: the signature of recreational use on a tropical river ecosystem,BioTIME
10.1016/j.dib.2024.110200,"Publisher for Earth & Environmental Science ( https://www.pangaea.de ) (7) BioTIME, A database of biodiversity time series for the Anthropocene",Data in Brief,A global dataset of demosponge distribution records,BioTIME
10.1101/2020.11.13.20231076,COVID-19  Nucleocapsid COVT025  I South Korea *  IgM/IgG  and Spike protein1  E  Xiamen Biotime  SARS-CoV2 IgG/IgM Rapid Spike protein1 BT1301  J Biotechnology,Cold Spring Harbor Laboratory Press,SARS-CoV-2 serological tests can generate false positive results for samples from patients with chronic inflammatory diseases,BioTIME
10.1111/bcpt.12186,"protein extracts were obtained by lysing 2 9 106 cells in 500 lL RIPA (Biotime, Beijing, China) supplemented with protease inhibitors PMSF",Basic & Clinical Pharmacology & Toxicology,Cytotoxicity of Lidocaine to Human Corneal Endothelial Cells In Vitro,BioTIME
10.1034/j.1600-0463.2001.d01-112.x,performed on formalin-ﬁxed parafﬁn-embedded sections using the avidin-biotim peroxidase complex technique and the peroxidase-antiperoxidase,APMIS,Pseudoangiomatous hyperplasia of mammary stroma: A case of pure type after removal of fibroadenomaNote,BioTIME
10.1016/j.stemcr.2015.08.015,"as Geron, Asteris, Ocata (formerly known as Advanced Cell Technology), Biotime, Viacyte, and J&J have developed products from ESCs, several",Stem Cell Reports,cGMP-Manufactured Human Induced Pluripotent Stem Cells Are Available for Pre-clinical and Clinical Applications,BioTIME
10.1111/jbi.13616,"initiatives to promote analysis of change through time are helpful (e.g. BioTIME [Dornelas et al., 2018], ForestRePlot [Verheyen et al., 2017],",Journal of Biogeography,Challenges and opportunities for biogeography-What can we still learn from von Humboldt?,BioTIME
10.1111/j.1537-2995.2008.01919.x,"Shander has received honoraria from Abbott Laboratories, Hospira, and BioTime in the past, but not within the past year.  Mazyar Javidroozi,",Transfusion,Adjusting surgical bleeding for dilutional effect of Hextend,BioTIME
10.1111/j.1582-4934.2010.01215.x,"IFN-␥, TNF-␣ were from Peprotech (La Jolla, CA, USA); 1400W were from Biotime (Haimen, Jiangsu, China); antimouse CD34, CD45, CD90, CD105",Journal of Cellular and Molecular Medicine,Immunosuppressive effect of bone marrow-derived mesenchymal stem cells in inflammatory microenvironment favours the growth of B16 melanoma cells,BioTIME
10.1016/S0304-3800(05)00637-X,". . . . . . . . . . . . . System-analytical modelling—Part II. Wheat biotime run and yield formation. Agroclimatic potential, the Le Chatelier",Ecological Modelling,Contents of volume 191,BioTIME
10.1002/cem.691,chronologically measured storage time cannot be expected to be exactly the same `biotime' in different experiments. Therefore the results are quite impressive.,Journal of Chemometrics,A phenomenological study of ripening of salted herring. Assessing homogeneity of data from different countries and laboratories,BioTIME
10.1016/j.colsurfb.2022.112894,"deoxynucleotide transferase (TUNEL) apoptosis detection kit were purchased from Biotime Co., Ltd.  2.2. Methods 2.2.1. Preparation of CMC microparticles",Colloids and Surfaces B: Biointerfaces,Doxorubicin loaded hydrogel microparticles from microfluidics for local injection therapy of tumors,BioTIME
10.1016/j.stem.2019.10.010,Solarbio Sigma-aldrich Sigma-aldrich Corning BBI Life Science GIBCO ZENOAQ Biotime BIOTECH WELL Solarbio Yeasen Leica Biosystems TBD science Selleck  IDENTIFIER  Cat#550609;,Cell Stem Cell,Patient-Derived Organoids Predict Chemoradiation Responses of Locally Advanced Rectal Cancer,BioTIME
10.1080/08941920.2020.1731034,"A. Akhmetzhanova, W. Appeltans, J. M. Arcos, H. Arnold, et al. 2018. BioTIME: A database of biodiversity time series for the Anthropocene.",Society & Natural Resources,Land Trusts as Conservation Boundary Organizations in Rapidly Exurbanizing Landscapes: A Case Study from Southern Appalachia,BioTIME
10.1002/ece3.5244,"F., Bates, A. E., Magurran, A. E., Adam, D. C., …Zettler, M. L. (2018). BioTIME: A database of biodiversity time series for the Anthropocene.",Ecology and Evolution,Evolution of interdisciplinarity in biodiversity science,BioTIME
10.1111/jfb.13868,information This work was funded by the European Research Council (ERCAdG BioTIME 250189 and ERCPoC BioCHANGE 727440).  Marine fish are an irreplaceable,Journal of Fish Biology,Change in the dominance structure of two marine-fish assemblages over three decades,BioTIME
10.1016/j.marpolbul.2018.05.019,"available in the Ocean Biogeographic Information System (OBIS, 2017) and BioTIME database (Dornelas et al., in press).  2.2.2. North Jamestown",Marine Pollution Bulletin,Six decades of change in pollution and benthic invertebrate biodiversity in a southern New England estuary,BioTIME
10.1016/j.ecolind.2018.11.069,"Wipf, S., Woods, K.D., Woehler, E.J., Zawada, K. & Zettler, M.L., 2018. BioTIME: a database of biodiversity time series for the Anthropocene.",Ecological Indicators,A framework for estimating species-specific contributions to community indicators,BioTIME
10.1111/j.1744-7348.2000.tb00050.x,"What is the role, if any, of the cell cycle in counting or regulating ‘biotime’? Given the apparent multiple control features in such areas",Annals of Applied Biology,Physiological ageing of potato tubers: A Review,BioTIME
10.1007/s00436-015-4895-z,"incubated with the secondary antibody, Cy3conjugated goat anti-rat IgG (BioTime) at 1:100 dilution for 1 h in the dark. Following washing with",Parasitology Research,Antibodies against Clonorchis sinensis LDH could cross-react with LDHB localizing on the plasma membrane of human hepatocarcinoma cell SMMC-7721 and induce apoptosis,BioTIME
10.1016/j.mex.2016.10.005,"differentiation protocol (refer to Fig. 3A). 4 Two wells of hESC (ES-701, BioTime, USA) starter cultures were manually seeded on Synthemax 6well",MethodsX,Automating hESC differentiation with 3D printing and legacy liquid handling solutions,BioTIME
10.1016/0961-9534(93)90084-H,wastes  Number of plants in the EC  Number of plants outside the EC  Biotim Bieadan’ Degrimont SGN Emmepi RPA Snamprogetti Gist-Brocades,Biomass and Bioenergy,"Past, present and future trends in anaerobic digestion applications",BioTIME
10.1016/j.anbehav.2018.01.023,mire of model selection. A.E.M. acknowledges funding from the ERC (AdG BioTIME 250189 and PoC BioCHANGE 727440) and the Royal Society. We are,Animal Behaviour,Heterospecific shoaling in an invasive poeciliid: shared history does not affect shoal cohesion,BioTIME
10.1002/stem.2450,"trials. Since May 2010, the lines are owned by the California-based company BioTime. The company further characterized the lines at the molecular",STEM CELLS,Concise Review: Human Embryonic Stem Cells-What Have We Done? What Are We Doing? Where Are We Going?,BioTIME
10.1016/B978-0-12-811920-4.00016-1,disease Ulcerative colitis Ischemic stroke Obesity Schizophrenia  b  BioTime  Clinical-grade human embryonic stem (hES) cell lines and dendritic,A Roadmap to Non-Hematopoietic Stem Cell-based Therapeutics,MSCs as Biological Drugs,BioTIME
10.1002/ecs2.2669,"management. Biological Invasions 16:705–719. Dornelas, M., et al. 2018. BioTIME: a database of biodiversity time series for the Anthropocene.",Ecosphere,A four‐component classification of uncertainties in biological invasions: implications for management,BioTIME
10.1080/14756366.2018.1477138,"concentrations were measured by bicinchoninic acid (BCA) Protein Assay Kit (Biotime, Shanghai, China) according to the manufacturer’s recommended",Journal of Enzyme Inhibition and Medicinal Chemistry,Inhibition of p38 mitogen-activated protein kinase exerts a hypoglycemic effect by improving β cell function via inhibition of β cell apoptosis in db/db mice,BioTIME
10.1016/j.stemcr.2021.03.003,inhibitory factor (LIF). The human ESC line ESI-049 was purchased from BioTime (cat. no. ES-702). Human ESCs were cultured with DMEM/F12 Glutamax,Stem Cell Reports,"Adhesion GPCR Latrophilin-2 Specifies Cardiac Lineage Commitment through CDK5, Src, and P38MAPK",BioTIME
10.1111/j.1399-302X.1994.tb00207.x,"to 12 h in the current model gives a quences of accumulation and final biotime of 2,66 h, twice that calculated for masses of biofilms even",Oral Microbiology and Immunology,Characteristics of accumulation of oral gram-positive bacteria on mucin-conditioned glass surfaces in a model system,BioTIME
10.1016/S0304-3800(05)00639-3,". . . . . . . . . . . . . System-analytical modelling—Part II. Wheat biotime run and yield formation. Agroclimatic potential, the Le Chatelier",Ecological Modelling,Outside Back Cover-Contents,BioTIME
10.1111/geb.12729,"https://zenodo.org/record/1095627). However, data entry and curation is ongoing (http://biotime.st-andrews.ac.uk/contribute.php), and we",Global Ecology and Biogeography,BioTIME: A database of biodiversity time series for the Anthropocene,biotime.st-andrews.ac.uk
10.1016/j.dib.2024.110200,A database of biodiversity time series for the Anthropocene (https://biotime.st- andrews.ac.uk) (8) Integrated Digitized,Data in Brief,A global dataset of demosponge distribution records,biotime.st-andrews.ac.uk
