10.1016/j.quaint.2008.05.006,"database includes European, Asiatic and North African samples from the European Pollen Database (EPD)",Quaternary International,Coupled atmospheric and marine palaeoclimatic reconstruction for the last 35ka in the Sele Plain–Gulf of Salerno area (southern Italy),European Pollen Database
10.1016/j.quaint.2008.05.014,"databases, collections of several hundreds of well-dated sequences (e.g. European Pollen Database) and",Quaternary International,Pollen-inferred Late-Glacial and Holocene climate in southern Balkans (Lake Maliq),European Pollen Database
10.1016/j.quaint.2014.05.001,"letters (i.e. a, b). The entire palynological dataset will be stored at the European Pollen Database (EPD)",Quaternary International,Palaeoecological evidence for Mesolithic to Medieval climatic change and anthropogenic impact on the Alpine flora and vegetation of the Silvretta Massif (Switzerland/Austria),European Pollen Database
10.1016/j.marmicro.2006.07.006,analysed in this study; white circles represent the modern samples from the European Pollen Database; white,Marine Micropaleontology,Present-day and past (last 25000 years) marine pollen signal off western Iberia,European Pollen Database
10.1006/qres.2000.2179,"pollen diagrams for the Ioannina core (Bottema, 1974) are derived from the European Pollen Database.  expansion",Quaternary Research,"A 12,000-Year Pollen Record from Lake Maliq, Albania",European Pollen Database
10.1007/s00334-019-00726-5,"Eemian pollen sequences from different sources, including Pangaea, the European Pollen Database, and",Vegetation History and Archaeobotany,Compositional turnover and variation in Eemian pollen sequences in Europe,European Pollen Database
10.1111/j.1502-3885.2009.00096.x,and west Central Europe based on pollen data of multiple sites from the European Pollen Database (Davis,Boreas,Vegetation and climate history in the Westeifel Volcanic Field (Germany) during the past 11 000 years based on annually laminated lacustrine maar sediments,European Pollen Database
10.1016/j.quascirev.2012.05.011,"selection Pollen records from 98 sites (Fig. 1) were obtained either from the European Pollen Database, the",Quaternary Science Reviews,Quantitative reconstructions of changes in regional openness in north-central Europe reveal new insights into old questions,European Pollen Database
10.1080/14614103.2018.1478376,"H. W. Bradshaw, S. Brewer, A. Le Flao, W. Finsinger, et al. 2009. “The European Pollen Database: Past",Environmental Archaeology,"The use of Scientific Techniques in the Study, Reconstruction of and Human Interaction with Woodlands: Introduction to the Special Issue",European Pollen Database
10.1016/S0921-8181(01)00082-0,"Vandenberghe, 1998. have become available. When stored in databases Že.g. European Pollen Database, Multi-Proxy",Global and Planetary Change,The two major warming phases of the last deglaciation at ∼14.7 and ∼11.5 ka cal BP in Europe: climate reconstructions and AGCM experiments,European Pollen Database
,"CNRS Luminy, Case 907 13288 Marseille cedex 09, France Cheddadi, Rachid European Pollen Database Centre",Open-File Report,Pliocene terrestrial environments and data/model comparisons,European Pollen Database
10.1080/00173134.2017.1282976,http://dx.doi.org/10.1080/00173134.2017.1282976 CONTRIBUTIONS TO THE EUROPEAN POLLEN DATABASE  35.,Grana,"35. Labradillos mire, Gregos Range (central Spain)",European Pollen Database
10.1080/00291950310000776,"North American Pollen Database (www.ngdc.noaa.gov/paleo/ napd.html), European Pollen Database (www.ngdc.noaa.",Norsk Geografisk Tidsskrift - Norwegian Journal of Geography,"Contributing to global change science: the ethics, obligations and opportunities of working with palaeoenvironmental databases",European Pollen Database
10.1111/bor.12183,of the sites (Holtj€arnen and Lilla Gloppsjo€n) were obtained from the European Pollen Database (EPD,Boreas,"Importance of climate, forest fires and human population size in the Holocene boreal forest composition change in northern Europe",European Pollen Database
10.1016/S1040-6182(01)00106-9,"preparation, 2001) their absolute pollen counts are transferred to the European Pollen Database (LBHP,",Quaternary International,"Diversified development of mountain mires, Bohemian Forest, Central Europe, in the last 13,000 years",European Pollen Database
10.1111/j.1365-2699.2012.02738.x,"dating control, leaving us with 198 pollen records: 123 sites from the European Pollen Database (Fyfe",Journal of Biogeography,"The mid-Holocene vegetation of the Mediterranean region and southern Europe, and comparison with the present day",European Pollen Database
10.1016/S0277-3791(00)00089-5,"their localities, and references used in Fig. 5 and Table 1 are from the European Pollen Database (http.//medias.meteo.fr/paleo/pollen.",Quaternary Science Reviews,Reconstructing palaeotemperatures for the Early and Middle Pleistocene using the mutual climatic range method based on plant fossils,European Pollen Database
10.1016/j.quascirev.2010.05.031,compiled for 153 sites (Fig. 1). Most data were extracted from either the European Pollen Database (EPD;,Quaternary Science Reviews,Last glacial vegetation of northern Eurasia,European Pollen Database
10.1080/00173134.2015.1120342,http://dx.doi.org/10.1080/00173134.2015.1120342 CONTRIBUTIONS TO THE EUROPEAN POLLEN DATABASE 29.,Grana,29. Vrbka (Czech Republic): Pollen record of secondary steppe vegetation development within the Bronze Age agricultural landscape,European Pollen Database
10.1016/j.revpalbo.2018.01.001,"should also be useful as part of future pollen–plant databases, e.g. the European Pollen Database (http://www.europeanpollendatabase.",Review of Palaeobotany and Palynology,Modern pollen–vegetation relationships in traditionally mown and unmanaged boreal rich-fen communities in central Norway,European Pollen Database
10.1111/j.1365-2699.2004.01095.x,abies (Appendix 1). Sites were located by literature search and from the European Pollen Database (EPD:,Journal of Biogeography,The Holocene spread of Picea abies (L.) Karst. in Fennoscandia and adjacent areas,European Pollen Database
10.1016/j.ancene.2023.100401,"Availability The Lago di Vedana pollen dataset will be submitted to the European Pollen Database, available",Anthropocene,"Human impact on vegetation at Lago di Vedana (Dolomites, Northern Italy) during the last seven centuries",European Pollen Database
10.1016/j.palaeo.2017.12.004,"Moreno-Amat et al. (2017) to ﬁrstly compile information from general sources, European Pollen Database (Fyfe","Palaeogeography, Palaeoclimatology, Palaeoecology",Glacial refugia and mid-Holocene expansion delineate the current distribution of Castanea sativa in Europe,European Pollen Database
10.1016/j.catena.2018.06.010,"diagram ‘Unter-Ückersee’ (UEC) of Jahns (2001; data available at the European Pollen Database, EPD;",CATENA,Stratigraphy and age of colluvial deposits indicating Late Holocene soil erosion in northeastern Germany,European Pollen Database
10.1111/j.1365-2699.2011.02646.x,"palaeobotanical evidence for occurrences of Myrtus species was reviewed using the European Pollen Database, the",Journal of Biogeography,From Mediterranean shores to central Saharan mountains: key phylogeographical insights from the genus Myrtus,European Pollen Database
10.1007/s00334-021-00824-3,https://doi.org/10.1007/s00334-021-00824-3 SHORT COMMUNICATION  Contribution to the European Pollen Database in,Vegetation History and Archaeobotany,"Contribution to the European Pollen Database in Neotoma: a pollen diagram of Rokytecká slať mire, Bohemian Forest/Šumava (Czech Republic)",European Pollen Database
10.1080/02827581.2014.960893,"1972) and Lake Kansjön (Jacobson, unpublished, data extracted from the European Pollen Database). New",Scandinavian Journal of Forest Research,From broadleaves to spruce – the borealization of southern Sweden,European Pollen Database
10.1016/j.revpalbo.2010.06.014,"(the North American Pollen Database, n = 4833: Whitmore et al., 2005; European pollen database, n",Review of Palaeobotany and Palynology,Are pollen-based climate models improved by combining surface samples from soil and lacustrine substrates?,European Pollen Database
10.1016/j.tree.2011.09.009,"practices. Trends Ecol. Evol. 26, 61–65 73 Fyfe, R.M. et al. (2009) The European Pollen Database: past",Trends in Ecology & Evolution,Paleoecoinformatics: applying geohistorical data to ecological questions,European Pollen Database
10.1016/j.quascirev.2013.02.011,to the new record. We made use of data publicly available through the European Pollen Database (Fyfe,Quaternary Science Reviews,Environmental conditions in the SE Balkans since the Last Glacial Maximum and their influence on the spread of agriculture into Europe,European Pollen Database
10.1016/j.quascirev.2011.06.012,"red area) and fossil LGM (25e17 ka) records: triangles, pollen records (European Pollen Database (http://europeanpollendatabase.net/data/);",Quaternary Science Reviews,Applications of species distribution modeling to paleobiology,European Pollen Database
10.1016/j.quascirev.2015.01.013,"analysed, including the surface sample training set. Data has come from the European Pollen Database (EPD),",Quaternary Science Reviews,The climate of Europe during the Holocene: a gridded pollen-based reconstruction and its multi-proxy evaluation,European Pollen Database
10.1016/j.yqres.2015.03.006,"(Novenko et al., 2014). Modern surface samples were derived from the European Pollen Database (EPD)",Quaternary Research,"The Holocene paleoenvironmental history of central European Russia reconstructed from pollen, plant macrofossil, and testate amoeba analyses of the Klukva peatland, Tula region",European Pollen Database
10.1111/j.1466-8238.2012.00781.x,"BEMs with fossil pollen-based presence/absence data (obtained from the European Pollen Database, EPD;",Global Ecology and Biogeography,Landscape planning for the future: using fossil records to independently validate bioclimatic envelope models for economically valuable tree species in Europe,European Pollen Database
10.1080/00173134.2012.700728,"March 2017, At: 04:16   Grana, 2012; 51: 249–251  CONTRIBUTIONS TO THE EUROPEAN POLLEN DATABASE  16.",Grana,16. Poiana Ruscă Mountains (Romania): Peşteana peat bog,European Pollen Database
10.1080/00173131003780016,"2017, At: 08:13   Grana, 2010; 49: 154–156  SCGRA ONTRIBUTIONS TO THE EUROPEAN POLLEN DATABASE 11.",Grana,"11. Lake Orestiás (Kastoria, northern Greece)",European Pollen Database
10.1111/1365-2745.13077,approval for publication. DATA ACCESSIBILIT Y All data are deposited in the European Pollen Database (http://www.,Journal of Ecology,Ice cave reveals environmental forcing of long-term Pyrenean tree line dynamics,European Pollen Database
10.1016/j.revpalbo.2017.04.006,"2013) and the electronic data repositories Neotoma, PANGAEA, and the European Pollen Database. These",Review of Palaeobotany and Palynology,Holocene history of ‘non-native’ trees in Ireland,European Pollen Database
10.1007/s00334-010-0262-2,Sheila’s efforts to serve the scientiﬁc community with her commitment to the European Pollen Database (EPD),Vegetation History and Archaeobotany,Towards quantitative palynology: using pollen accumulation rates and models of pollen dispersal,European Pollen Database
10.1080/00173134.2017.1366547,2017 https://doi.org/10.1080/00173134.2017.1366547 CONTRIBUTIONS TO THE EUROPEAN POLLEN DATABASE 39.,Grana,"39. Las Lanchas, Toledo Mountains (central Spain)",European Pollen Database
10.1016/j.gloplacha.2015.08.004,"same P. oceanica mat core (López-Sáez et al., 2009) is available at the European Pollen Database. The",Global and Planetary Change,Glomalin accumulated in seagrass sediments reveals past alterations in soil quality due to land-use change,European Pollen Database
10.1016/0277-3791(95)00093-3,taxa from core LGM 90D. (The complete dataset has been deposited in the European Pollen Database at,Quaternary Science Reviews,"Vegetation history and palaeoclimate of the last glacial period at Lago Grande di Monticchio, Southern Italy",European Pollen Database
10.1016/j.quascirev.2006.06.007,"Pollen data The pollen data are derived from the sources we had access to: European Pollen Database (EPD,",Quaternary Science Reviews,Late Quaternary expansion of Norway spruce Picea abies (L.) Karst. in Europe according to pollen data,European Pollen Database
10.1016/j.revpalbo.2008.07.007,"The pollen data were retrieved from 208 pollen sequences, held in the European Pollen Database (the",Review of Palaeobotany and Palynology,Postglacial range expansion and its genetic imprints in Abies alba (Mill.) — A synthesis from palaeobotanic and genetic data,European Pollen Database
10.1029/eost2011EO06,"tools and visualizations, linking Neotoma to external databases (e.g., European Pollen Database, National","Eos, Transactions American Geophysical Union","Eos, Transactions, American Geophysical Union Volume 92, Number 6, 8 February 2011",European Pollen Database
10.1046/j.1365-294X.2003.01781.x,"study area [ J.-L. de Beaulieu (CNRS, Marseille) personal communication; European Pollen Database (EPD),",Molecular Ecology,Differential cycles of range contraction and expansion in European high mountain plants during the Late Quaternary: insights from Pritzelago alpina (L.) O. Kuntze (Brassicaceae),European Pollen Database
10.1111/j.1095-8339.2007.00666.x,"probably continuous, presence of eastern beech within its recent range (European Pollen Database [EPD];",Botanical Journal of the Linnean Society,Patterns of allozyme variation in western Eurasian Fagus,European Pollen Database
10.1016/j.quascirev.2013.07.011,sequences. The Lake Zeribar diagram is based on pollen data from the EPD (European Pollen Database). The,Quaternary Science Reviews,"Late Quaternary record of the vegetation and catchment-related changes from Lake Paravani (Javakheti, South Caucasus)",European Pollen Database
10.1016/j.quaint.2012.08.214,"OF EUROPEAN VEGETATION CHANGES OVER THE LAST 15,000 YEARS BASED ON THE EUROPEAN POLLEN DATABASE WITH",Quaternary International,"Patterns of European vegetation changes over the last 15,000 years based on the European Pollen Database with new chronologies",European Pollen Database
10.1007/s00334-019-00731-8,"analysis We collated an FPS database using several internet search engines (European Pollen Database, Web",Vegetation History and Archaeobotany,"Cannabis in Asia: its center of origin and early cultivation, based on a synthesis of subfossil pollen and archaeobotanical studies",European Pollen Database
10.1111/nph.14149,"2011), which should be preferred. All datasets are available from the European Pollen Database. YD,",New Phytologist,Did thermophilous trees spread into central Europe during the Late Glacial?,European Pollen Database
10.1080/00173134.2016.1145733,homepage: http://www.tandfonline.com/loi/sgra20 Contributions to the European Pollen Database. 31.,Grana,Contributions to the European Pollen Database. 31. Endinger Bruch ‘Hoher Birkengraben’ (NE Germany): from lake to carr,European Pollen Database
10.1080/00173134.2014.924990,"309–311, http://dx.doi.org/10.1080/00173134.2014.924990 CONTRIBUTIONS TO THE EUROPEAN POLLEN DATABASE  24.",Grana,24. Varna Lake (north-eastern Bulgaria): vegetation history and human impact during the last 8000 years,European Pollen Database
10.1080/00173130902965843,"2017, At: 03:41   Grana, 2009; 48: 235–237  SCGRA ONTRIBUTIONS TO THE EUROPEAN POLLEN DATABASE  7.",Grana,7. Mire Straldza (Southeastern Bulgaria): Late Holocene vegetation history,European Pollen Database
10.1007/s00334-003-0002-y,land pollen sums. Pollen nomenclature follows the recommendations of the European Pollen Database (Anon.,Vegetation History and Archaeobotany,Vegetation history of mid- to western Ireland in the 2nd millennium a.d.; fresh evidence from tephra-dated palynological investigations,European Pollen Database
10.1016/j.ppees.2012.07.001,"only selected pollen taxa, the full list of species was checked in the European Pollen Database (www.europeanpollendatabase.net),","Perspectives in Plant Ecology, Evolution and Systematics",Buxus in Europe: Late Quaternary dynamics and modern vulnerability,European Pollen Database
10.1016/j.palaeo.2015.08.024,"March 2009, Pangaea (Diepenbroek et al., 2002) state March 2009, and the European Pollen Database (EPD;","Palaeogeography, Palaeoclimatology, Palaeoecology",Pollen and macrofossils attributable to Fagopyrum in western Eurasia prior to the Late Medieval: An intercontinental mystery,European Pollen Database
10.1080/00173134.2011.573863,"March 2017, At: 03:15   Grana, 2011; 50: 162–164 CONTRIBUTIONS TO THE EUROPEAN POLLEN DATABASE 12.",Grana,12. Western Rhodopes Mountains (Bulgaria): peat bog Beliya Kanton,European Pollen Database
10.1080/00173134.2012.720707,"78–80, http://dx.doi.org/10.1080/00173134.2012.720707 CONTRIBUTIONS TO THE EUROPEAN POLLEN DATABASE 18.",Grana,"18. Lake Blatisto, Rhodopes Mountains (South Bulgaria)",European Pollen Database
10.1002/2016JG003715,"[Meyer-Jacob et al., 2015], Dragsjön, and Holtjärnen, 30 km NW [Giesecke,  2005; European Pollen Database, 2016].",Journal of Geophysical Research: Biogeosciences,Investigating molecular changes in organic matter composition in two Holocene lake-sediment records from central Sweden using pyrolysis-GC/MS,European Pollen Database
10.1016/j.quaint.2012.07.419,This analysis includes not only data from public databases such as the European Pollen Database (140,Quaternary International,"How do logging and fire affect soil stability? Insights from a 2000 years charcoal record in Southwestern Oregon, USA",European Pollen Database
10.1007/s00334-008-0206-2,Myrica gale. Other pollen nomenclature follows recommendations by the European Pollen Database (1992). A,Vegetation History and Archaeobotany,Land-use patterns and cultural change in the Middle to Late Bronze Age in Ireland: inferences from pollen records,European Pollen Database
10.1007/s00334-020-00814-x,"Archaeobot 23(Suppl 1):S647–S648 Rösch M, Wick L (2019a) Contributions to the European pollen database 41.",Vegetation History and Archaeobotany,"Intensification of agriculture in southwestern Germany between the Bronze Age and Medieval period, based on archaeobotanical data from Baden-Württemberg",European Pollen Database
10.1016/S0378-1127(98)00538-6,many types of data banks that have been established during recent years (European Pollen Database; Markova,Forest Ecology and Management,The palaeoecological approach to reconstructing former grazing–vegetation interactions,European Pollen Database
10.1111/j.1469-8137.2004.00982.x,"data from several hundred lake and mire cores, mostly retrieved from the European pollen database, were",New Phytologist,Symbiotic sequencing for the Populus mesocosm,European Pollen Database
10.1016/j.quaint.2012.08.700,distribution of post-glacial refugia was determined using pollen data from the European Pollen Database. According,Quaternary International,"Human and Climate influence on Floodplain Sedimentation in the Upper Little Tennessee River Valley, Southern Blue Ridge Mountains, USA",European Pollen Database
10.1016/j.earscirev.2018.08.007,"Tarasov, P.E., 2010. Pollen proﬁle KARASYE, Karase Lake, Kazakhstan. European Pollen Database (EPD),",Earth-Science Reviews,Holocene climate variations in the Altai Mountains and the surrounding areas: A synthesis of pollen records,European Pollen Database
10.1016/j.quaint.2012.03.057,"S., Marinova, E., Ivanov, D., Bozilova, E., 2011. Contributions to the European Pollen Database. 12.",Quaternary International,Holocene vegetation history in the Maramureş Mountains (Northern Romanian Carpathians),European Pollen Database
10.1016/j.quaint.2012.08.703,distribution of post-glacial refugia was determined using pollen data from the European Pollen Database. According,Quaternary International,Desert sand dune dynamics and preservation: chrono-stratigraphic records of Quaternary climate change,European Pollen Database
10.1016/S0277-3791(00)00150-5,"from the counting sheets into a PARADOX௡ relational database, using the European Pollen Database structure",Quaternary Science Reviews,Oxygen-isotope wiggle matching as a tool for synchronising ice-core and terrestrial records over Termination 1,European Pollen Database
10.1111/1365-2745.13134,largely overlap. Similar to the pollen data in large databases such as the European Pollen Database (Davis,Journal of Ecology,Patterns of modern pollen and plant richness across northern Europe,European Pollen Database
10.1080/00173134.2017.1329342,2017 https://doi.org/10.1080/00173134.2017.1329342 CONTRIBUTIONS TO THE EUROPEAN POLLEN DATABASE  37.,Grana,"37. Doda Pilii, Apuseni Mountains (Romania)",European Pollen Database
10.1016/S0378-1127(01)00646-6,"shifts in climate, whereas the * Corresponding author. Present address: European Pollen Database, Centre",Forest Ecology and Management,The spread of deciduous Quercus throughout Europe since the last glacial period,European Pollen Database
10.1111/j.1502-3885.2011.00240.x,References for additional sites used in Fig. 6. Sites taken from the European pollen database or,Boreas,"Younger Dryas cold stage vegetation patterns of central Europe - climate, soil and relief controls",European Pollen Database
10.1080/00173130903407571,"March 2017, At: 05:31   Grana, 2010; 49: 76–78  SCGRA ONTRIBUTIONS TO THE EUROPEAN POLLEN DATABASE 9.",Grana,"9. Flambouro, Pieria Mountains (northern Greece)",European Pollen Database
10.1016/j.gloplacha.2011.01.005,temporal changes in MAAT) can be estimated independently (e.g. by the European pollen database). A,Global and Planetary Change,A first evaluation of the spatial gradients in δ18O recorded by European Holocene speleothems,European Pollen Database
10.1016/j.revpalbo.2016.09.010,"Palaeobot. Palynol. 141, 33–49. De Klerk, P., 2016. Contributions to the European Pollen Database 31.",Review of Palaeobotany and Palynology,The enigma of the Diporotheca palynomorph,European Pollen Database
10.1080/00173134.2014.924989,homepage: http://www.tandfonline.com/loi/sgra20 Contributions to the European Pollen Database. 23.,Grana,"Contributions to the European Pollen Database. 23. Prados de Randulanda peat bog (Basque Country, Northern Iberian Peninsula, Spain)",European Pollen Database
10.1111/j.1502-3885.2000.tb01200.x,"Drilling Programme (ELDP). The raw pollen data are accessible from the European Pollen Database, Arles,",Boreas,"Palynological analyses in the laminated sediment of Lake Holzmaar (Eifel, Germany): duration of Lateglacial and Preboreal biozones",European Pollen Database
10.1016/j.quascirev.2016.11.022,supported EB's and IK's travel. Some of the pollen data came from the European Pollen Database (EPD;,Quaternary Science Reviews,Vegetation of Eurasia from the last glacial maximum to present: Key biogeographic patterns,European Pollen Database
10.1016/j.geobios.2006.12.002,"Clet, A.-M. Le´zine). Several present-day pollen spectra come from the European Pollen Database (author",Geobios,Messinian vegetation maps of the Mediterranean region using models and interpolated pollen data,European Pollen Database
10.1016/j.revpalbo.2007.08.003,"cover. Acknowledgements Several modern pollen floras have been provided by the European Pollen Database, some",Review of Palaeobotany and Palynology,A contribution to deciphering the meaning of AP/NAP with respect to vegetation cover,European Pollen Database
10.1016/S0031-0182(00)00032-8,presented ( Fig. 3) and the complete pollen record is available from the European Pollen Database housed,"Palaeogeography, Palaeoclimatology, Palaeoecology","Middle Pleistocene deposits at La Côte, Val-de-Lans, Isère department, France: plant macrofossil, palynological and fossil insect investigations",European Pollen Database
10.1016/j.quascirev.2014.12.004,ECCOREV. Consultation of original pollen data was rendered possible by the European Pollen Database (M.,Quaternary Science Reviews,Lateglacial/Holocene environmental changes in the Mediterranean Alps inferred from lacustrine sediments,European Pollen Database
10.1016/j.quascirev.2011.07.024,large-scale study of age-depth modelling for 111 cores taken from the European Pollen Database (http://www.europeanpollendatabase.net/).,Quaternary Science Reviews,"A review of statistical chronology models for high-resolution, proxy-based Holocene palaeoenvironmental reconstruction",European Pollen Database
10.1016/j.quaint.2012.08.217,"OF EUROPEAN VEGETATION CHANGES OVER THE LAST 15,000 YEARS BASED ON THE EUROPEAN POLLEN DATABASE WITH",Quaternary International,"Domestic Plants, Climate and Human Diet in Transitions: Stable Isotopes Trends in the Late Holocene Southern Andes",European Pollen Database
10.1111/j.1469-8137.2004.00991.x,"data from several hundred lake and mire cores, mostly retrieved from the European pollen database, were",New Phytologist,Symbiotic signaling: new functions for familiar proteins,European Pollen Database
10.1111/j.1469-8137.2004.00989.x,"data from several hundred lake and mire cores, mostly retrieved from the European pollen database, were",New Phytologist,Genotypic control and environmental plasticity ? foliar physiognomy and paleoecology,European Pollen Database
10.1111/j.1365-2699.2007.01803.x,listed by Magri et al. (2006). They have partly been extracted from the European Pollen Database and,Journal of Biogeography,Patterns of post-glacial spread and the extent of glacial refugia of European beech (Fagus sylvatica),European Pollen Database
10.1007/s00334-015-0545-8,with other proxies. A full dataset of pollen counts is available on the European Pollen Database (http://www.europeanpollendatabase.net/),Vegetation History and Archaeobotany,"Olive cultivation in the heart of the Persian Achaemenid Empire: new insights into agricultural practices and environmental changes reflected in a late Holocene pollen record from Lake Parishan, SW Iran",European Pollen Database
10.1080/00173134.2017.1339733,2017 https://doi.org/10.1080/00173134.2017.1339733 CONTRIBUTIONS TO THE EUROPEAN POLLEN DATABASE  38.,Grana,"38. Peat bog Vapsko-1, Rila mountains (Bulgaria)",European Pollen Database
10.1016/j.quaint.2009.09.005,"databases of sub-fossil pollen assemblages are available for use, such as the European Pollen Database (Fyfe",Quaternary International,Pushing the boundaries of data? Issues in the construction of rich visual past landscapes,European Pollen Database
10.1016/j.revpalbo.2008.08.007,"environments of Spain. Rev. Palaeobot. Palynol.120, 217–232. Cheddadi, R., 2002. European Pollen Database. IGBP",Review of Palaeobotany and Palynology,"Characteristics of the modern pollen distribution and their relationship to vegetation in the Xinjiang region, northwestern China",European Pollen Database
10.1016/j.palaeo.2007.09.015,"Nomenclature of pollen and spore types follows the conventions of the EPD (European Pollen Database, Arles,","Palaeogeography, Palaeoclimatology, Palaeoecology","The role of pingos in the development of the Dzhangyskol lake–pingo complex, central Altai Mountains, southern Siberia",European Pollen Database
10.1080/00173134.2012.716078,"March 2017, At: 02:42   Grana, 2012; 51: 318–320  CONTRIBUTIONS TO THE EUROPEAN POLLEN DATABASE 17.",Grana,17. Lake Skakavitsa (Bulgaria): Late Holocene vegetation dynamics in north-western Rila Mountains,European Pollen Database
10.1016/j.quaint.2012.08.213,"OF EUROPEAN VEGETATION CHANGES OVER THE LAST 15,000 YEARS BASED ON THE EUROPEAN POLLEN DATABASE WITH",Quaternary International,A Half-Million Year Geochemical Record of Climate from Cariaco Basin,European Pollen Database
10.1111/geb.12090,"possible through their contribution to the Global Charcoal Database and the European Pollen Database, and",Global Ecology and Biogeography,Exploring potential drivers of European biomass burning over the Holocene: a data-model analysis,European Pollen Database
10.1016/j.quascirev.2018.08.015,"species (van Proosdij et al., 2015). Paleoecological archives, such as the European Pollen Database (http://www.europeanpollendatabase.net),",Quaternary Science Reviews,Spatial sampling bias in the Neotoma paleoecological archives affects species paleo-distribution models,European Pollen Database
10.1007/BF00202021,pollen has been counted per sample. The raw data may be consulted in the European Pollen Database or,Vegetation History and Archaeobotany,"Reconstruction of Middle Pleistocene palaeoenvironments based on pollen and stable isotope investigations at Val-de-Lans, Isère, France",European Pollen Database
10.1007/BF01146193,pollen taxonomy and nomenclature (Fig. 5) follow those adopted by the European Pollen Database (Galliard,Vegetation History and Archaeobotany,Pollen-landscape relationships in modern analogues of ancient cultural landscapes in southern Sweden ? a first step towards quantification of vegetation openness in the past,European Pollen Database
10.1007/s00334-007-0119-5,available in the literature (Table 1). Data were either extracted from the European Pollen Database (EPD,Vegetation History and Archaeobotany,"Detection of the impact of early Holocene hunter-gatherers on vegetation in the Czech Republic, using multivariate analysis of pollen data",European Pollen Database
10.1007/s00334-012-0353-3,"peat-bogs, marine cores) was later on successfully incorporated into the European pollen database where",Vegetation History and Archaeobotany,A tribute to Prof. DSc Elissaveta Bozilova on the occasion of her 80th birthday,European Pollen Database
10.1007/s00334-014-0446-2,"nomenclature, was harmonised using the same procedure as the one used in the European pollen database (http://pollen.cerege.fr/fpd-epd/).",Vegetation History and Archaeobotany,The history of early cereal cultivation in northernmost Fennoscandia as indicated by palynological research,European Pollen Database
10.1007/s00334-020-00796-w,"doi.org/10.1017/97813​16686​942.013 Fyfe RM, de Beaulieu J-L, Binney H et al (2009) The European Pollen Database: past",Vegetation History and Archaeobotany,The environment they lived in: anthropogenic changes in local and regional vegetation composition in eastern Fennoscandia during the Neolithic,European Pollen Database
10.1007/s00334-021-00844-z,"Pollen Database (ALPADABA) and will be made publicly available on the European Pollen Database (EPD,",Vegetation History and Archaeobotany,"Holocene vegetation, fire and land use dynamics at Lake Svityaz, an agriculturally marginal site in northwestern Ukraine",European Pollen Database
10.1080/17550874.2019.1646831,"further, particularly with the extensive data-sets now available in the European Pollen Database (Giesecke",Plant Ecology & Diversity,Contributions of Quaternary botany to modern ecology and biogeography,European Pollen Database
10.1016/S0034-6667(99)00056-1,genesis for archaeological deposits. Contributing pollen records to the European Pollen Database available,Review of Palaeobotany and Palynology,Evaluation of Holocene pollen records from the Romanian Plain,European Pollen Database
10.1029/2010JG001458,records from northern Asia are available in the Neotoma database and the European Pollen Database (http://www.europeanpollendatabase.net).,Journal of Geophysical Research,Late Quaternary variations in tree cover at the northern forest-tundra ecotone,European Pollen Database
10.1016/j.ecocom.2014.09.005,"includes more than 600 Holocene pollen records that are compiled from the European Pollen Database, various",Ecological Complexity,Creating spatially continuous maps of past land cover from point estimates: A new statistical approach applied to pollen data,European Pollen Database
10.1016/j.quaint.2012.02.050,sources for this study. Pollen records from 21 sites were provided from the European Pollen Database (EPD).,Quaternary International,Reconstruction of late Glacial and Early Holocene near surface temperature anomalies in Europe and their statistical interpretation,European Pollen Database
10.1016/j.quaint.2015.09.029,"different (see comparison in Fig. 7B) to the chronology presented by the European Pollen Database (EPD,",Quaternary International,Reviewing the Lateglacial–Holocene transition in NW Iberia: A palaeoecological approach based on the comparison between dissimilar regions,European Pollen Database
10.1016/j.ecolmodel.2015.05.035,obtained paleorecords for the mid-Holocene in Spain (Fig. 1) from the European Pollen Database (2007-2015),Ecological Modelling,Impact of model complexity on cross-temporal transferability in Maxent species distribution models: An assessment using paleobotanical data,European Pollen Database
10.1007/s00334-005-0072-0,referee are thanked for their helpful comments References Anon. (1992). European Pollen Database. List,Vegetation History and Archaeobotany,The vegetation history of monastic and secular sites in the midlands of Ireland over the last two millennia,European Pollen Database
10.1016/j.quascirev.2018.11.012,"John Tibby, Romola Parish, Jamie Merrick, David Twigg and Liz Hunt. The European Pollen Database and",Quaternary Science Reviews,"Comparing pollen and archaeobotanical data for Chalcolithic cereal agriculture at Çatalhöyük, Turkey",European Pollen Database
10.1080/00173134.2012.745596,"238–240, http://dx.doi.org/10.1080/00173134.2012.745596 CONTRIBUTIONS TO THE EUROPEAN POLLEN DATABASE  19.",Grana,"19. Mire Kupena, Western Rhodopes Mountains (South Bulgaria)",European Pollen Database
10.1016/j.ancene.2017.11.003,"clearance in Europe (Fyfe et al., 2015). (A) Locations of cores from the European pollen database used",Anthropocene,Geographic evidence of the early anthropogenic hypothesis,European Pollen Database
10.1080/00173134.2019.1584239,2019 https://doi.org/10.1080/00173134.2019.1584239 CONTRIBUTIONS TO THE EUROPEAN POLLEN DATABASE 45.,Grana,"45. Zugspitzplatt, Wetterstein Mountains (Germany)",European Pollen Database
10.1111/gcb.14733,for‐ est cover in Fyfe et al. (2015) were generated using data from the European Pollen Database (Fyfe,Global Change Biology,Adapt or die—Response of large herbivores to environmental changes in Europe during the Holocene,European Pollen Database
10.1006/qres.1998.2023,"LateGlacial pollen data is digitally available from databases (e.g., European Pollen Database) and",Quaternary Research,Mean July Temperatures during the Younger Dryas in Northwestern and Central Europe as Inferred from Climate Indicator Plant Species,European Pollen Database
10.1016/0031-0182(96)85045-0,for more than 2 5%. The data given in this book are a selection. The European Pollen Database has,"Palaeogeography, Palaeoclimatology, Palaeoecology","Evaluation of land surfaces cleared from forests in the Roman Iron age and the time of migrating germanic tribes based on regional pollen diagrams By Burkhard Frenzel (Editor), (Paläoklimaforschung, 12: Special issue: ESF Project, European Palaeoclimate and Man 7). Gustav Fischer, Stuttgart, 1994, 134pp. ISBN 3-437-30764-9/US-ISBN 1-56081-382-2/ISSN 0930-4673",European Pollen Database
10.1016/j.quascirev.2014.01.011,143 275 111 114 175  6 5 Laminated 6 13 10  EPD ¼ data available in the European Pollen Database (http://www.europeanpollendatabase.net/).  References Heikkilä,Quaternary Science Reviews,Reconstructing palaeoclimatic variables from fossil pollen using boosted regression trees: comparison and synthesis with other quantitative reconstruction methods,European Pollen Database
10.1016/j.quascirev.2006.12.009,be well constrained. According to the most recent study based on the European Pollen Database (Brewer,Quaternary Science Reviews,Vegetation dynamics in southern France during the last 30kyBP in the light of marine palynology,European Pollen Database
10.1016/j.quascirev.2005.03.005,"Wisconsin and Michigan, USA. Ecology 69, 941–955. Cheddadi, E., 2002. European pollen database. IGBP",Quaternary Science Reviews,Modern pollen data from North America and Greenland for multi-scale paleoenvironmental applications,European Pollen Database
10.1016/j.quaint.2012.08.699,distribution of post-glacial refugia was determined using pollen data from the European Pollen Database. According,Quaternary International,Spatial and temporal distribution pattern of Norway Spruce (Picea abies) during the Holocene,European Pollen Database
10.1111/j.1365-2486.2011.02388.x,"(pollen data from Kansjo¨ n, Sweden; 57.61N, 14.51E), obtained from the European Pollen Database: http://",Global Change Biology,When the pond turtle followed the reindeer: effect of the last extreme global warming event on the timing of faunal change in Northern Europe,European Pollen Database
10.1029/2005JD006167,"Oulu, Finland. Pollen morphological nomenclature follows that of the EPD (European Pollen Database). Algae",Journal of Geophysical Research,"Assessing source areas of pollutants from studies of fly ash, charcoal, and pollen from Svalbard snow and ice",European Pollen Database
10.1016/j.quaint.2012.07.420,This analysis includes not only data from public databases such as the European Pollen Database (140,Quaternary International,The beginning of Quaternary in the Italian peninsula: a sedimentary record of climatic/tectonic interaction,European Pollen Database
10.1111/j.1469-8137.2004.00987.x,"data from several hundred lake and mire cores, mostly retrieved from the European pollen database, were",New Phytologist,Ancient DNA ? unlocking plants? fossil secrets,European Pollen Database
10.1111/j.1469-8137.2004.00988.x,"data from several hundred lake and mire cores, mostly retrieved from the European pollen database, were",New Phytologist,Remote control ? cell and organ communication within plants,European Pollen Database
10.1007/s00334-013-0404-4,reliable in all the available well-dated fossil pollen records from the European Pollen Database (EPD;,Vegetation History and Archaeobotany,"Revisiting tree-migration rates: Abies alba (Mill.), a case study",European Pollen Database
10.1080/00173134.2011.565940,"in situ spores and pollen. Since 2007, GRANA has collaborated with the European Pollen Database (EPDB)",Grana,Editorial,European Pollen Database
10.1080/00173134.2014.936490,"315–317, http://dx.doi.org/10.1080/00173134.2014.936490 CONTRIBUTIONS TO THE EUROPEAN POLLEN DATABASE  26.",Grana,"26. Valdeyernos, Toledo Mountains (central Spain)",European Pollen Database
10.1080/00173130902759816,"22 March 2017, At: 04:16   Grana, 2009; 48: 77–78 CONTRIBUTIONS TO THE EUROPEAN POLLEN DATABASE 5.",Grana,"5. Kožlí (S. Bohemia, Czech Republic)",European Pollen Database
10.1007/s00334-004-0041-z,"Bollettino della Società Ticinese di Scienze Naturali, 80, 105–114 EPD (2003). European Pollen Database (http://ftp.ngdc.noaa.gov/",Vegetation History and Archaeobotany,Quaternary refugia of the sweet chestnut (Castanea sativa Mill.): an extended palynological approach,European Pollen Database
10.1080/10292389409380482,"personal and access of the raw data should be ensured by storing them in the European Pollen Database, in",Historical Biology,Foreword,European Pollen Database
10.1080/00173134.2017.1282009,http://dx.doi.org/10.1080/00173134.2017.1282009 CONTRIBUTIONS TO THE EUROPEAN POLLEN DATABASE 34.,Grana,34. Carwitzer See (north-eastern Germany): regional vegetation development during the past 7000 years,European Pollen Database
10.1016/j.chemgeo.2004.11.016,"Berlin, pp. 307 – 321. Regne´ll, J., 1997. Pollen data Agerfds Mosse. European Pollen Database. Rolff,",Chemical Geology,"Terrigenous organic matter in Holocene sediments from the central Baltic Sea, NW Europe",European Pollen Database
10.1016/j.revpalbo.2006.09.004,"this network, APD is closely linked to its European counterpart, the European Pollen Database (EPD;",Review of Palaeobotany and Palynology,African pollen database inventory of tree and shrub pollen types,European Pollen Database
10.1016/j.quascirev.2009.04.016,"based upon a Site-Entity-Sample structure, similar to that used by the European  Pollen Database (http://www.europeanpollendatabase.net/).",Quaternary Science Reviews,The distribution of late-Quaternary woody taxa in northern Eurasia: evidence from a new macrofossil database,European Pollen Database
10.1890/12-2231.1,"sites, which are not yet included in paleoecological databases such as the European Pollen Database (EPD).",Ecological Monographs,The past ecology of Abies alba provides new perspectives on future responses of silver fir forests to global warming,European Pollen Database
10.1080/00173134.2016.1146329,homepage: http://www.tandfonline.com/loi/sgra20 Contributions to the European Pollen Database. 32.,Grana,Contributions to the European Pollen Database. 32. Endinger Bruch EB25 (NE Germany): from fen to bog,European Pollen Database
10.1016/j.quascirev.2016.01.009,"presented in Table 1 and Fig. 1. Source: Izdebski et al., 2015. Data: European Pollen Database.  pine",Quaternary Science Reviews,Climate variability and socio-environmental changes in the northern Aegean (NE Mediterranean) during the last 1500 years,European Pollen Database
10.1080/00173134.2013.768700,"316–318, http://dx.doi.org/10.1080/00173134.2013.768700 CONTRIBUTIONS TO THE EUROPEAN POLLEN DATABASE  20.",Grana,"20. Culazón, Cantabrian Mountains (northern Spain)",European Pollen Database
10.1080/00173134.2014.927916,"312–314, http://dx.doi.org/10.1080/00173134.2014.927916 CONTRIBUTIONS TO THE EUROPEAN POLLEN DATABASE  25.",Grana,"25. Mire Gyola, Belasitsa Mountain (south-western Bulgaria)",European Pollen Database
10.1080/11263504.2015.1011723,"reliable discrimination between A. alba and A. cephalonica is not possible, European Pollen Database (EPD)",Plant Biosystems - An International Journal Dealing with all Aspects of Plant Biology,Natural hybridization in eastern-Mediterranean firs: The case of Abies borisii-regis,European Pollen Database
10.1016/j.quaint.2012.08.701,distribution of post-glacial refugia was determined using pollen data from the European Pollen Database. According,Quaternary International,The Lleyn Peninsula: A Bed of Controversy,European Pollen Database
10.1111/1365-2745.12365,number 787.0599. Data accessibility Fossil pollen accumulation rates: European Pollen Database. Chironomid-based,Journal of Ecology,The relative importance of biotic and abiotic processes for structuring plant communities through time,European Pollen Database
10.1080/14614103.2017.1283765,"(Figure 1(b)), or sites are represented on regional databases, e.g. the European Pollen Databases (Figure",Environmental Archaeology,From Rackham to REVEALS: Reflections on Palaeoecological Approaches to Woodland and Trees,European Pollen Database
10.1080/17550870802331938,"e.g. at Loras (410 m a.s.l.) in the French Department Isére (Clerc 1988; European Pollen Database, http://www.europeanpollendatabase.net).",Plant Ecology & Diversity,Causes of the genetic architecture of south-west European high mountain disjuncts,European Pollen Database
10.1111/jvs.12569,"been published, but all the data sets will soon be available from the European Pollen Database (EPD)",Journal of Vegetation Science,Are diversity trends in western Scandinavia influenced by post-glacial dispersal limitation?,European Pollen Database
10.1111/j.1469-8137.2006.01740.x,pollen and macrofossils. The pollen data in part were extracted from the European Pollen Database (EPD;,New Phytologist,A new scenario for the Quaternary history of European beech populations: palaeobotanical evidence and genetic consequences,European Pollen Database
10.1016/S0304-3800(99)00219-7,"provided the Biome 3 model code. We obtained the 18 ka samples from the European Pollen Database (EPD). References Atkinson,",Ecological Modelling,Inverse vegetation modeling by Monte Carlo sampling to reconstruct palaeoclimates under changed precipitation seasonality and CO2 conditions: application to glacial climate in Mediterranean region,European Pollen Database
10.1016/j.quascirev.2015.10.042,(Fig. A.4). For Lake Lerna we used the age-depth model provided by the European Pollen Database (http://www.europeanpollendatabase.net).,Quaternary Science Reviews,The socio-environmental history of the Peloponnese during the Holocene: Towards an integrated understanding of the past,European Pollen Database
10.1080/00173134.2014.962078,"82–84, http://dx.doi.org/10.1080/00173134.2014.962078 CONTRIBUTIONS TO THE EUROPEAN POLLEN DATABASE  27.",Grana,"27. Fuente del Vaquero peat bog (Basque Country, Northern Iberian Peninsula, Spain)",European Pollen Database
10.1111/j.1365-2699.2011.02671.x,improving the manuscript. Pollen data will be made available within the European Pollen Database.  CONCLUSIONS On,Journal of Biogeography,The ecological impact of oceanic island colonization - a palaeoecological perspective from the Azores,European Pollen Database
10.1007/s00334-004-0049-4,and macrofossil data. More than 208 pollen sequences available in the European Pollen Database (EPD),Vegetation History and Archaeobotany,The spread of Abies throughout Europe since the last glacial period: combined macrofossil and pollen data,European Pollen Database
10.1007/s00334-019-00762-1,"edn. Wiley, Chichester Fărcaş S, Tanţău I (2012) Contributions to the European pollen database: 16.",Vegetation History and Archaeobotany,"Palaeoecological evidence from buried topsoils and colluvial layers at the Bronze Age fortification Corneşti-Iarcuri, SW Romania: results from palynological, sedimentological, chronostratigraphical and plant macrofossil analyses",European Pollen Database
10.1007/s00334-021-00838-x,first standardized according to the accepted pollen type names of the European Pollen Database (Giesecke,Vegetation History and Archaeobotany,Influence of taxonomic resolution on the value of anthropogenic pollen indicators,European Pollen Database
10.1016/j.quaint.2012.04.006,"Sögüt, Urmia lakes, and Karamık Bataklıgı (swamp) have been obtained from European Pollen Database (EPD)",Quaternary International,Vegetation and climate of Anatolia and adjacent regions during the Last Glacial period,European Pollen Database
10.1016/j.palaeo.2016.05.025,"Scottish Palaeoecological Archive Database (Coles et al., 1998) and the European Pollen Database (Fyfe","Palaeogeography, Palaeoclimatology, Palaeoecology",A meta-database of peatland palaeoecology in Great Britain,European Pollen Database
10.1016/j.quaint.2012.07.418,This analysis includes not only data from public databases such as the European Pollen Database (140,Quaternary International,Records of biomass burning in tropical ecosystems: linking biotic and climatic changes in East Africa over the last 4000 years,European Pollen Database
10.1016/j.quascirev.2014.06.003,"CNCS for writing up this manuscript. We thank to all contributors to the European Pollen Database.  References Ampel,",Quaternary Science Reviews,Climate variability and associated vegetation response throughout Central and Eastern Europe (CEE) between 60 and 8 ka,European Pollen Database
10.1002/2017JA024148,[2003] observed depletions of the protons ﬂuxes (80–200 keV) in Galileo European Pollen Database measurements,Journal of Geophysical Research: Space Physics,Survey of Voyager Plasma Science Ions III: Protons and Minor Ions,European Pollen Database
10.1080/00173130903155592,"2017, At: 07:07   Grana, 2009; 48: 316–318  SCGRA ONTRIBUTIONS TO THE EUROPEAN POLLEN DATABASE 8.",Grana,8. Mount Voras (north-west Greece),European Pollen Database
10.1080/00173130701526499,http://www.tandfonline.com/loi/sgra20 Collaboration between Grana and the European Pollen Database Richard,Grana,Collaboration between Grana and the European Pollen Database,European Pollen Database
10.1016/j.palaeo.2009.07.013,"et al., 1967–2001), and pollen taxonomy the established rules for the European Pollen Database (http://www.europeanpollendatabase.net/). 4.","Palaeogeography, Palaeoclimatology, Palaeoecology","A continuous record of fire covering the last 10,500 calendar years from southern Sweden — The role of climate and human activities",European Pollen Database
10.1016/S0033-5894(02)00016-9,"Perez-Obiol, and G. van Reenen. Data for Lake Nero were obtained from the European Pollen Database. K.",Quaternary Research,"European vegetation during Marine Oxygen Isotope Stage-3☆☆This paper is a contribution from the Stage-3 Project (see van Andel, 2002). For membership, publications, and archaeological and mammalian databases, visit the Stage-3 Project website at: http://www.esc.cam.ac.uk/oistage3/Details/Homepage.html.",European Pollen Database
10.1006/qres.1997.1922,spores except Sphagnum (the complete pollen data may be accessed via the European Pollen Database). Pollen,Quaternary Research,Termination of the Last Glaciation in the Iberian Peninsula Inferred from the Pollen Sequence of Quintanar de la Sierra,European Pollen Database
10.1016/S0034-6667(98)00026-8,"please take note of what palynology can tell you. References Anon, 1992. European Pollen Database. List",Review of Palaeobotany and Palynology,Recent landscape change and landscape restoration in Northern Ireland; a tephra-dated pollen study,European Pollen Database
10.1016/j.quascirev.2014.02.013,study uses pollen records from eighteen target sites obtained from the European Pollen Database (Fyfe,Quaternary Science Reviews,Holocene changes in vegetation composition in northern Europe: why quantitative pollen-based vegetation reconstructions matter,European Pollen Database
10.1016/j.quascirev.2013.05.014,"LANDCLIM project (Gaillard et al., 2010), including data from the pan-European pollen database (EPD:",Quaternary Science Reviews,The Holocene vegetation cover of Britain and Ireland: overcoming problems of scale and discerning patterns of openness,European Pollen Database
10.1016/j.quaint.2012.07.416,This analysis includes not only data from public databases such as the European Pollen Database (140,Quaternary International,The climate and vegetation of the Mediterranean region at 6 ka BP,European Pollen Database
10.1080/00173134.2019.1583278,2019 https://doi.org/10.1080/00173134.2019.1583278 CONTRIBUTIONS TO THE EUROPEAN POLLEN DATABASE  44.,Grana,"44. Peat bog Vapsko-2, Rila Mountains (Bulgaria)",European Pollen Database
10.1016/S0764-4469(00)80039-6,"was therefore established between ICB and IMEP, in connection with the European Pollen Database, to",Comptes Rendus de l'Académie des Sciences - Series III - Sciences de la Vie,First 14C datings of Late Glacial and Holocene pollen sequences from Romanian Carpathes,European Pollen Database
10.1002/2015RG000503,early forest clearance and settlement. (a) Locations of cores in the European pollen database. Cores,Reviews of Geophysics,Late Holocene Climate: Natural or Anthropogenic?,European Pollen Database
10.1007/BF00206920,"archaeological database (ARCHIS), the national botanical database (BBR) and the European Pollen Database (EPD).",Vegetation History and Archaeobotany,"RADAR, a relational archaeobotanical database for advanced research",European Pollen Database
10.1007/s00334-009-0215-9,(2009) 18:417–424 DOI 10.1007/s00334-009-0215-9 SHORT COMMUNICATION The European Pollen Database: past,Vegetation History and Archaeobotany,The European Pollen Database: past efforts and current activities,European Pollen Database
10.1007/s00334-013-0418-y,Russia and Siberia (Fig. 1). Modern surface samples were derived from the European Pollen Database (EPD),Vegetation History and Archaeobotany,"Reconstruction of Holocene vegetation, tree cover dynamics and human disturbances in central European Russia, using pollen and satellite data sets",European Pollen Database
10.1007/BF01182848,components of the C cycle. Better data will soon be available from the European Pollen Database. For,"Water, Air, and Soil Pollution",Temporal and spatial variations of terrestrial biomes and carbon storage since 13 000 yr BP in Europe: Reconstruction from pollen data and statistical models,European Pollen Database
10.1016/S0277-3791(03)00173-2,"Africa and Europe west of the Urals. This was based on data from the European Pollen Database (EPD),",Quaternary Science Reviews,The temperature of Europe during the Holocene reconstructed from pollen data,European Pollen Database
10.1111/1365-2745.12354,"are deposited in the Alpine Palynological Database (ALPADABA) and the European Pollen Database (http://www.europeanpollendatabase.net). References Ali,",Journal of Ecology,Early human impact (5000-3000 BC) affects mountain forest dynamics in the Alps,European Pollen Database
10.1002/ece3.1198,and pollen taxa follow Flora Europaea (Tutin et al. 1964– 1980) and the European Pollen Database (Giesecke,Ecology and Evolution,Historical land-use and landscape change in southern Sweden and implications for present and future biodiversity,European Pollen Database
10.1111/j.1365-2699.2007.01754.x,diagrams. A more recent analysis based on the larger number of sites in the European Pollen Database (EPD;,Journal of Biogeography,Glacial refugia for summer-green trees in Europe and south-west Asia as proposed by ECHAM3 time-slice atmospheric model simulations,European Pollen Database
10.1111/j.1365-2699.2006.01665.x,"of these studies are not computerized in pollen data bases such as the European Pollen Database (EPD),",Journal of Biogeography,Post-glacial migration of silver fir (Abies alba Mill.) in the south-western Alps,European Pollen Database
10.1111/j.1654-1103.2004.tb02316.x,corresponding to palynological taxa recorded more than 50 times in the European Pollen Database (http://,Journal of Vegetation Science,Refining vegetation simulation models: From plant functional types to bioclimatic affinity groups of plants,European Pollen Database
10.1080/00173134.2016.1276210,studied in southern northwest European Russia are available from the European Pollen Database to,Grana,A 6500-year pollen record from the Polistovo-Lovatskaya Mire System (northwest European Russia). Vegetation dynamics and signs of human impact,European Pollen Database
10.1111/gcb.12737,"of pollen records (Ireland, Norway, Estonia) and databases, i.e. the European Pollen Database (EPD)",Global Change Biology,Pollen-based quantitative reconstructions of Holocene regional vegetation cover (plant-functional types and land-cover types) in Europe suitable for climate modelling,European Pollen Database
10.1111/jbi.12657,"species with available fossil records at the LGM (Dryas octopetala from the European pollen database, Binney",Journal of Biogeography,Past climate-driven range shifts and population genetic diversity in arctic plants,European Pollen Database
10.1080/00173134.2018.1484947,2018 https://doi.org/10.1080/00173134.2018.1484947 CONTRIBUTIONS TO THE EUROPEAN POLLEN DATABASE 42.,Grana,"42. Lake Banyoles SB2 core (Girona, north-eastern Iberia, Spain)",European Pollen Database
10.1016/S1040-6182(00)00108-7,"compilation of the data from over 250 pollen diagrams, use was made of the European Pollen Database structure.",Quaternary International,Erratum to Quaternary International Vol. 63/64 [Journal of Quaternary International 63/64 (1–170)…],European Pollen Database
10.1111/j.1600-0587.1999.tb00454.x,1 cells in 5 x 5 km squares. Thirty-three woody taxa trom the entire European Pollen Database were,Ecography,Danish forest development during the last 3000 years reconstructed from regional pollen data,European Pollen Database
10.1111/j.1365-2699.2009.02261.x,"1987), 929   E. K. Magyari et al. Stav (Bezusko, 1973); data from the European Pollen Database], indicating",Journal of Biogeography,Holocene persistence of wooded steppe in the Great Hungarian Plain,European Pollen Database
10.1016/j.gloplacha.2007.08.017,"Garbolino for vegetation data from SOPHY database (http://sophy.u-3mrs.fr/), European Pollen Database (http://medias.meteo.fr/paleo/epd/",Global and Planetary Change,European bioclimatic affinity groups: Data-model comparisons,European Pollen Database
10.1111/j.1365-2745.2004.00964.x, (Roberts 1998) provides the upper time limit for the data set. The European Pollen Database (http://wdc.obsmip.fr/palaeo/epd/),Journal of Ecology,How open were European primeval forests? Hypothesis testing using palaeoecological data,European Pollen Database
10.1029/2011EO060003,"tools and visualizations, linking Neotoma to external databases (e.g., European Pollen Database, National","Eos, Transactions American Geophysical Union",Charles Bachman Moore (1920–2010),European Pollen Database
10.1016/j.gloplacha.2017.02.012,Foundation 19434/PI/14. Pollen data will be freely available through the European Pollen Database (www.,Global and Planetary Change,Land-use history as a major driver for long-term forest dynamics in the Sierra de Guadarrama National Park (central Spain) during the last millennia: implications for forest conservation and management,European Pollen Database
10.1080/00173130903435846,"March 2017, At: 03:51   Grana, 2010; 49: 79–81  SCGRA ONTRIBUTIONS TO THE EUROPEAN POLLEN DATABASE  10.",Grana,10. Na Bahně (Czech Republic): Vegetation development over the last 2.5 millennia in the Eastern Bohemian lowland,European Pollen Database
10.1080/00173139609429088,material and explains how this has played an important role in launching the European Pollen Database (EPD).,Grana,Book Review,European Pollen Database
10.1080/00173130801987740,"22 March 2017, At: 03:52   Grana, 2008; 47: 78–79 CONTRIBUTIONS TO THE EUROPEAN POLLEN DATABASE 2.",Grana,"2. Loch Laxford (north‐west Scotland, UK)",European Pollen Database
10.1016/j.revpalbo.2011.06.004,"data, Peyron et al., 1998) and 300 samples of varying origin from the European Pollen Database (Laurent",Review of Palaeobotany and Palynology,Exploring pollen percentage threshold values as an indication for the regional presence of major European trees,European Pollen Database
10.1016/S0277-3791(01)00152-4,"regions of North Africa are not included, as these are archived in the European Pollen Database (EPD);",Quaternary Science Reviews,Modern climate–vegetation–pollen relations in Africa and adjacent areas,European Pollen Database
10.1080/11263504.2014.992998,"Hellen J Geosci 43: 29–39. Kouli K, Dermitzakis MD. 2010. Contributions to European Pollen Database: Lake",Plant Biosystems - An International Journal Dealing with all Aspects of Plant Biology,"Plant landscape and land use at the Neolithic lake settlement of Dispilió (Macedonia, northern Greece)",European Pollen Database
10.1080/00173134.2016.1271824,http://dx.doi.org/10.1080/00173134.2016.1271824 CONTRIBUTIONS TO THE EUROPEAN POLLEN DATABASE 33.,Grana,"33. Verdeospesoa mire (Basque Country, Northern Iberian Peninsula, Spain)",European Pollen Database
10.1111/gcb.13075,from the Alpine Pollen Database of University of Bern (ALPADABA) and the European Pollen Database (EPD),Global Change Biology,Past and future evolution of Abies alba forests in Europe - comparison of a dynamic vegetation model with palaeo data and observations,European Pollen Database
10.1007/s00334-015-0515-1,"publications and potential sources of data; for example, a search on the European Pollen Database (1st",Vegetation History and Archaeobotany,A meta-database of Holocene sediment cores for England,European Pollen Database
10.1111/jbi.12974,modelling studies. Location Europe. Methods We use pollen data from the European Pollen Database (EPD),Journal of Biogeography,"Patterns and dynamics of European vegetation change over the last 15,000 years",European Pollen Database
10.1016/j.ancene.2023.100369,radiocarbon-dating quality. The pollen datasets partly derive from the European Pollen Database (Leydet,Anthropocene,Agricultural systems regulate plant and insect diversity and induce ecosystem novelty,European Pollen Database
10.1016/j.quascirev.2017.09.011,"Woldring, Alexander Kabelindde, Fayrouz Ibrahim, two anonymous reviewers, European Pollen Database providers",Quaternary Science Reviews,Human responses and non-responses to climatic variations during the last Glacial-Interglacial transition in the eastern Mediterranean,European Pollen Database
10.1080/11263504.2014.998312,Martinetto 2008; Tschan et al. 2008; Moser et al. 2013). We also used The European Pollen Database (www.,Plant Biosystems - An International Journal Dealing with all Aspects of Plant Biology,Under the shadow of a big plane tree: Why Platanus orientalis should be considered an archaeophyte in Italy,European Pollen Database
10.1080/00173134.2017.1400587,"322–324, https://doi.org/10.1080/00173134.2017.1400587 CONTRIBUTIONS TO THE EUROPEAN POLLEN DATABASE 40.",Grana,"40. Botija, Toledo Mountains (central Spain)",European Pollen Database
10.1007/s00334-021-00831-4,"23:869–881 Gerasimidis A, Panajiotidis S (2010) Contributions to the European Pollen Database 9.",Vegetation History and Archaeobotany,"Testing the potential of pollen assemblages to capture composition, diversity and ecological gradients of surrounding vegetation in two biogeographical regions of southeastern Europe",European Pollen Database
10.1111/gcb.12776,"method (PBM) to 982 pollen records from across Europe, taken from the European Pollen Database (EPD)",Global Change Biology,From forest to farmland: pollen-inferred land cover change across Europe using the pseudobiomization approach,European Pollen Database
10.1111/j.1461-0248.2012.01779.x,hindcasted distribution and the unambiguous fossil record for T. europaeus (European Pollen Database; http://pollen.cerege.fr/fpd-epd/). Distributional,Ecology Letters,Predicting present and future intra-specific genetic structure through niche hindcasting across 24 millennia,European Pollen Database
10.1016/j.quascirev.2008.08.029,new chronology of the Eemian sequences. Other data was taken from the European Pollen Database and,Quaternary Science Reviews,The climate in Europe during the Eemian: a multi-method approach using pollen data,European Pollen Database
10.1016/j.revpalbo.2009.12.007,absence of open access national databases and repositories as the EPD (European Pollen Database: http://www.europeanpollendatabase.net/),Review of Palaeobotany and Palynology,Expected trends and surprises in the Lateglacial and Holocene vegetation history of the Iberian Peninsula and Balearic Islands,European Pollen Database
10.1016/S1040-6182(99)00031-2,'Tauber'-style pollen traps and all the data will eventually be lodged in the European Pollen Database. Pollen,Quaternary International,"Abstracts from the XVth INQUA Congress held in Durban,South Africa, 3–11 August 1999",European Pollen Database
10.1111/j.1466-8238.2012.00767.x,"from 13,000 to 1000 yr bp were obtained from two main sources: (1) the European Pollen Database (EPD;",Global Ecology and Biogeography,"Building the niche through time: using 13,000 years of data to predict the effects of climate change on three tree species in Europe",European Pollen Database
10.1111/j.1365-2745.2010.01733.x,"Lindbladh & D. R. Foster  Regional pollen diagrams were obtained from the European Pollen Database, three",Journal of Ecology,Dynamics of long-lived foundation species: the history of Quercus in southern Scandinavia,European Pollen Database
10.1016/S1040-6182(00)00067-7,pollen taxa are included. The full data set will be submitted to the European pollen database. This,Quaternary International,"Weichselian palynostratigraphy, palaeovegetation and palaeoenvironment; the record from Lago Grande di Monticchio, southern Italy",European Pollen Database
10.1179/174963106x123197,"the distribution of the pollen cores in the region (data taken from the European Pollen Database, www.ngdc.noaa.gov)",Environmental Archaeology,"Assessing the later prehistoric environmental archaeology and landscape development of the Cetina Valley, Croatia",European Pollen Database
10.1016/j.revpalbo.2013.01.001,distribution of modern pollen analogues (grey dots) obtained from the EPD (European Pollen Database).  DCA,Review of Palaeobotany and Palynology,Pollen based quantitative climate reconstructions from the Middle Pleistocene sequences in Łuków and Zdany (E Poland): Species and modern analogues based approach,European Pollen Database
10.1002/jqs.1062,"discussed here. In all cases, palynological records available via the European Pollen Database have",Journal of Quaternary Science,"Holocene climate change in the eastern Mediterranean region: a comparison of stable isotope and pollen data from Lake Gölhisar, southwest Turkey",European Pollen Database
10.1111/j.1469-8137.2006.01782.x,with utilization of the hundreds of Quaternary pollen records in the European Pollen Database (EPD),New Phytologist,Quantifying ecological change using stable isotopes: digging deep into the past to predict the future,European Pollen Database
10.1111/jvs.12658,"vegetation record in a broader regional context, 69 pollen sequences from the European Pollen Database (EPD)",Journal of Vegetation Science,The Holocene history of low altitude Mediterranean Fagus sylvatica forests in southern France,European Pollen Database
10.1016/j.quaint.2012.08.702,distribution of post-glacial refugia was determined using pollen data from the European Pollen Database. According,Quaternary International,Turbates: A perception control study,European Pollen Database
10.1111/j.1502-3885.2007.tb01190.x,percentage diagram (Fig. 3). The full data set will be submitted to the European Pollen Database. Pollen,Boreas,"The Holocene vegetation history of the Arfon Platform, North Wales, UK",European Pollen Database
10.1016/S0921-8181(98)00054-X,"years BP. Consequently, additional pollen sequences, derived from the European Pollen Database, have",Global and Planetary Change,Vegetation and climate since the last interglacial in the Vienne area (France),European Pollen Database
10.1016/j.revpalbo.2013.03.006,"2009). Four Holocene pollen diagrams from SE Poland, available in the European Pollen Database, (EPD)",Review of Palaeobotany and Palynology,Pollen percentage thresholds of Abies alba based on 13-year annual records of pollen deposition in modified Tauber traps: perspectives of application to fossil situations,European Pollen Database
10.1006/qres.1997.1961,"Siberia. This dataset is a compilation of 77 pollen samples from the European Pollen Database, 626",Quaternary Research,"Climatic Reconstruction in Europe for 18,000 YR B.P. from Pollen Data",European Pollen Database
10.1016/j.palaeo.2004.02.011,"Nomenclature of pollen and spore types follows the conventions of the European Pollen Database (EPD,","Palaeogeography, Palaeoclimatology, Palaeoecology","Late Glacial and Holocene vegetational changes on the Ulagan high-mountain plateau, Altai Mountains, southern Siberia",European Pollen Database
10.1016/j.quascirev.2011.06.014,least six radiocarbon dates or varve chronology were extracted from the European Pollen Database (EPD).,Quaternary Science Reviews,The pace of Holocene vegetation change – testing for synchronous developments,European Pollen Database
10.1016/j.quascirev.2005.03.017,synchronous expansion pulses of the invading species. On the background of the European Pollen Database and,Quaternary Science Reviews,Holocene expansions of Fagus silvatica and Abies alba in Central Europe: where are we after eight decades of debate?,European Pollen Database
10.1016/j.quascirev.2004.10.010,"increases, an assimilation of these into a common database, similar to the European Pollen Database (EPD),",Quaternary Science Reviews,Chironomids as a tool for inferring Holocene climate: an assessment based on six sites in southern Scandinavia,European Pollen Database
10.1016/S0378-1127(01)00647-8,"Europe. These maps are based on 600 pollen sequences available from the European pollen database (EPD,",Forest Ecology and Management,,European Pollen Database
10.1080/00173134.2014.903293,"171–173, http://dx.doi.org/10.1080/00173134.2014.903293 CONTRIBUTIONS TO THE EUROPEAN POLLEN DATABASE  21.",Grana,"21. Patateros, Toledo Mountains (central Spain)",European Pollen Database
10.1111/jbi.13379,"from the European Modern Pollen Database (Davis et al., 2013) and the European Pollen Database for",Journal of Biogeography,Pan-Mediterranean Holocene vegetation and land-cover dynamics from synthesized pollen data,European Pollen Database
10.1016/j.quascirev.2015.07.002,"(PALYCZ, http:// botany.natur.cuni.cz/palycz, Kunes et al., 2009), the European pollen database (EPD,",Quaternary Science Reviews,History of Larix decidua Mill. (European larch) since 130 ka,European Pollen Database
10.1016/j.gloplacha.2011.01.002,"these estimates were inferred from a pollen dataset obtained from the European Pollen Database (EPD,",Global and Planetary Change,"Comment on: “Solar Minima, Earth's rotation and Little Ice Ages in the past and in the future. The North Atlantic–European case” (Mörner, 2010)",European Pollen Database
10.1016/j.quaint.2015.01.027,"(Novenko et al., 2009b). Modern surface samples were derived from the European Pollen Database (EPD)",Quaternary International,Early Holocene vegetation and climate dynamics in the central part of the East European Plain (Russia),European Pollen Database
10.1080/00173134.2011.579620,"March 2017, At: 07:17   Grana, 2011; 50: 228–231 CONTRIBUTIONS TO THE EUROPEAN POLLEN DATABASE 13.",Grana,"13. Lake Saloio (Nazaré, western Portugal)",European Pollen Database
10.1007/s00334-012-0388-5,European Modern Pollen Database (EMPD) is a new initiative within the European Pollen Database (EPD),Vegetation History and Archaeobotany,The European Modern Pollen Database (EMPD) project,European Pollen Database
10.1111/jbi.12484,Appendix S1 of Supporting Information. Pollen records were derived from the European Pollen Database (http://www.europeanpollendatabase.net/;,Journal of Biogeography,"Late Quaternary history of North Eurasian Norway spruce ( Picea abies ) and Siberian spruce ( Picea obovata ) inferred from macrofossils, pollen and cytoplasmic DNA variation",European Pollen Database
10.1111/jbi.12361,"Tarasov et al. (1998), 343 from Japan (Gotanda et al., 2002), 6 from the European Pollen Database, and",Journal of Biogeography,East Asian pollen database: modern pollen distribution and its quantitative relationship with vegetation and climate,European Pollen Database
10.1111/jbi.13128,"Bradshaw, R. H. W., Brewer, S., Le Flao, A., . . . Tonkov, S. (2009). The European Pollen Database: Past",Journal of Biogeography,Pollen-derived biomes in the Eastern Mediterranean-Black Sea-Caspian-Corridor,European Pollen Database
10.1111/jvs.12612,Figure 1). Pollen taxa were harmonized according to the nomenclature of the European Pollen Database (Fyfe,Journal of Vegetation Science,Holocene vegetation history of the Jeseníky Mts: Deepening elevational contrast in pollen assemblages since late prehistory,European Pollen Database
10.1016/j.revpalbo.2018.04.001,2015-68604. Pollen data will be fully and freely accessible through the European Pollen Database (www.europeanpollendatabase.net),Review of Palaeobotany and Palynology,Vegetation and fire dynamics during the last 4000years in the Cabañeros National Park (central Spain),European Pollen Database
10.1111/gcb.14380,Pollen Database (EMPD) and fossil pollen data were compiled from the European Pollen Database (EPD).,Global Change Biology,"The climate, the fuel and the land use: Long-term regional variability of biomass burning in boreal forests",European Pollen Database
10.1046/j.1466-822X.2003.00311.x,"80, F-13545 Aix-en-Provence cedex 4, France, E-mail: guiot@cerege.fr, ‡ European Pollen Database, Centre",Global Ecology and Biogeography,A probabilistic approach to the use of pollen indicators for plant attributes and biomes: an application to European vegetation at 0 and 6 ka,European Pollen Database
10.1016/j.ehb.2018.02.006,yield potential according to a classiﬁcation 5 A cursory search of the European Pollen Database (http://www.europeanpollendatabase.net),Economics & Human Biology,Persisting patterns of human height? Regional differences in living standards in the Early Middle Ages,European Pollen Database
10.1080/00173134.2020.1737218,2020 https://doi.org/10.1080/00173134.2020.1737218 CONTRIBUTIONS TO THE EUROPEAN POLLEN DATABASE  46.Lake,Grana,"46.Lake Panichishte, Rila Mountains (Bulgaria)",European Pollen Database
10.1111/j.1654-1103.2004.tb02305.x,function. Abbreviations: α = ratio of actual to equilibrium evapotranspiration; EPD = European pollen database; MTCO,Journal of Vegetation Science,Relationships between plant traits and climate in the Mediterranean region: A pollen data analysis,European Pollen Database
10.1111/jvs.12601,plant abundances We used pollen records from 33 lakes selected from the European Pollen Database (Fyfe,Journal of Vegetation Science,"The role of climate, forest fires and human population size in Holocene vegetation dynamics in Fennoscandia",European Pollen Database
10.1016/j.quascirev.2014.06.028,"Risebrobakken et al., 2010  a Previously unpublished data. To be deposited in the European Pollen Database, EPD",Quaternary Science Reviews,A brief history of climate – the northern seas from the Last Glacial Maximum to global warming,European Pollen Database
10.1016/j.revpalbo.2003.12.001,"University of Oulu. The conventions for nomenclature recommended by the European Pollen Database, EPD,",Review of Palaeobotany and Palynology,"Pollen deposition in mosses and in a modified ‘Tauber trap’ from Hailuoto, Finland: what exactly do the mosses record?",European Pollen Database
10.1016/S0034-6667(01)00086-0,PMP database has been set up to be completely compatible with the EPD (European Pollen Database http://www.ngdc.noaa.gov/paleo/epd/epd_main.html),Review of Palaeobotany and Palynology,Some comments on spatial variation in arboreal pollen deposition: first records from the Pollen Monitoring Programme (PMP),European Pollen Database
10.1016/j.quaint.2012.08.218,"OF EUROPEAN VEGETATION CHANGES OVER THE LAST 15,000 YEARS BASED ON THE EUROPEAN POLLEN DATABASE WITH",Quaternary International,"Pioneer use of European fossil middens as a tool for long-term environmental analyses in a natural park: the case of Guara (pre-Pyrenees range, Spain)",European Pollen Database
10.1111/j.1461-0248.2007.01150.x,Ltd/CNRS   Letter  Predicting past distributions 359  Database and the European Pollen Database (http://,Ecology Letters,Prediction of plant species distributions across six millennia,European Pollen Database
10.1080/01916122.2019.1615567,"(Biologie) 10:99–108. Fărcaş S, Tanţău I. 2012. Contributions to the European Pollen Database. 16.",Palynology,"Holocene vegetation history and environmental change in the Lăpuş Mountains, northwest Romania",European Pollen Database
10.1007/s00334-020-00780-4,"Paläontologie, Tübingen Lechterbeck J, Rösch M (accepted) Contributions to the European pollen database, Western",Vegetation History and Archaeobotany,Does site elevation determine the start and intensity of human impact? Pollen evidence from southern Germany,European Pollen Database
10.1016/j.eeh.2015.10.003,"online in various databases. For Europe, this includes first of all the European Pollen Database (EPD;",Explorations in Economic History,"On the use of palynological data in economic history: New methods and an application to agricultural output in Central Europe, 0–2000AD",European Pollen Database
10.1016/j.quascirev.2017.07.001,2012). The 151 pollen records used in this study were selected from the European Pollen Database (Fyfe,Quaternary Science Reviews,Quantifying the effects of land use and climate on Holocene vegetation in Europe,European Pollen Database
10.1016/j.quascirev.2016.01.011,"pollen records were used (Fig. 3, Table 1). They were gathered from the European Pollen Database (http://www.",Quaternary Science Reviews,"Mid-late Holocene climate, demography, and cultural dynamics in Iberia: A multi-proxy approach",European Pollen Database
10.1016/j.quascirev.2017.11.016,"be found in Fig. 3. In addition, some pollen sequences included in the European Pollen Database (http://www.",Quaternary Science Reviews,"Early Holocene humidity patterns in the Iberian Peninsula reconstructed from lake, pollen and speleothem records",European Pollen Database
10.1007/s00334-004-0038-7,"Loiselot (Vosges, France). University of Utrecht, Utrecht EPD (2003). European Pollen Database (http://ftp.ngdc.noaa.gov/",Vegetation History and Archaeobotany,"The cultivation of Castanea sativa (Mill.) in Europe, from its origin to its diffusion on a continental scale",European Pollen Database
10.1007/s00334-014-0469-8,"1972) and Lake Kansjo¨n (Jacobsson unpublished, data extracted from the European Pollen Database). They",Vegetation History and Archaeobotany,Reconstruction of past landscape openness using the Landscape Reconstruction Algorithm (LRA) applied on three local pollen sites in a southern Swedish biodiversity hotspot,European Pollen Database
10.1080/00173134.2014.903294,homepage: http://www.tandfonline.com/loi/sgra20 Contributions to the European Pollen Database. 22.,Grana,Contributions to the European Pollen Database. 22. Vegetation development in the central part of the Bulgarian Black Sea coast during the last 13 000 years,European Pollen Database
10.1111/j.1365-2699.2007.01864.x,Mantel test in Arlequin. Pollen data Pollen data were extracted from the European Pollen Database (http://www.europeanpollendatabase.net),Journal of Biogeography,Where did the northern peatland species survive the dry glacials: cloudberry (Rubus chamaemorus) as an example,European Pollen Database
10.1016/j.pgeola.2018.05.007,palynomorphs follow Elsik (1983). These pollen data will be stored in the European Pollen Database (http://www.europeanpollendatabase.net/index.php). Samples,Proceedings of the Geologists' Association,"Ancient Forests in European drylands: Holocene palaeoecological record of Mazarrón, south-eastern Spain",European Pollen Database
10.1111/jvs.12187,"Finsinger, W., Gaillard, M.-J., Giesecke, T., (. . .) & Tonkov, S. 2009. The European Pollen Database: past",Journal of Vegetation Science,Closing the gap between plant ecology and Quaternary palaeoecology,European Pollen Database
10.1029/2011EO060004,"tools and visualizations, linking Neotoma to external databases (e.g., European Pollen Database, National","Eos, Transactions American Geophysical Union",Integrating Paleoecological Databases,European Pollen Database
10.1111/jbi.13038,were merged with our original data following the nomenclature of the European Pollen Database (EPD;,Journal of Biogeography,Pollen-inferred millennial changes in landscape patterns at a major biogeographical interface within Europe,European Pollen Database
10.1080/00173134.2015.1087590,http://dx.doi.org/10.1080/00173134.2015.1087590 CONTRIBUTIONS TO THE EUROPEAN POLLEN DATABASE  28.,Grana,"28. Andorran high Pyrenees (Perafita Valley, Andorra): SerraMijtana fen",European Pollen Database
10.1016/0031-0182(93)90053-L,information. These data are now collected in two pollen data bases: the European Pollen Database (EPD),"Palaeogeography, Palaeoclimatology, Palaeoecology",The climate in Western Europe during the last Glacial/Interglacial cycle derived from pollen and insect remains,European Pollen Database
10.1016/S0031-0182(98)00067-4,"de St. Je´roˆme, L.B.H.P., B.451, 13397 Marseille Cedex 13, France b European Pollen Database, Centre","Palaeogeography, Palaeoclimatology, Palaeoecology",Was the climate of the Eemian stable? A quantitative climate reconstruction from seven European pollen records,European Pollen Database
10.1080/00173134.2011.606831,"March 2017, At: 06:59   Grana, 2011; 50: 232–234  CONTRIBUTIONS TO THE EUROPEAN POLLEN DATABASE 14.",Grana,14. Lake Sedmo Rilsko (Bulgaria): Lateglacial vegetation history,European Pollen Database
10.1016/j.quascirev.2017.06.022,21 ka BP  Pollen  6 ka BP 0 and 6 ka BP 0 and 21 ka BP  Pollen Pollen  European Pollen Database and,Quaternary Science Reviews,Incorporating plant fossil data into species distribution models is not straightforward: Pitfalls and possible solutions,European Pollen Database
10.1007/s00334-014-0476-9,"and ice extent are used throughout. The data come primarily from the European Pollen Database (EPD,",Vegetation History and Archaeobotany,The age and post-glacial development of the modern European vegetation: a plant functional approach based on pollen data,European Pollen Database
10.1016/j.quascirev.2004.06.013,"ALPADABA (Alpine Palynological Data-Base, housed in Bern, Switzerland); EPD (European Pollen Database, housed",Quaternary Science Reviews,"Migration and population expansion of Abies, Fagus, Picea, and Quercus since 15000 years in and across the Alps, based on pollen-percentage threshold values",European Pollen Database
10.1016/S0277-3791(02)00248-2,"Reviews 19, 489–508. Jacobson, G.L., 1996. Developmental history of the European Pollen Database. Program",Quaternary Science Reviews,"The importance of plant macrofossils in the reconstruction of Lateglacial vegetation and climate: examples from Scotland, western Norway, and Minnesota, USA",European Pollen Database
10.1016/S0277-3791(01)00010-5,"compilation are archived in the North American pollen database (NAPD), European pollen database (EPD),",Quaternary Science Reviews,Holocene paleoclimate data from the Arctic: testing models of global climate change,European Pollen Database
10.1046/j.1365-2699.2000.00430.x,are available from the APD (African Pollen Database) or from the EPD (European Pollen Database). Except,Journal of Biogeography,"Pollen-based biome reconstruction for southern Europe and Africa 18,000 yr bp",European Pollen Database
10.1111/1365-2745.12702,"Global Charcoal Database (www.paleofire.org) and pollen data, through the European Pollen Database (www.europeanpollendatabase.net)",Journal of Ecology,The historical demise of Pinus nigra forests in the Northern Iberian Plateau (south-western Europe),European Pollen Database
10.1111/1365-2745.12566,"period through Europe as a proportion of total tree pollen. Data from the European Pollen Database (www.europeanpollendatabase.net),",Journal of Ecology,Biological Flora of the British Isles: Fraxinus excelsior,European Pollen Database
10.1016/S0016-6995(97)80176-3,"Scienze della Terra L.go S. Marcellino, 10 1-80138 Napoli R. CHEDDADI European Pollen Database Centre",Geobios,Climatic reconstruction during the Middle Pleistocene: A pollen record from Vallo di Diano (Southern Italy),European Pollen Database
10.1080/00173134.2019.1691254,"2013). Beyond that, pollen archives from daily pollen concentrations kept in the European Pollen database (https://www.ean-net.org/en/the-ean-database/moreabout-ean.html)",Grana,Frequency and distribution of insect pollinated pollen in air samples of Hirst-type volumetric pollen and spore traps in Austria from 2008 to 2017,European Pollen Database
10.1016/j.revpalbo.2012.01.005,Cousinia percentages were calculated based on pollen count data available in European Pollen Database (EPD:,Review of Palaeobotany and Palynology,Ecological implications of Cousinia Cass. (Asteraceae) persistence through the last two glacial–interglacial cycles in the continental Middle East for the Irano-Turanian flora,European Pollen Database
10.1016/j.quascirev.2004.02.003,"Ioannina-I and (b) Ioannina-II (Bottema, 1974; redrawn using data from the European Pollen Database).  1617   ARTICLE",Quaternary Science Reviews,"The Lateglacial and Holocene environmental history of the Ioannina basin, north-west Greece",European Pollen Database
10.1080/01916122.2019.1690066,"sequences, unpublished pollen sequences available to us and data from the European Pollen Database (EPD)",Palynology,"The last Glacial and Holocene history of mountain woodlands in the southern part of the Western Carpathians, with emphasis on the spreading of Fagus sylvatica",European Pollen Database
10.1016/S0277-3791(96)00080-7,"Pleniglacial and Lateglacial pollen diagrams are digitally available (e.g. European Pollen Database). Thus,",Quaternary Science Reviews,The reconstruction of past climates using multi-proxy evidence: An example of the weichselian pleniglacial in northwest and central Europe,European Pollen Database
10.1080/01916122.1998.9989512,development in 1990 of the independent but compatible North American and European Pollen Databases (NAPD,Palynology,Abstracts of the proceedings of the 30th annual meeting of the American association of stratigraphic palynologists,European Pollen Database
10.1371/journal.pone.0088709,"pollen and macrofossil sites, respectively. We compiled data from the European Pollen Database, the",PLOS ONE,PLOS ONE: Migration Patterns of Subgenus Alnus in Europe since the Last Glacial Maximum: A Systematic Review,European Pollen Database
10.1002/gea.20338,"Geosciences, 43, 29–39. Kouli, K., & Dermitzakis, M.D. (2010). Contributions to European pollen database: Lake",Geoarchaeology,"Palaeoenvironments and site formation processes at the Neolithic lakeside settlement of Dispilio, Kastoria, Northern Greece",European Pollen Database
10.1080/00173134.2016.1146330,http://dx.doi.org/10.1080/00173134.2016.1146330 CONTRIBUTIONS TO THE EUROPEAN POLLEN DATABASE  30.,Grana,"30. Peat bog Kumata-1, Vitosha Mountain (Bulgaria)",European Pollen Database
10.1080/00173134.2011.645551,"March 2017, At: 06:54   Grana, 2011; 50: 311–313 CONTRIBUTIONS TO THE EUROPEAN POLLEN DATABASE 15.",Grana,15. Brve (Czech Republic): Vegetation development over the last about 2.5 millennia in the Bohemian Lowland close to Prague,European Pollen Database
10.1080/00173130802113809,"March 2017, At: 06:26   Grana, 2008; 47: 171–173 CONTRIBUTIONS TO THE EUROPEAN POLLEN DATABASE 3.",Grana,"3. Fleck's Loch Bog (Foula, Shetland, Scotland, UK)",European Pollen Database
10.1111/mec.12768,"species in the UK, we examined pollen records of Betula species in the European Pollen Database (EPD,",Molecular Ecology,Molecular footprints of the Holocene retreat of dwarf birch in Britain,European Pollen Database
10.1016/1040-6182(91)90039-Q,as well as the fossil data upon which any reconstruction is based. A European pollen database has,Quaternary International,"Report of 2nd discussion group: Inter-relationships and linkages between the land, atmosphere and oceans during the last interglacial",European Pollen Database
10.1029/1999GL006070,"et de l'Environnement,CEA/CNRS, Gif-sur-Yvette, France Rachid Cheddadi European Pollen Database, Centre",Geophysical Research Letters,Simulation of intense monsoons under glacial conditions,European Pollen Database
10.1016/j.quaint.2012.08.215,"OF EUROPEAN VEGETATION CHANGES OVER THE LAST 15,000 YEARS BASED ON THE EUROPEAN POLLEN DATABASE WITH",Quaternary International,"High-resolution record of Holocene erosion patterns in a high altitude lake (Lake Anterne, NW French Alps): a witness of environmental changes, climatic variability and human activities",European Pollen Database
10.1016/j.tree.2010.10.007,"databases, most notably those of North American Pollen Database (NAPD), European Pollen Database (EPD),",Trends in Ecology & Evolution,Exploring vegetation in the fourth dimension,European Pollen Database
10.1080/00173134.2019.1569127,2019 https://doi.org/10.1080/00173134.2019.1569127 CONTRIBUTIONS TO THE EUROPEAN POLLEN DATABASE  43.,Grana,"43. Buchensee (Lake Constance region, Germany)",European Pollen Database
10.1002/jqs.1126,"identiﬁed using a classiﬁcation of all European pollen data from the European Pollen Database (EPD,",Journal of Quaternary Science,"The REVEALS model, a new tool to estimate past regional plant abundance from pollen data in large lakes: validation in southern Sweden",European Pollen Database
10.1016/j.quaint.2012.08.216,"OF EUROPEAN VEGETATION CHANGES OVER THE LAST 15,000 YEARS BASED ON THE EUROPEAN POLLEN DATABASE WITH",Quaternary International,Recent ecological state evolution of four high altitude lakes (French Alps): a multi-proxy study to assess climatic and anthropogenic influences,European Pollen Database
10.1016/S0378-1127(01)00634-X,"remy@pierroton.inra.fr (R.J. Petit). 1 Co-corresponding author. Present address: European Pollen Database, Centre",Forest Ecology and Management,Identification of refugia and post-glacial colonisation routes of European white oaks based on chloroplast DNA and fossil pollen evidence,European Pollen Database
10.1016/j.quaint.2012.07.417,This analysis includes not only data from public databases such as the European Pollen Database (140,Quaternary International,Eastward Drainage of Glacial Lake Agassiz: The Perspective from the Lake Superior Basin,European Pollen Database
10.1111/j.1469-8137.2006.01781.x,with utilization of the hundreds of Quaternary pollen records in the European Pollen Database (EPD),New Phytologist,Forest genetics in space and time,European Pollen Database
10.1007/s00334-021-00828-z,persuaded a diverse crew of leading European palynologists to establish a European Pollen Database at,Vegetation History and Archaeobotany,Eric C. Grimm 1951–2020,European Pollen Database
10.1111/jbi.12092,"Ku€hl, N., Leydet, M., Lotter, A.F., Tarasov, P.E. & Tonkov, S. (2009) The European Pollen Database: past",Journal of Biogeography,Long-term drivers of forest composition in a boreonemoral region: the relative importance of climate and human impact,European Pollen Database
10.1890/130089,Greater Alpine Region) accumulate to growth–climate  synthesized from the European Pollen Database (Fyfe,Frontiers in Ecology and the Environment,Placing unprecedented recent fir growth in a European-wide and Holocene-long context,European Pollen Database
10.1016/j.quascirev.2011.04.017,"developed frameworks that contain similar elements. For example, the European Pollen Database (EPD)",Quaternary Science Reviews,A methodological framework for assessing and reducing temporal uncertainty in paleovegetation mapping from late-Quaternary pollen records,European Pollen Database
10.1016/j.quascirev.2008.07.009,three events we had selected for investigation were clearly recorded. The European Pollen Database (EPD),Quaternary Science Reviews,A flexible approach to assessing synchroneity of past events using Bayesian reconstructions of sedimentation history,European Pollen Database
10.1080/00173130902965157,"2017, At: 07:39   Grana, 2009; 48: 147–149  SCGRA ONTRIBUTIONS TO THE EUROPEAN POLLEN DATABASE  6.",Grana,"6. Peat-bog Begbunar (Osogovo Mountains, south-west Bulgaria): Four millennia of vegetation history",European Pollen Database
10.1080/00173130701526341,"March 2017, At: 05:05   Grana, 2007; 46: 214–216 CONTRIBUTIONS TO THE EUROPEAN POLLEN DATABASE 1.",Grana,1. Fláje–Kiefern (Krušné Hory Mountains): Late Glacial and Holocene vegetation development,European Pollen Database
10.1002/jqs.2664,with reference collections. Pollen taxonomy and nomenclature follow The European Pollen Database (www.,Journal of Quaternary Science,Eemian and Early Weichselian environments in southern Sweden: a multi-proxy study of till-covered organic deposits from the Småland peneplain,European Pollen Database
10.1016/j.quaint.2009.08.020,"biogeography, palaeontology and geology are needed. Good examples are the European Pollen Database (EPD,",Quaternary International,"Reconstructing “Plant Community Scenarios” by means of palaeocarpological data from the CENOFITA database, with an example from the Ca' Viettone site (Pliocene, Northern Italy)",European Pollen Database
10.1111/ele.12731,"conditions, we use a compilation of M = 772 pollen records (Fig. 1a) from the European Pollen Database (EPD)",Ecology Letters,Emergence patterns of novelty in European vegetation assemblages over the past 15 000 years,European Pollen Database
10.1111/j.1469-8137.1993.tb03825.x,University.  The pollen data were entered into TILIA by the staff of the  European pollen database at,New Phytologist,"Flandrian vegetational history of southeastern England. Pollen data from Pannel Bridge, East Sussex",European Pollen Database
10.1080/00173134.2017.1282977,http://dx.doi.org/10.1080/00173134.2017.1282977 CONTRIBUTIONS TO THE EUROPEAN POLLEN DATABASE  36.,Grana,"36. Praillos de Boissier mire, Tejeda Natural Park (Baetic Range, southern Spain)",European Pollen Database
10.1111/bor.12002,"The nomenclature of pollen types, spores and other fossils follows the European Pollen Database (Fyfe",Boreas,"A new Middle Pleistocene interglacial record from Denmark: Chronostratigraphic correlation, palaeovegetation and fire dynamics",European Pollen Database
