10.1111/mec.12790,the northern refugium of Beringia during the Last Glacial Maximum (LGM; FAUNMAP Working Group 1994). Snowshoe hare populations near historical,Molecular Ecology,Conservation implications of the evolutionary history and genetic diversity hotspots of the snowshoe hare,FAUNMAP
10.1111/j.1365-2699.2006.01532.x,"glacial cycles, resulting in successive range contractions and expansions (FAUNMAP Working Group 1996; Comes & Kadereit, 1998; Hewitt, 2000). Such",Journal of Biogeography,Deep genealogies and the mid-peninsular seaway of Baja California,FAUNMAP
10.1111/j.1365-2699.2008.01959.x,"elevations as recently as 12 ka (Grayson, 2005). Guralnick (2007) used the Faunmap data base of fossil occurrences (Graham et al., 1994) to show",Journal of Biogeography,"Ecological niche modelling of montane mammals in the Great Basin, North America: examining past and present connectivity of species across basins and ranges",FAUNMAP
10.1016/j.quaint.2012.08.253,"beetles. The database has merged pre-existing and updated datasets (e.g., FAUNMAP, Global Pollen Database, North American Plant Macrofossil database)",Quaternary International,"Surface exposure dating in the Shaluli Mountains, eastern Tibet: Evidence for an ice advance in Marine Isotope Stage 2, with a contribution to 10Be and 21Ne methodology",FAUNMAP
10.1890/070002,"presumed pre-European conditions.  ground sloths (Kurtén and Anderson 1980; Faunmap Management included fencing to exclude feral livestock  1996),",Frontiers in Ecology and the Environment,"Native fishes, exotic mammals, and the conservation of desert springs",FAUNMAP
10.1017/S002233600004378X,"interpretations—of special interest. Quest is not intended to replace FAUNMAP as a tool for biogeographic analysis, but the book does provide",Journal of Paleontology,"J. Alan Holman. 2001. In Quest of Great Lakes Ice Age Vertebrates. Michigan State University Press, East Lansing, 230 p.",FAUNMAP
10.1016/j.quageo.2013.10.004,"Honduras to near the Arctic coast of Alaska (Kurtén and Anderson, 1980; Faunmap Working Group, 1996). As tracked by radiocarbon dating, mastodons",Quaternary Geochronology,New single amino acid hydroxyproline radiocarbon dates for two problematic American Mastodon fossils from Alaska,FAUNMAP
10.1080/02724634.2010.10411819,reached its current topographic complexity. We analyzed records from the FAUNMAP database for beta diversity in terms of both richness and evenness.,Journal of Vertebrate Paleontology,Program and Abstracts,FAUNMAP
10.1016/j.gloplacha.2016.12.014,"Fortelius, 2013, http://pantodon.science.helsinki.ﬁ/now/) and MIOMAP and FAUNMAP Databases (FAUNMAP Working Group, 1994,",Global and Planetary Change,The impacts of Cenozoic climate and habitat changes on small mammal diversity of North America,FAUNMAP
10.1002/oa.923,"archaeological sites in western North America (Walker, 2000; see also Faunmap, 2006). Occasionally, remains of fetal pronghorn are recovered.",International Journal of Osteoarchaeology,Mortality date estimation using fetal pronghorn remains,FAUNMAP
10.1111/j.1365-2699.2006.01631.x,"Mexico during the full glacial period (Harris, 1984, 1985, 1993; see also FAUNMAP at http:// www.museum.state.il.us/research/faunmap).",Journal of Biogeography,Predicting woodrat (Neotoma) responses to anthropogenic warming from studies of the palaeomidden record,FAUNMAP
10.1139/E07-064,"XXII, pp. 410–459. Graham, R.W., and Lundelius, E.L. (Editors.). 1994. FAUNMAP: A database documenting late Quaternary distributions of mammal",Canadian Journal of Earth Sciences,"AMS-dated late Pleistocene taiga vole (Rodentia: Microtus xanthognathus) from northeast British Columbia, Canada: a cautionary lesson in chronologyThis article is one of a selection of papers published in this Special Issue on the theme Geology of northeastern British Columbia and northwestern Alberta: diamonds, shallow gas, gravel, and glaciers .",FAUNMAP
10.1016/j.quaint.2009.05.012,"by locality; Ceballos and Oliva, 2005), and on temporal grounds with FAUNMAP (Quaternary mammal database for Canada and US; Graham and Lundelius,",Quaternary International,A perspective on mammal biodiversity and zoogeography in the Late Pleistocene of México,FAUNMAP
10.1016/j.yqres.2008.05.003,"produced nonanalog faunas became the favored one (e.g., for mammals, see FAUNMAP Working Group 1996; Graham, 1990; Graham and Semken, 1987; Semken,",Quaternary Research,"Climatic implications of latest Pleistocene and earliest Holocene mammalian sympatries in eastern Washington state, USA",FAUNMAP
10.1046/j.1365-294X.2003.01797.x,"species within communities independently responded to climate change (faunmap 1996; Hewitt 1996), similar range expansions or restrictions",Molecular Ecology,"Testing Pleistocene refugia theory: phylogeographical analysis of Desmognathus wrighti, a high-elevation salamander in the southern Appalachians",FAUNMAP
10.1016/j.quaint.2009.07.031,"occur abundantly throughout Illinois and the southern Great Lakes region (FAUNMAP Working Group, 1994). In Illinois, localities containing remains",Quaternary International,"Paradigms and proboscideans in the southern Great Lakes region, USA",FAUNMAP
10.1016/S1040-6182(00)00005-7,"corroborated by increases in abundance of both vertebrate (McMillan, 1976; FAUNMAP, 1994) and vegetative (King and Allen, 1977; Smith, 1984) indicators",Quaternary International,"Speleothem carbon isotopic records of Holocene environments in the Ozark Highlands, USA",FAUNMAP
10.1046/j.1365-294X.2002.01492.x,"due to climate change, especially during glacial–interglacial cycles (FAUNMAP 1996; Leonard et al. 2000). Prehistoric DNA samples from rodent",Molecular Ecology,"Molecular analysis of a 11 700-year-old rodent midden from the Atacama Desert, Chile",FAUNMAP
10.1016/j.palaeo.2013.07.014,"through at least late Oligocene time (Tedford et al., 1987; Storer, 1989; Faunmap Working Group, 1996; Barnosky and Carrasco, 2002). Two biogeographic","Palaeogeography, Palaeoclimatology, Palaeoecology",Possible regional tectonic controls on mammalian evolution in western North America,FAUNMAP
10.1111/j.0022-0477.2004.00868.x,"& Legendre 1998) and at broad scales (e.g. data at a regional scale, FAUNMAP Working Group 1996). Floristic data subjected to  were",Journal of Ecology,Geographical distribution and ecological conservatism of disjunct genera of vascular plants in eastern Asia and eastern North America,FAUNMAP
10.1016/B978-0-12-800049-6.09001-6,(FAR) 2:16 fast nonparametric methods 4:242 FastNJ 1:462 FastTree 1:463 FAUNMAP 3:400 FCNets see Fitness Causality Networks (FCNets) feathers,Encyclopedia of Evolutionary Biology,,FAUNMAP
10.1017/S009483730002649X,"environmental change (Buzas and Culver 1994; Jablonski and Sepkoski 1996; FAUNMAP 1996). Furthermore, the highly variable mixtures of extinct",Paleobiology,Origination preceding extinction during late Cenozoic turnover of Caribbean reefs,FAUNMAP
10.1016/j.quaint.2009.11.008,"of individual mammal species, summary paleontological data provided by FAUNMAP Working Group (1994) were utilized. Data inclusion in FAUNMAP",Quaternary International,An assessment of the contribution of fossil cave deposits to the Quaternary paleontological record,FAUNMAP
10.1016/j.quaint.2010.01.005,"Pleistocene extinctions (Graham and Lundelius, 1984), and co-directing the FAUNMAP Working Group, which led to a readily accessible computerized",Quaternary International,"Ernest L. Lundelius, Jr. – Texas roots and great strides",FAUNMAP
10.1016/j.tree.2011.09.009,"data, and to identify emergent patterns over geological timespans. The FAUNMAP database of Quaternary mammalian occurrences in North America",Trends in Ecology & Evolution,Paleoecoinformatics: applying geohistorical data to ecological questions,FAUNMAP
10.1080/02724634.2012.10635175,"ARGENTINA 34  Davis, M. WHAT IS THE APPROPRIATE SPATIAL AND TEMPORAL SCALE OF FAUNMAP DATA? 35  Damuth, J., Janis, C., Travouillon, K., Archer, M.,",Journal of Vertebrate Paleontology,Program and Abstracts,FAUNMAP
10.1016/j.yqres.2014.07.004,"82, 518–532 (in this volume). Graham, R.W., Lundelius, J.E.L., 2010. FAUNMAP II: New Data for North America with a Temporal Extension for",Quaternary Research,"Summary of the Snowmastodon Project Special Volume A high-elevation, multi-proxy biotic and environmental record of MIS 6–4 from the Ziegler Reservoir fossil site, Snowmass Village, Colorado, USA",FAUNMAP
10.1139/cjes-2013-0220,"Wyoming) — well within the historic and recent range of the species (Faunmap Working Group 1994, p. 416). According to Graham (1991) this",Canadian Journal of Earth Sciences,"Brown bear ( Ursus arctos ) (9880 ± 35 BP) from late-glacial Champlain Sea deposits at Saint-Nicolas, Quebec, Canada, and the dispersal history of brown bears",FAUNMAP
10.1130/0091-7613(1999)027<0903:famscd>2.3.co;2,"whenever and wherever nonanalog faunal associations are encountered (Faunmap Working Group, 1996). Nonanalog mammal communities vary geographically",Geol,First accelerator mass spectrometry 14C dates documenting contemporaneity of nonanalog species in late Pleistocene mammal communities,FAUNMAP
10.1139/cjes-2017-0130,"Ill., Vol. 22, pp. 24-86. 325 Graham, R.W., and Lundelius, Jr. E.L. 2010. FAUNMAP II: New data for North America with a 326 temporal extension",Canadian Journal of Earth Sciences,"Scimitar Cat (<i>Homotherium serum</i> Cope) from Southwestern Alberta, Canada",FAUNMAP
10.1017/pab.2018.18,"Holocene (deﬁned here as 4000–0 RCYBP) mammalian assemblages, derived from FAUNMAP (Faunmap Working Group 1994) and the Neotoma",Paleobiology,"Overprinting of taphonomic and paleoecological signals across the forest–prairie environmental gradient, mid-continent of North America",FAUNMAP
10.1016/j.palaeo.2005.02.014,"clementsian view of community as a superorganism is to be abandoned (FAUNMAP, 1996; Jackson and Overpeck, 2000). Species track climate changes","Palaeogeography, Palaeoclimatology, Palaeoecology",Turnover pulse or Red Queen? Evidence from the large mammal communities during the Plio-Pleistocene of Italy,FAUNMAP
10.1016/j.quascirev.2014.12.015,"include mammals in Quaternary North America (http://www.ucmp.berkeley.edu/faunmap/ ), Miocene mammals of the western United States (http://www.",Quaternary Science Reviews,Paleodistribution modeling in archaeology and paleoanthropology,FAUNMAP
10.1016/j.quascirev.2013.11.024,"Chronometric data We ﬁrst consulted radiocarbon databases, including FAUNMAP II (Graham and Lundelius, 2010), CARD (Morlan, 1999; Gajewski",Quaternary Science Reviews,Northeastern North American Pleistocene megafauna chronologically overlapped minimally with Paleoindians,FAUNMAP
10.2110/palo.2002.p05-078r,"Rancholabrean fossil record of carnivorans were obtained from FAUNMAP1 (Faunmap Working Group, 1994). This database contains a partial fossil",PALAIOS,"THE RANCHOLABREAN RECORD OF CARNIVORA: TAPHONOMIC EFFECT OF BODY SIZE, HABITAT BREADTH, AND THE PRESERVATION POTENTIAL OF CAVES",FAUNMAP
10.1666/08-154.1,"records from southern Canada and northwestern USA to central Mexico (Faunmap Working Group, 1994; JiménezHidalgo and Guerrero-Arenas, 2006);",Journal of Paleontology,"Blancan camelids from San Miguel de Allende, Guanajuato, central México",FAUNMAP
10.1111/j.1469-185X.2008.00069.x,"to possess a biological cohesiveness (based on ‘‘faunal clusters,’’: FAUNMAP 1996), and we propose that its attributes extended beyond the",Biological Reviews,A warm thermal enclave in the Late Pleistocene of the South-eastern United States,FAUNMAP
10.1016/j.quaint.2009.08.009,"reviewed by Hibbard et al., 1965; see also Kurte´ n and Anderson, 1980; FAUNMAP Working Group, 1994; Holman, 1995). With the emergence of widespread",Quaternary International,"Covert biases, circularity, and apomorphies: A critical look at the North American Quaternary Herpetofaunal Stability Hypothesis",FAUNMAP
10.1046/j.1523-1739.2002.01272.x,"Press, Stillwater, Oklahoma. Graham, R. W., and E. L. Lundelius, Jr. 1994. Faunmap: a database documenting late Quaternary distributions of mammal",Conservation Biology,Game Parks before and after Lewis and Clark: Reply to Lyman and Wolverton,FAUNMAP
10.1016/j.quaint.2012.08.255,"beetles. The database has merged pre-existing and updated datasets (e.g., FAUNMAP, Global Pollen Database, North American Plant Macrofossil database)",Quaternary International,"Neotoma – a multidisciplinary and relational database for terrestrial paleoecological datasets for the Pliocene, Pleistocene and Holocene",FAUNMAP
10.1016/j.yqres.2010.02.006,"Klein, 1984; Graham, 1986; Graham and Mead, 1987; Markova et al., 1995; FAUNMAP Working Group, 1996; Wooding and Ward, 1997; Barnosky et al.,",Quaternary Research,Effects of Pleistocene environmental changes on the distribution and community structure of the mammalian fauna of Mexico,FAUNMAP
10.1016/j.yqres.2004.04.001,"Quaternary Research 1, 283 – 315. Graham, R.W., Lundelius Jr., E.L., 1994. Faunmap: A Database Documenting Late Quaternary Distributions of Mammal",Quaternary Research,"Late-Quaternary diminution and abundance of prehistoric bison (Bison sp.) in eastern Washington state, U.S.A.",FAUNMAP
10.1111/j.1095-8312.2003.00274.x,"primary determinant of many modern biogeographical patterns (Haffer, 1969; FAUNMAP Working Group, 1996; Haffer, 1997; Zink, Blackwell-Rago & Ronquist,",Biological Journal of the Linnean Society,Molecular phylogeny of the endemic Philippine rodent Apomys (Muridae) and the dynamics of diversification in an oceanic archipelago,FAUNMAP
10.1080/02724634.2009.10411818,"decrease in diversity during the Holocene. First, available databases (FAUNMAP; CONABIO) show that the decrease in felid diversity was greater",Journal of Vertebrate Paleontology,Abstracts of Papers,FAUNMAP
10.1080/03115510609506876,our modern conservation practices is based upon this type of model. The FAUNMAP II database documents this pattern for many North American mammal,Alcheringa: An Australasian Journal of Palaeontology,ABSTRACTS FROM CAVEPS 2005,FAUNMAP
10.1080/02724634.2012.716114,evaluate the data themselves. This print publication was a precursor to the FAUNMAP database (discussed below). The next leap forward happened with,Journal of Vertebrate Paleontology,From card catalogs to computers: databases in vertebrate paleontology,FAUNMAP
10.1017/S0094837300019710,"Valentine and Jablonski 1993; Buzas and Culver 1994; Johnson et al. 1995; FAUNMAP Working Group 1996). In several recent pa­ pers, Jackson (1992,",Paleobiology,"Stasis, biological disturbance, and community structure of a Holocene coral reef",FAUNMAP
10.1130/b26254.1,"May/June 2008   Isotopic elevation history of the Sierra Nevada  or the Faunmap database (Faunmap Working Group, 1994).",Geological Society of America Bulletin,"Stable isotope constraints on the elevation history of the Sierra Nevada Mountains, California",FAUNMAP
10.1023/A:1022912030020,"efforts by considering only those sites we knew about already, we turned to FAUNMAP, an electronic database that documents the distribution of   Clovis",Journal of World Prehistory,,FAUNMAP
10.1016/S0031-0182(03)00672-2,"ecological responses to future climate change (e.g. Overpeck et al., 1992; Faunmap Working Group, 1996; Cronin and Raymo, 1997; Cannariato et al.,","Palaeogeography, Palaeoclimatology, Palaeoecology","Effects of seasonality, forced by orbital-insolation cycles, on offshore molluscan faunal change during rapid warming in the Sea of Japan",FAUNMAP
10.1111/j.1558-5646.1998.tb03700.x,Vermeij et aI. 1990; Lindberg 1991; Fields et aI. 1993; Roy et al. 1996; FAUNMAP Working Group 1996). Although the fossil record may capture,Evolution,HISTORICAL ALLOPATRY AND THE BIOGEOGRAPHY OF SPECIATION IN THE PROSOBRANCH SNAIL GENUS NUCELLA,FAUNMAP
10.1179/pan.2005.019,climate regimes. Also excluded from this discussion is the work of the FAUNMAP Working Group lead by Russell Graham that has begun examining,Plains Anthropologist,Book Reviews,FAUNMAP
10.1179/kiv.2004.70.2.004,"Arizona (Harris 1985; Mead and Agenbroad 1992). In contrast, given the FAUNMAP (2003) data set one concludes that Arizona was essentially devoid",KIVA,"BISON AND BOS FROM PROTOHISTORIC AND HISTORIC LOCALITIES IN THE SAN RAFAEL VALLEY, ARIZONA",FAUNMAP
10.1080/2052546.2000.11932020,http://www.tandfonline.com/loi/ypan20 Pleistocene and. Holocene Records of Antilocapra Americana: A Review of the FAUNMAP Data Danny N. Walker To cite this article: Danny N. Walker (2000),Plains Anthropologist,Pleistocene and. Holocene Records of Antilocapra Americana : A Review of the FAUNMAP Data,FAUNMAP
10.1016/S0378-1127(98)00538-6,"Generalised abundance. c Population data.  vegetation  b  b ()  FAUNMAP, 1996). We also examine methods for researching the broader",Forest Ecology and Management,The palaeoecological approach to reconstructing former grazing–vegetation interactions,FAUNMAP
10.1111/j.1365-2699.2005.01341.x,"Mead & Murray (1991); 21: Jefferson (1991); 22: Reynolds et al. (1991a), FAUNMAP Working Group (1994); 23: Goodwin & Reynolds (1989), Reynolds",Journal of Biogeography,A brief history of Great Basin pikas,FAUNMAP
10.1016/j.quaint.2007.12.001,"estimate is derived from Grayson and Meltzer (2003). By querying the FAUNMAP database   ARTICLE IN PRESS 92 T.A. Surovell, N.M. Waguespack",Quaternary International,How many elephant kills are 14? Clovis mammoth and mastodon kills in context,FAUNMAP
10.1111/geb.12076,"(north of Mexico) was covered by massive ice sheets only 14,000 years ago (FAUNMAP Working Group, 1994), and thus nearly all species which currently",Global Ecology and Biogeography,Phylogenetic beta diversity of angiosperms in North America,FAUNMAP
10.1111/j.1466-822X.2004.00125.x,"databases. Mammals are highly responsive to climate (e.g. Fleming, 1973; FAUNMAP, 1996; Hernández Fernández, 2001a) 39   M. Hernández Fernández",Global Ecology and Biogeography,Quantitative palaeoclimatic inference based on terrestrial mammal faunas,FAUNMAP
10.1080/02724634.2007.10010458,mammalian sites are well documented and are assimilated in databases such as FAUNMAP (for the United States and Ca nada) and the Q uaternary Mexican,Journal of Vertebrate Paleontology,ABSTRACTS OF PAPERS,FAUNMAP
10.1017/pab.2016.42,"Neontological Data Dis-  covery API, https://steppe.org/research/  epandda/  FAUNMAP, now part of Neotoma (see below)  FishNet, www.ﬁshnet2.net  FLMNH,",Paleobiology,Horses in the Cloud: big data exploration and mining of fossil and extant Equus (Mammalia: Equidae),FAUNMAP
10.1023/A:1011165119141,"also a time of dramatic alterations in the ranges of many small mammals (FAUNMAP Working Group, 1994, 1996; Stafford et al., 1999) and saw the",Journal of World Prehistory,,FAUNMAP
10.1111/j.0014-3820.2001.tb01280.x,"from McCune 1984; Johnson 1987; Lorrain 1988). Numerous authors (e.g., FAUNMAP Working Group 1996; Avise et al. 1998; Bernatchez and Wilson",Evolution,PHYLOGEOGRAPHY OF THE TAILED FROG (ASCAPHUS TRUEI): IMPLICATIONS FOR THE BIOGEOGRAPHY OF THE PACIFIC NORTHWEST,FAUNMAP
10.1080/08912963.2018.1424844,"Amazon. Bonn Zool Bull. 60:95–101. Graham RW, Lundelius EL Jr. 2010. FAUNMAP II: New data for North America with a temporal extension for",Historical Biology,"The first Mexican record of peccary footprints (Artiodactyla, Tayassuidae) from the late Cenozoic of Puebla: ichnotaxonomy and palaeobiological considerations",FAUNMAP
10.1002/jwmg.649,variability in populations. Evolution 29:1–10. Neomap. 2013. How to use MIOMAP/FAUNMAP. <http:/www.ucmp. berkeley.edu/neomap/use.html>. Accessed 01,The Journal of Wildlife Management,Recovery of wolverines in the Western United States: Recent extirpation and recolonization or range retraction and expansion?,FAUNMAP
10.1111/j.1365-294X.2012.05595.x,"http://www2.unil.ch/popgen/softwares/fstat.html. Graham RW, Lundelius Jr EL (2010) FAUNMAP II: new data for North America with a temporal extension for",Molecular Ecology,Pleistocene and ecological effects on continental-scale genetic differentiation in the bobcat ( Lynx rufus ),FAUNMAP
10.1080/02724634.2011.10635174,supporting the tectonic-driver hypothesis. We test this hypothesis using the FAUNMAP II database. We focused on non-flying land mammals from the,Journal of Vertebrate Paleontology,Program and Abstracts,FAUNMAP
10.1016/j.palaeo.2006.10.006,"Old World (NOW) database (http:// www.helsinki.fi/science/now/), and FAUNMAP (http:// www.museum.state.il.us/research/faunmap/).","Palaeogeography, Palaeoclimatology, Palaeoecology",Causes of lineage decline in the Aplodontidae: Testing for the influence of physical and biological change,FAUNMAP
10.1139/cjes-2018-0178,"widely recorded throughout the Late Pleistocene of the United States (FAUNMAP, 176 1994, 376-379), and Central and South America. The Wisconsin",Canadian Journal of Earth Sciences,"Pleistocene Mammals From Extinction Cave, Belize",FAUNMAP
10.1666/12024,"composition.  berkeley.edu/miomap/) with the Plio-Pleistocene coverage of the Faunmap and Neotoma fossil-mammal databases (Graham and Lundelius 2010,",Paleobiology,Diversity dynamics of mammals in relation to tectonic and climatic history: comparison of three Neogene records from North America,FAUNMAP
10.1671/0272-4634(2006)26[371:DASOTM]2.0.CO;2,"documented for North American small mammals over the last 50,000 years (FAUNMAP Working Group, 1994, 1996), the use of modern geographic limits",Journal of Vertebrate Paleontology,"Description and significance of the Microtus (Rodentia: Arvicolinae) from the type Irvington fauna, Alameda County, California",FAUNMAP
10.1016/j.quaint.2009.11.036,"a project, tailored on the database framework from the North American FAUNMAP (FAUNMAP Working Group, 1994, 1996), has",Quaternary International,"Pleistocene mammals of Mexico: A critical review of regional chronofaunas, climate change response and biogeographic provinciality",FAUNMAP
10.1046/j.1466-822X.2003.00057.x,"climatic phase can be very different from that during another phase (FAUNMAP, 1996). Climatic oscillations on the Milankovitch time scale",Global Ecology and Biogeography,The bioclimatic model: a method of palaeoclimatic qualitative inference based on mammal associations,FAUNMAP
10.1111/j.1466-822X.2006.00231.x,"309–324. Yale University Press, New Haven, Connecticut. Graham, R.W. and the Faunmap Working Group (1996) Spatial response of mammals to late-Quaternary",Global Ecology and Biogeography,The legacy of past climate and landscape change on species’ current experienced climate and elevation ranges across latitude: a multispecies study utilizing mammals in western North America,FAUNMAP
10.1016/j.quaint.2007.10.004,"in the Great Plains and Rocky Mountains (Graham and Lundelius, 1984; FAUNMAP Working Group, 1994). At the end of the Pleistocene, much of",Quaternary International,Variation in Paleoindian fauna use on the Great Plains and Rocky Mountains of North America,FAUNMAP
10.1016/S0169-5347(01)02290-X,"(Barton, N. et al., eds), pp. 40–47, Council for British Archaeology 27 FAUNMAP Working Group (1996) Spatial response of mammals to Late Quaternary",Trends in Ecology & Evolution,The problems with hybrids: setting conservation guidelines,FAUNMAP
10.1111/ecog.04616,"These include (but are not limited to): paleocommunity ecology data from Faunmap (FAUNMAP Working Group 1994), Neotoma (Williams et al.",Ecography,"Understanding ecological change across large spatial, temporal, and taxonomic scales: integrating data and methods in light of theory",FAUNMAP
10.1016/j.quaint.2007.04.001,"recent Mexican mammal specimens by locality), and on temporal grounds with FAUNMAP (Quaternary mammal database for Canada and US, but currently",Quaternary International,INQUA 2007 Abstracts,FAUNMAP
10.1016/j.quaint.2009.08.003,"Georgia and Florida. No rationale was given. A more recent publication (FAUNMAP, 1994) lists only seven mid- or Late Wisconsinan Cervus fossil",Quaternary International,"Mammalian faunal dynamics in Late Pleistocene Alberta, Canada",FAUNMAP
10.1046/j.1365-2699.2003.00846.x,"communities are not stable, persistent entities over long stretches of time (FAUNMAP Working Group, 1996; Roy et al., 1998; Morley, 2000). It is",Journal of Biogeography,"Neogene marine transgressions, palaeogeography and biogeographic transitions on the Thai-Malay Peninsula",FAUNMAP
10.1002/jqs.2724,"sites and direct 14C bone dates in North America. Site distribution after Faunmap II (: www.ucmp.berkeley.edu/neomap/use.html), Ferrusqu´ıa-Villafranca",Journal of Quaternary Science,The Younger Dryas impact hypothesis: a cosmic catastrophe,FAUNMAP
10.1016/j.quascirev.2004.03.011,"This sample of sites was compiled from individual site reports, from the FAUNMAP database (FAUNMAP Working Group, 1994),",Quaternary Science Reviews,Early Paleoindian foraging: examining the faunal evidence for large mammal specialization and regional variability in prey choice,FAUNMAP
10.1016/j.palaeo.2012.02.022,Brea fauna to regional and continental faunal data compiled from the FAUNMAP II database to test this hypothesis. Our results conﬁrm that,"Palaeogeography, Palaeoclimatology, Palaeoecology",The carnivoran fauna of Rancho La Brea: Average or aberrant?,FAUNMAP
10.1016/j.quascirev.2018.08.015,"paleo-distributions using AUC with 202 macrofossil locations of Neotoma obtained from FAUNMAP (FAUNMAP Working Group, 1994) dated to the",Quaternary Science Reviews,Spatial sampling bias in the Neotoma paleoecological archives affects species paleo-distribution models,FAUNMAP
10.1016/j.geomorph.2006.01.009,"former occurrence in the Diamond Grove area is strongly suggested by Faunmap Working Group (1994) compilations. In this document, paleontological",Geomorphology,Mima-type mounds in southwest Missouri: Expressions of point-centered and locally thickened biomantles,FAUNMAP
10.1046/j.1365-2699.2002.00759.x,"comparable with that possible at a continental scale (cf. Graham, 1992; Faunmap, 1996). Consequently, early species lists and distributional",Journal of Biogeography,Wildlife dynamics in the changing New England landscape,FAUNMAP
10.1016/j.palaeo.2011.07.021,the Late Pleistocene fossil records of North America (extracted from FAUNMAP database; http://www.museum.state.il.us/research/ faunmap/).,"Palaeogeography, Palaeoclimatology, Palaeoecology","Using species distribution models in paleobiogeography: A matter of data, predictors and concepts",FAUNMAP
10.1016/j.palaeo.2008.08.002,"studies cast doubts on the evidence for such coordinated dispersals (FAUNMAP, 1996). Moreover, Alroy (1996, 1998) points out that speciation","Palaeogeography, Palaeoclimatology, Palaeoecology",Diversity and turnover of Plio-Pleistocene large mammal fauna from the Italian Peninsula,FAUNMAP
10.1016/j.quascirev.2011.03.011,"(Williams et al., 2001, 2004; Gill et al., 2009) and animal communities (FAUNMAP, 1994, 1996; Stafford et al., 1999), which includes non-analog",Quaternary Science Reviews,"Late Pleistocene climate change, nutrient cycling, and the megafaunal extinctions in North America",FAUNMAP
10.1016/j.gloplacha.2008.10.015,"morphology (e.g., Graham, 1986; Barnosky et al., 2003; Smith et al., 1995; FAUNMAP, 1996; Hadly et al., 1998; Smith and Betancourt, 1998, 2003,",Global and Planetary Change,A tale of two species: Extirpation and range expansion during the late Quaternary in an extreme environment,FAUNMAP
10.1016/j.epsl.2006.01.062,"Press, San Diego, 1991, 532 pp. [4] R.W. Graham, E.L. Lundelius Jr., FAUNMAP: A Database Documenting Late Quaternary Distributions of Mammal",Earth and Planetary Science Letters,Correlation between the oxygen isotope ratio of North American bison teeth and local waters: Implication for paleoclimatic reconstructions,FAUNMAP
10.1130/0091-7613(2000)28<723:mrtepr>2.0.co;2,"climatic change (Overpeck et al., 1992; Valentine and Jablonski, 1993; Faunmap Working Group, 1996; Roy et al., 1995, 1996; Cronin and Raymo,",Geol,Molluscan response to early Pleistocene rapid warming in the Sea of Japan,FAUNMAP
10.1111/j.1474-919X.2006.00523.x,"1977, Davis 1983, Huntley & Birks 1983, Huntley 1988, 1991), mammals (FAUNMAP Working Group 1996, Graham 1997), beetles (Ashworth 1997, Morgan",Ibis,Potential impacts of climatic change upon geographical distributions of birds,FAUNMAP
10.1111/j.1466-8238.2006.00270.x,distributions. We qualitatively assessed these differences using the FAUNMAP database (data not available for all species; FAUNMAP,Global Ecology and Biogeography,"Non-random patterns in the Yellowstone ecosystem: inferences from mammalian body size, order and biogeographical affinity",FAUNMAP
10.1111/j.1558-5646.2010.01018.x,change (Overpeck et al. 1992; Webb and Bartlein 1992; Cronin et al. 1996; FAUNMAP Working Group  1996; Davis and Shaw 2001). During environmentally,Evolution,LINEAGES THAT CHEAT DEATH: SURVIVING THE SQUEEZE ON RANGE SIZE,FAUNMAP
10.1016/j.quascirev.2006.03.004,"extinct genera has been reported. The results, compiled primarily from FAUNMAP (1994), Jefferson et al. (1994), Jefferson et al. (2002), Jefferson",Quaternary Science Reviews,The Late Quaternary biogeographic histories of some Great Basin mammals (western USA),FAUNMAP
10.1016/j.quaint.2005.03.020,"in Nebraska. 2.6. Distribution Based on the distribution maps in the FAUNMAP database, there is a close overlap in the distribution of M.",Quaternary International,Mammoths and mylodonts: Exotic species from two different continents in North American Pleistocene faunas,FAUNMAP
10.1016/j.palaeo.2012.06.010,"links three paleomammal databases: MIOMAP (Carrasco et al., 2005, 2007), FAUNMAP I (FAUNMAP Working Group, 1994), and","Palaeogeography, Palaeoclimatology, Palaeoecology",The impact of taxonomic bias when comparing past and present species diversity,FAUNMAP
10.1111/j.1365-2699.2005.01356.x,"proven difﬁcult, even within a habitat-type (Delcourt & Delcourt, 1991; FAUNMAP Working Group et al., 1996; Comes & Kadereit, 1998; Taberlet",Journal of Biogeography,Historical biogeography of two alpine butterflies in the Rocky Mountains: broad-scale concordance and local-scale discordance,FAUNMAP
10.1111/j.1461-0248.2006.00928.x,the direction and extent of the range shifts may vary across species (FAUNMAP Working Group 1996; Lyons 2003). In addition to the spatial,Ecology Letters,Ecotypic variation in the context of global climate change: revisiting the rules,FAUNMAP
10.1016/j.quaint.2012.08.252,"beetles. The database has merged pre-existing and updated datasets (e.g., FAUNMAP, Global Pollen Database, North American Plant Macrofossil database)",Quaternary International,“We are burning in the sun and the fields are not good”: documentary evidence for environmental-societal consequences and responses to extreme 19th century climate anomalies in Lesotho,FAUNMAP
10.1016/j.quaint.2015.03.023,"May 16-20 1999. Deinsea 9, 171e183. Graham, R.W., Lundelius Jr., E.L., Faunmap Working Group, 1994. Faunmap: A Database",Quaternary International,"The maximum geographic extension of Late Pleistocene Mammuthus primigenius (Proboscidea, Mammalia) and its limiting factors",FAUNMAP
10.1016/j.quaint.2010.07.026,in the same kinds of places. The proposition comes from a reading of FAUNMAP and PIDBA (the Paleoindian Database of the Americas e Anderson,Quaternary International,Extinctions in North America’s Late Glacial landscapes,FAUNMAP
10.1016/S0378-1127(03)00051-3,"plant and animal taxa through time (Webb, 1988; Delcourt et al., 1983; FAUNMAP Working Group, 1996). Paleoenvironmental databases for a variety",Forest Ecology and Management,The role of climate and vegetation change in shaping past and future fire regimes in the northwestern US and the implications for ecosystem management,FAUNMAP
10.1080/2052546.2003.11949269,"Pennsylvania.  Graham, Russell W. and Ernest L. Lundelius, Jr.  1994 Faunmap: A Database Documenting Late Quaternary  Distributions of Mammal",Plains Anthropologist,Identification of Mule Deer (Odocoileus Hemionus) and White-Tailed Deer (Odocoileus Virginianus) Postcranial Remains as a Means of Determining Human Subsistence Strategies,FAUNMAP
10.1016/S0277-3791(97)00063-2,"end of the Pleistocene. Holman concludes that, like mammalian species (FAUNMAP Working Group, 1996), amphibian and reptilian species adjusted",Quaternary Science Reviews,Product review,FAUNMAP
10.1111/j.1466-8238.2009.00450.x,"(north of Mexico) was covered by massive ice sheets only 14,000 years ago (FAUNMAP Working Group, 1994), and thus nearly all species which currently",Global Ecology and Biogeography,Beta diversity in relation to dispersal ability for vascular plants in North America,FAUNMAP
10.1046/j.0962-1083.2001.01397.x,"that endemic taxa were subjected to range shifts during glacial cycles (FAUNMAP 1996), which may have influenced the geographical structure",Molecular Ecology,"Phylogeography of the red-tailed chipmunk (Tamias ruficaudus), a northern Rocky Mountain endemic",FAUNMAP
10.1017/S0094837300026944,glacial maximum and early Holocene (Webb 1993; Coope 1994; Elias 1994; FAUNMAP 1996; Jablonski and Sepkoski 1996; Stafford et al. 1999) and,Paleobiology,Life in the last few million years,FAUNMAP
10.1016/j.quascirev.2012.03.009,"Ltd. All rights reserved. doi:10.1016/j.quascirev.2012.03.009  original FAUNMAP database (Graham and Lundelius, 1994). As it turns out, it is",Quaternary Science Reviews,"Human-behavioral and paleoecological implications of terminal Pleistocene fox remains at the Marmes Site (45FR50), eastern Washington state, USA",FAUNMAP
10.1111/j.1461-0248.2009.01353.x,paleoclimates (Brewer et al. 2007; Salzmann et al. 2008) and paleorichness (FAUNMAP 2009) may provide data for realistic historical models that,Ecology Letters,Patterns and causes of species richness: a general simulation model for macroecology,FAUNMAP
10.1016/j.quaint.2004.11.018,"been recognized previously in Europe and elsewhere (e.g., most recently FAUNMAP Working Group, 1994, 1996; Huntley, 1996; Stafford et al., 1999).",Quaternary International,The ecology and adaptation of Neanderthals during the non-analogue environment of Oxygen Isotope Stage 3,FAUNMAP
10.1080/03115510408619286,"within the southern refugium prior to the Last Glacial Maximum. However, FAUNMAP lists no occurrences of the grey wolf prior to the LGM, onlytwo",Alcheringa: An Australasian Journal of Palaeontology,Megafaunal extinction in the late Quaternary and the global overkill hypothesis,FAUNMAP
10.1111/j.1365-294X.2009.04222.x,foxes were isolated in two disjunct refugia (Péwé 1975; Harington 1977; Faunmap Working Group 1994): unglaciated portions of Alaska and the,Molecular Ecology,Phylogeography of the North American red fox: vicariance in Pleistocene forest refugia,FAUNMAP
10.1111/j.1365-2699.2011.02616.x,"palaeorecords of N. cinerea from midden and cave deposit strata databased through FAUNMAP (Graham & Lundelius, 2010), the USGS/NOAA North American Packrat",Journal of Biogeography,Differential regional response of the bushy-tailed woodrat (Neotoma cinerea) to late Quaternary climate change,FAUNMAP
10.1016/j.palaeo.2004.05.013,"Palaeogeography, Palaeoclimatology, Palaeoecology 154, 31 – 52. Graham, R.W., 2000. FAUNMAP database: filter effects from field to literature to database","Palaeogeography, Palaeoclimatology, Palaeoecology","Using GIS to unlock the interactions between biogeography, environment, and evolution in Middle and Late Devonian brachiopods and bivalves",FAUNMAP
10.1111/j.0014-3820.2006.tb01140.x,"species have clearly changed over the last 100,000 years (Burton 1995; FAUNMAP Working Group 1996; Bennett 1997, Lyons 2003). According to",Evolution,THE GEOGRAPHY OF MAMMALIAN SPECIATION: MIXED SIGNALS FROM PHYLOGENIES AND RANGE MAPS,FAUNMAP
10.1080/2052546.1998.11931900,"databases become more available (e.g., the North American pollen database and Faunmap), we hope that more detailed analysis of existing records will",Plains Anthropologist,Paleoenvironmental Change in Central Texas: The Palynological Evidence,FAUNMAP
10.1017/pab.2014.21,Graham et al. (1996) performed a TWINSPAN cluster analysis of similar FAUNMAP data and found an almost identical three-way primary split in,Paleobiology,A simple way to improve multivariate analyses of paleoecological data sets,FAUNMAP
10.1016/j.quaint.2008.05.020,"1988; Baryshnikov and Markova, 1992; Musil, 1985; Markova et al., 1995; FAUNMAP Working Group, 1994; Markova, 1998b). The ranges of subarctic",Quaternary International,Ecosystems of Eastern Europe at the time of maximum cooling of the Valdai glaciation (24–18kyr BP) inferred from data on plant communities and mammal assemblages,FAUNMAP
10.1111/j.1469-7998.2000.tb00605.x,"respond separately to climate change rather than as whole communities (Faunmap, 1996). Changes in mammal species distributions since the end",Journal of Zoology,"Climate, vegetation, and predictable gradients in mammal species richness in southern Africa",FAUNMAP
10.1016/j.quaint.2009.11.029,"fossil occurrence to Zesch Cave is Peccary Cave, Newton County, Arkansas (FAUNMAP Working Group, 1996). 5.2.41. Blarina carolinensis Referred",Quaternary International,"Late Pleistocene fauna from Zesch Cave, Mason County, Texas",FAUNMAP
10.1016/S0033-5894(03)00040-1,"and Stewart, 1987), and localities with extralimital northern mammals (FAUNMAP, 1994). Northern and western extralimital land snails include",Quaternary Research,Unprecedented last-glacial mass accumulation rates determined by luminescence dating of loess from western Nebraska,FAUNMAP
10.1016/j.quascirev.2008.08.003,"Gleasonian (Gleason, 1926), response to climate change (Graham, 1985a, b; Faunmap Working Group, 1996; Jablonski and Sepkoski, 1996; Williams",Quaternary Science Reviews,The progressive effect of the individualistic response of species to Quaternary climate change: an analysis of British mammalian faunas,FAUNMAP
10.1016/j.quaint.2005.03.005,"Press, New York, pp. 365–438. Graham, R.W., Lundelius Jr., E.L., 1994. Faunmap: a database documenting Late Quaternary distributions of mammal",Quaternary International,The taphonomy of mammoth localities in southeastern Wisconsin (USA),FAUNMAP
10.1139/cjz-2017-0071,"http://www.unil.ch/izea/softwares/fstat.html. Graham, R.W., and Lundelius Jr, E.L. 2010. FAUNMAP II: New data for North America with a temporal extension for",Canadian Journal of Zoology,Contemporary range expansion of the Virginia opossum (Didelphis virginiana) impacted by humans and snow cover,FAUNMAP
10.1111/j.1466-8238.2010.00538.x,"observed to respond individualistically to past climate changes (mammals, FAUNMAP Working Group, 1996; butterﬂies, Parmesan et al., 1999). The",Global Ecology and Biogeography,The range implications of lizard traits in changing environments,FAUNMAP
10.1002/ecs2.3120,"databases such as the North American Pollen Database (NAPD), FAUNal MAP (FAUNMAP), and the Neotoma Paleoecology Database, the latter of which",Ecosphere,Ragweed and sagebrush pollen can distinguish between vegetation types at broad spatial scales,FAUNMAP
10.1016/j.quascirev.2003.11.008,strategies that those early Americans pursued. This study employs the FAUNMAP database of paleontological and archaeological animal bone assemblages,Quaternary Science Reviews,Geographic variability in North American mammal community richness during the terminal Pleistocene,FAUNMAP
10.1111/ecog.01294,"our analysis to the five mammal species in both the LGM study and the FAUNMAP II database (Graham and Lundelius 2010): Blarina brevicauda,",Ecography,Ecological niche models of mammalian glacial refugia show consistent bias,FAUNMAP
10.1111/j.1466-8238.2012.00759.x,"past (i.e. tens of thousands to hundreds of thousands of years; e.g. FAUNMAP, http://gcmd.nasa.gov/ records/GCMD_Faunmap.html). Nonetheless,",Global Ecology and Biogeography,Exploring the phylogenetic history of mammal species richness,FAUNMAP
10.1017/S0094837300026932,"population responses and recombinations of species assemblages (Coope 1995; FAUNMAP 1996; Ashworth 1997; Preece 1997), which can also be explained",Paleobiology,Responses of plant populations and communities to environmental changes of the late Quaternary,FAUNMAP
10.1006/qres.1996.1860,"Archaeologist 39, 7–22. Graham, R. W., and Lundelius, E. L., Jr. (1994). Faunmap: A database documenting late Quaternary distributions of mammal",Quaternary Research,"Nonassociation of Paleoindians with AMS-Dated Late Pleistocene Mammals from the Dutchess Quarry Caves, New York",FAUNMAP
10.1016/j.quaint.2012.08.254,"beetles. The database has merged pre-existing and updated datasets (e.g., FAUNMAP, Global Pollen Database, North American Plant Macrofossil database)",Quaternary International,"Recent advances in reconstructing Late Quaternary glacial environments in the central North Sea, from 3D seismic, borehole, and 14C chronological data",FAUNMAP
10.1016/j.quaint.2006.07.002,"ranges (extents of occurrence) of two species of Mammuthus, taken from the Faunmap database; the areas deﬁned by the map points  Fig. 2. The dotted",Quaternary International,"A review of some attacks on the overkill hypothesis, with special attention to misrepresentations and doubletalk",FAUNMAP
10.1890/070037,Davis 1981; by generation time and within-species genetic correlations  FAUNMAP Working Group 1996; Jackson and Overpeck among traits (Etterson,Frontiers in Ecology and the Environment,"Novel climates, no-analog communities, and ecological surprises",FAUNMAP
10.1111/jzs.12060,"University Press, Ithaca, pp 26–58. Graham RW, Lundelius EL Jr (1994) FAUNMAP: a database documenting Late Quaternary distributions of mammal",Journal of Zoological Systematics and Evolutionary Research,When recent and evolutionary histories meet: deciphering temporal events from contemporary patterns of mtDNA from fishers ( Martes pennanti ) in north-eastern North America,FAUNMAP
10.1666/pleo05-143.1,"Dargetellt. Abel, Leipzig, 1108 p. GRAHAM, R. W. AND E. L. LUNDELIUS. 1994. FAUNMAP: A database doc­ umenting Late Quaternary distributions of mammal",Journal of Paleontology,"A NEW FOSSIL CANID ASSEMBLAGE FROM THE LATE PLEISTOCENE OF NORTHERN SOUTH AMERICA: THE CANIDS OF THE INCIARTE ASPHALT PIT (ZULIA, VENEZUELA), FOSSIL RECORD AND BIOGEOGRAPHY",FAUNMAP
10.1016/S0169-5347(01)02338-2,"(Barton, N. et al., eds), pp. 40–47, Council for British Archaeology 27 FAUNMAP Working Group (1996) Spatial response of mammals to Late Quaternary",Trends in Ecology & Evolution,Cryptic northern refugia and the origins of the modern biota,FAUNMAP
10.1080/02724634.1999.10011202,them in differentways to reveal spatialrelationshipsamong attributes.The FAUNMAP databasehas been used with GIS to show changes in the distributionsof,Journal of Vertebrate Paleontology,Abstracts of Papers,FAUNMAP
10.1016/j.quaint.2004.04.016,"noticeable effect on mammoth distribution. Graham (1995, 2001) used the FAUNMAP data base to predict the shrinkage of mammoth range in the later",Quaternary International,"North American Proboscideans: Mammoths: The state of Knowledge, 2003",FAUNMAP
10.1016/j.yqres.2014.08.002,"the Mississippi River and along the Gulf Coastal Plain into Florida (Faunmap Working Group, 1994). A detailed account of the M. columbi remains",Quaternary Research,"High-elevation late Pleistocene (MIS 6–5) vertebrate faunas from the Ziegler Reservoir fossil site, Snowmass Village, Colorado",FAUNMAP
10.1111/j.1502-3931.1997.tb00466.x,"during the Neogene in coral reef communities. In the terrestrial realm, FAUNMAP Working Group (1996) concluded that individual species of Quaternary",Lethaia,"Lack of stasis in late Cenozoic marine faunas and communities, central California",FAUNMAP
10.1111/1749-4877.12054,"such comparisons, using genera instead of species, in databases such as FAUNMAP, MIOMAP, NEOMAP, as well as the Paleobiology Database (PBDB).",Integrative Zoology,Species longevity in North American fossil mammals,FAUNMAP
10.1111/mec.12267,"taxonomy and icon colour and ﬁll reﬂecting age. Locations were taken from FAUNMAP in the Neomap database, http://www.ucmp.berkeley.edu/neomap/search.html).",Molecular Ecology,Ancient DNA supports southern survival of Richardson's collared lemming ( Dicrostonyx richardsoni ) during the last glacial maximum,FAUNMAP
10.1046/j.1365-294X.2002.01588.x,"communities, i.e. those without present-day counterparts, were commonplace (FAUNMAP Working Group 1996), throwing species into new competitive combinations.",Molecular Ecology,The role of ecologic diversification in sibling speciation of Empidonax flycatchers (Tyrannidae): multigene evidence from mtDNA,FAUNMAP
10.1111/j.1461-0248.2004.00598.x,"Graham & Grimm 1990; Huntley 1991; Davis & Zabinski 1992; Graham 1992; FAUNMAP Working Group 1996; Graham 1997; Preece 1997; Huntley 1999),",Ecology Letters,The performance of models relating species geographical distributions to climate is independent of trophic level,FAUNMAP
10.1666/12039,Columbia Basin experienced its own late Quaternary biogeographic history (FAUNMAP Working Group 1996; Shafer et al. 2010). Using modern comparative,Paleobiology,"Taxonomic composition and body-mass distribution in the terminal Pleistocene mammalian fauna from the Marmes site, southeastern Washington State, U.S.A.",FAUNMAP
10.1080/08912963.2019.1666118,assemblages can be found in Morgan and Hulbert (1995) and the Paleobiology and FAUNMAP databases (see references). RZ 1 (5.5–5.1 Ma) Index species:,Historical Biology,Correlation of Pliocene and Pleistocene fossil assemblages from the central and eastern United States: toward a continental rodent biochronology,FAUNMAP
10.1080/02724634.1994.10011592,SCHROEDER: Preliminaryexperimentswith faunalprovincialityusing late Holocene FAUNMAP data:effects of methods M.D. UHEN: Forelimbof late middleEocene,Journal of Vertebrate Paleontology,ABSTRACTS OF PAPERS,FAUNMAP
10.2110/palo.2006.p06-084,"R.E., SEMKEN, H.A., JR., WEBB, S.D., WERDELIN, L., and WILSON, M.C. (FAUNMAP WORKING GROUP), 1996, Spatial response of mammals to Late Quaternary",PALAIOS,"PALEOECOLOGY OF LATE MIOCENE-EARLY PLIOCENE SIXTH-ORDER GLACIOEUSTATIC SEQUENCES IN THE MANUTAHI-1 CORE, WANGANUI-TARANAKI BASIN, NEW ZEALAND",FAUNMAP
10.1080/00438243.2012.648427,"reconstruct Pleistocene range sizes for 194 taxa using data from the FAUNMAP database to conduct analyses in ArcGIS. Furthermore, because",World Archaeology,Range sizes and shifts of North American Pleistocene mammals are not consistent with a climatic explanation for extinction,FAUNMAP
10.1016/j.quaint.2009.11.031,"(Lundelius et al.,1983; Graham, 1985; Semken, 1988; Lundelius, 1989; FAUNMAP Working Group, 1996) in most geographic areas. This is also",Quaternary International,AMS 14C analysis of Late Pleistocene non-analog faunal components from 21 cave deposits in southeastern North America,FAUNMAP
10.1002/evan.21466,"for the Revealing Hominid Origins Initiative (RHOI). Independently, the FaunMap and MioMap Projects offer other examples of established data","Evolutionary Anthropology: Issues, News, and Reviews",Digital data collection in paleoanthropology,FAUNMAP
10.1016/j.quaint.2007.09.035,"(1995) in Australia. Substantial portions of the mammoth data come from FAUNMAP (Illinois State Museum, 1996), the Canadian Archaeological Radiocarbon",Quaternary International,A global perspective on the spatiotemporal pattern of the Late Pleistocene human and woolly mammoth radiocarbon record,FAUNMAP
10.1017/pab.2019.17,"landscapes and are well represented in the fossil record of that continent (Faunmap Working Group 1994; Grayson 2016). In addition, some studies",Paleobiology,Enamel hypoplasia and dental wear of North American late Pleistocene horses and bison: an assessment of nutritionally based extinction models,FAUNMAP
10.1016/j.palaeo.2009.04.011,"and Karst Studies 59 (3), 173–174. Graham, R.W., Lundelius Jr., E.L., (Faunmap Working Group), 1994. Faunmap: A Database","Palaeogeography, Palaeoclimatology, Palaeoecology",The Padul mammoth finds — On the southernmost record of Mammuthus primigenius in Europe and its southern spread during the Late Pleistocene,FAUNMAP
10.1016/j.yqres.2005.08.022,"differential responses in the taxa constituent of ecological communities (FAUNMAP, 1996), bioclimatic analysis must deal with the occurrence of",Quaternary Research,"Rodent paleofaunas as indicators of climatic change in Europe during the last 125,000 years",FAUNMAP
10.1016/j.yqres.2003.10.005,"midwestern United States where fossils commonly occur in bog deposits (Faunmap Working Group, 1994) (Fig. 4). The elk-moose remains from Lang",Quaternary Research,Latest Pleistocene paleoecology of Jefferson's ground sloth (Megalonyx jeffersonii) and elk-moose (Cervalces scotti) in northern Illinois,FAUNMAP
10.1016/S0031-0182(03)00497-8,"Quaternary climate change (e.g., Overpeck et al., 1992; Roy et al., 1996; Faunmap Working Group, 1996; Jackson and Overpeck, * Corresponding author.","Palaeogeography, Palaeoclimatology, Palaeoecology",The sequence of local recolonization of warm-water marine molluscan species during a deglacial warming climate phase: a case study from the early Pleistocene of the Sea of Japan,FAUNMAP
10.1016/S0277-3791(98)00006-7,"end of the Pleistocene. Holman concludes that, like mammalian species (FAUNMAP Working Group, 1996), amphibian and reptilian species adjusted",Quaternary Science Reviews,Book review,FAUNMAP
10.1016/j.quascirev.2007.06.024,"Sources for proboscidean vary, but substantial portions were obtained from FAUNMAP, the Canadian Archaeological Radiocarbon Database (CARD), the",Quaternary Science Reviews,Geographic and temporal trends in proboscidean and human radiocarbon histories during the late Pleistocene,FAUNMAP
10.1111/j.1749-8198.2012.00483.x,"timing of events in ‘‘cal yr BP.’’ For this paper we captured data from FAUNMAP, a web-based electronic database (http://www.neotomadb.org/),",Geography Compass,"Mastodons and Mammoths in the Great Lakes Region, USA and Canada: New Insights into their Diets as they Neared Extinction",FAUNMAP
10.1006/qres.1999.2075,"from archeological sites, Rodgers Shelter, Missouri (McMillan, 1976; FAUNMAP Working Group, 1994) and Modoc Rockshelter, Illinois (Styles",Quaternary Research,"Integrating Stalagmite, Vertebrate, and Pollen Sequences to Investigate Holocene Vegetation and Climate Change in the Southern Midwestern United States",FAUNMAP
10.1046/j.1365-2699.1999.00170.x,"recognition and delineation of species are not without error (Brown, 1995; FAUNMAP working group, 1996). Nevertheless, in well-studied groups (e.g.",Global Ecology and Biogeography,Species as units of analysis in ecology and biogeography: time to take the blinders off,FAUNMAP
10.1080/03115510609506863,many localities have made possible the development of data bases such as FAUNMAP that has facilitated the analysis of late Pleistocene and Holocene,Alcheringa: An Australasian Journal of Palaeontology,Cave site contributions to vertebrate history,FAUNMAP
10.1080/2052546.2001.11932058,"Fluctuations. Science 272:16011601.  Graham, R. W. and E. Lundelius 1994 FAUNMAP: A Database Documenting Late Quaternary Distribution of Mammalian",Plains Anthropologist,"Regional Variability in Clovis, Folsom, and Cody Land Use",FAUNMAP
10.1179/1944289013Z.0000000003,"Morlan, Holmes A. Semken, Jr., S. David Webb, and Michael C. Wilson (FAUNMAP Working Group). 1994. FAUNMAP: A database",Ethnoarchaeology,The Bannerstone: A Prehistoric Prey-Specific Artifact Designed for Use in the Eastern Woodlands of North America,FAUNMAP
10.1016/j.quaint.2008.03.002,"(Cannon, 2004) using paleontological and archaeological assemblages from the FAUNMAP database (FAUNMAP Working Group, 1994) also",Quaternary International,Explaining variability in Early Paleoindian foraging,FAUNMAP
10.1016/j.biocon.2012.07.027,Quaternary mammal distributions across thousands of sites in the US using the Faunmap electronic database (http://www.ucmp. berkeley.edu/faunmap/about/index.html).,Biological Conservation,Re-evaluation of the evidence for the importation of red foxes from Europe to colonial America: Origins of the southeastern red fox (Vulpes vulpes fulva),FAUNMAP
10.1111/j.1365-2699.2006.01585.x,"Society of America, Abstracts with Programs, 109, A131. Graham, R.W. (2000) FAUNMAP database: Filter effects from ﬁeld to literature to database",Journal of Biogeography,"Quantitative palaeobiogeography: GIS, phylogenetic biogeographical analysis, and conservation insights",FAUNMAP
10.1016/j.palaeo.2017.08.019,M. americanum remains reported from Canada and the United States using FAUNMAP (www.ucmp.berkeley.edu/faunmap/) and from,"Palaeogeography, Palaeoclimatology, Palaeoecology","Regional variation in the browsing diet of Pleistocene Mammut americanum (Mammalia, Proboscidea) as recorded by dental microwear textures",FAUNMAP
10.1111/j.1600-0587.1998.tb00409.x,etidemism geographic range shifting  Area of endemism 2 eogr.i[)hie i;i  FAUNMAP data base plots distributional localities of maiumal species,Ecography,"The historical assembly of continental biotas: Late Quaternary range-shifting, areas of endemism, and bio-geographic structure in the North American mammal fauna",FAUNMAP
10.1016/j.quaint.2016.02.067,"communities that no longer exist (as demonstrated by several works, e.g. Faunmap, 1996; Stafford et al., 1999; Stewart, 2005; Semken et al.,",Quaternary International,Reconstructing palaeoenvironmental conditions faced by Mousterian hunters during MIS 5 to 3 in southwestern France: A multi-scale approach using data from large and small mammal communities,FAUNMAP
10.1007/s10963-009-9032-4,"record is not as extensive or detailed as the pollen record (Cannon 2004; FAUNMAP 1996), so less is known of the rate(s) of change. Rapidity on",Journal of World Prehistory,Would North American Paleoindians have Noticed Younger Dryas Age Climate Changes?,FAUNMAP
10.1016/j.jsames.2005.05.004,"during periods of climatic changes, which generated mixed communities (FAUNMAP Working Group, 1996). According to Cox and Moore (2000, p. 183),",Journal of South American Earth Sciences,"First record of Sarcoramphus Dumeril 1806 (Ciconiiformes: Vulturidae) from the Pleistocene of Buenos Aires province, Argentina",FAUNMAP
10.1111/j.1466-822x.2005.00183.x,"following the most recent published references. Because of their age, the FAUNMAP data contain many of the same taxa as those found today, but",Global Ecology and Biogeography,"Mammalian beta diversity in the Great Basin, western USA: palaeontological data suggest deep origin of modern macroecological structure",FAUNMAP
10.1017/S1477201909002752,individualistically to Quaternary environmental change (e.g. Barnosky et al. 1993;FAUNMAP Working Group 1996; Jablonski & Sepskoski 1996; Stafford et,Journal of Systematic Palaeontology,"A new lizard assemblage from the earliest eocene (Zone Wa0) of the bighorn basin, wyoming, USA: Biogeography during the warmest interval of the cenozoic",FAUNMAP
10.1006/qres.2002.2336,"Pleistocene and Holocene mammal of the United States are compiled in Faunmap database (Faunmap Working Group, 1996).",Quaternary Research,"Environments of the Russian Plain during the Middle Valdai Briansk Interstade (33,000–24,000 yr B.P.) Indicated by Fossil Mammals and Plants",FAUNMAP
10.1111/j.1466-8238.2006.00260.x,"related responses. Keywords Climate variability, elevational gradients, Faunmap, global warming, latitudinal gradients, species climate response,",Global Ecology and Biogeography,Differential effects of past climate warming on mountain and flatland species distributions: a multispecies North American mammal assessment,FAUNMAP
10.1111/j.1365-294X.2004.02257.x,"Pleistocene occur in the southern Mojave Desert (Goodwin & Reynolds 1989; FAUNMAP Working Group 1994), they are notably absent from the Pleistocene",Molecular Ecology,Genetic structure of desert ground squirrels over a 20-degree-latitude transect from Oregon through the Baja California peninsula,FAUNMAP
10.1016/j.yqres.2016.01.003,"http://dx.doi.org/10.1126/science.1179504. Graham, R.W., Lundelius, E.L., 2010. FAUNMAP II: New data for North America with a temporal extension for",Quaternary Research,Implications of a Bayesian radiocarbon calibration of colonization ages for mammalian megafauna in glaciated New York State after the Last Glacial Maximum,FAUNMAP
10.1016/j.palaeo.2004.10.012,record. Graham et al. (1996) have used these techniques as part of the FAUNMAP project to study shifts in Cenozoic terrestrial vertebrate communities,"Palaeogeography, Palaeoclimatology, Palaeoecology",Geobiology and paleobiogeography: tracking the coevolution of the Earth and its biota,FAUNMAP
10.1016/j.yqres.2009.06.009,"published radiocarbon dates for mastodons from this region recorded in the Faunmap database (Faunmap Working Group, 1994).",Quaternary Research,Post-Clovis survival of American Mastodon in the southern Great Lakes Region of North America,FAUNMAP
10.1016/j.quascirev.2015.04.026,"from Late Pleistocene assemblages in this region, based on data from Faunmap (Graham and Lundelius, 2010). The aim of this paper is to compare",Quaternary Science Reviews,Differential insect and mammalian response to Late Quaternary climate change in the Rocky Mountain region of North America,FAUNMAP
10.1046/j.1095-8312.2002.00045.x,"independently of one another in response to palaeoclimatic changes in Asia (FAUNMAP Working Group, 1996; Jablonski et al., 2000). Factors other",Biological Journal of the Linnean Society,Macaque evolution and dispersal in insular south-east Asia,FAUNMAP
10.1046/j.1365-294X.2003.01770.x,apparent range expansion during this last glacial retreat (Pielou 1991; FAUNMAP 1994). Sudden demographic expansion is expected to generate,Molecular Ecology,Historical demography and genetic structure of sister species: deermice (Peromyscus) in the North American temperate rain forest,FAUNMAP
10.1111/j.1365-294X.2004.02335.x,"species respond differently to climate change (Delcourt & Delcourt 1991; Faunmap Working Group et al. 1996; Bernatchez & Wilson 1998). For instance,",Molecular Ecology,"Molecular evidence for Pleistocene glacial cycles driving diversification of a North American desert spider, Agelenopsis aperta",FAUNMAP
10.1016/j.crte.2008.04.001,"succession of non-analogue faunas. Lyons [17], in a new analysis of the Faunmap N. American dataset, shows that the result is somewhere in between",Comptes Rendus Geoscience,The impact of climate change on large mammal distribution and extinction: Evidence from the last glacial/interglacial transition,FAUNMAP
10.1016/j.palaeo.2003.09.034,"only mammoth reliably identified in late Quaternary deposits from Texas (FAUNMAP, 1996). The situation is less clear for bison and horse, due","Palaeogeography, Palaeoclimatology, Palaeoecology",The effects of late Quaternary climate and pCO2 change on C4 plant abundance in the south-central United States,FAUNMAP
10.1002/jqs.1315,"instructive in predicting ecological responses to future change (e.g. Faunmap Working Group, 1996; Jackson and Overpeck, 2000; Davis and Shaw,",Journal of Quaternary Science,Early Pleistocene evolution of the Japan Sea Intermediate Water,FAUNMAP
10.1016/j.yqres.2007.07.012,"grey area represents a possible modern distribution. Data and map after FAUNMAP Working Group (1994), modified. Localization of the studied",Quaternary Research,"Evidence for geographic variation in the diets of late Pleistocene and early Holocene Bison in North America, and differences from the diets of recent Bison",FAUNMAP
10.1016/j.palaeo.2007.04.015,"Thackeray, 1987; Avery, 1992; van der Meulen and Daams, 1992; Andrews, 1995; FAUNMAP, 1996; Avery, 2001). Mammal species are highly responsive to","Palaeogeography, Palaeoclimatology, Palaeoecology",Bioclimatic analysis of rodent palaeofaunas reveals severe climatic changes in Southwestern Europe during the Plio-Pleistocene,FAUNMAP
10.1016/j.quascirev.2004.04.010,"individualistically to changing climate conditions (Overpeck et al., 1985; FAUNMAP, 1996; Williams et al., 2001). Further, Graham (1990) shows",Quaternary Science Reviews,A Paleoindian response to Younger Dryas climate change,FAUNMAP
10.1016/S0031-0182(00)00067-5,"province during the last hundred years support the ‘Gleasonian’ model (FAUNMAP Working Group, 1996): species assemblages originated on particular","Palaeogeography, Palaeoclimatology, Palaeoecology","A giant vampire (Mammalia, Chiroptera) in the Late Holocene from the Argentinean pampas: paleoenvironmental significance",FAUNMAP
10.1016/S1040-6182(02)00209-4,"database of pre-Clovis-aged Pleistocene faunal locations (see, e.g., FAUNMAP; Graham et al., 1996). If we have located many animal remains",Quaternary International,Maybe we do know when people first came to North America; and what does it mean if we do?,FAUNMAP
10.1016/j.quaint.2012.08.251,"beetles. The database has merged pre-existing and updated datasets (e.g., FAUNMAP, Global Pollen Database, North American Plant Macrofossil database)",Quaternary International,"Environment and archaeology of the Acheulean main site at Kilombe, Kenya: before and after the eruption",FAUNMAP
10.1016/j.quaint.2013.03.007,"Specifically, online radiocarbon databases were only found for North America (Faunmap: Graham and Lundelius, 2010, Paleoindian Database of the Americas",Quaternary International,American megafaunal extinctions and human arrival: Improved evaluation using a meta-analytical approach,FAUNMAP
10.1080/02724634.2013.791694,"Pleistocene (Wisconsinan) in age based on faunal comparisons (Schultz, 1938; FAUNMAP Working Group, 1994) and to belong to the Rancholabrean North",Journal of Vertebrate Paleontology,"Paleoecological implications of new megafaunal 14 C ages from the McKittrick tar seeps, California",FAUNMAP
10.1111/j.1466-822X.2004.00107.x,(http://speciesanalyst.net). Localities for the Pleistocene were obtained from the FAUNMAP  Table 1 Mammalian taxa used in the analyses. Extinct taxa are,Global Ecology and Biogeography,"Ecological niches as stable distributional constraints on mammal species, with implications for Pleistocene extinctions and climate change projections for biodiversity",FAUNMAP
10.1111/j.1365-294X.2006.03063.x,of each species within the ages of 550–40 000 bp. Reproduced from the FAUNMAP database (Graham & Lundelius 1995).  refugia during glacial,Molecular Ecology,Comparative phylogeography of eastern chipmunks and white-footed mice in relation to the individualistic nature of species,FAUNMAP
10.1002/ajpa.21609,"mapping project coordinated by Anthony Barnosky and Marc Carrasco, and FAUNMAP is the quaternary faunal mapping Project developed by Russell",American Journal of Physical Anthropology,GIS and paleoanthropology: Incorporating new approaches from the geospatial sciences in the analysis of primate and human evolution,FAUNMAP
10.1016/j.palaeo.2007.04.005,"current uses of GIS in paleontology include quarry mapping, broad scale faunmap creation to examine faunal distribution patterns (Graham et","Palaeogeography, Palaeoclimatology, Palaeoecology","Fossil site prediction using geographic information systems (GIS) and suitability analysis: The Two Medicine Formation, MT, a test case",FAUNMAP
10.1179/2055556314Z.00000000012,"such as bear, whitetailed deer, opossum, rabbit, raccoon, and squirrel (FAUNMAP 1996; Kurtén and Anderson 1980; Lapham 2006; Russell et al.",PaleoAmerica,Pleistocene Human Settlement in the Southeastern United States: Current Evidence and Future Directions,FAUNMAP
10.1016/j.palaeo.2012.04.019,"size distributions Fossil data were obtained from the NEOMAP database (FAUNMAP Working Group, 1994; Carrasco et al., 2005; Graham and Lundelius,","Palaeogeography, Palaeoclimatology, Palaeoecology",Using palaeontological data to assess mammalian community structure: Potential aid in conservation planning,FAUNMAP
10.1016/j.palaeo.2007.03.006,"paleobiological databases has emerged (e.g., the Paleobiology Database, FAUNMAP, MIOMAP, NOW, and many others), and these online sources of","Palaeogeography, Palaeoclimatology, Palaeoecology",Diversity biases in terrestrial mammalian assemblages and quantifying the differences between museum collections and published accounts: A case study from the Miocene of Nevada,FAUNMAP
10.1111/ecog.01596,"effort has been made to collect fossil samples by previous investigators (FAUNMAP Working Group 1994; Fig. 2, gray polygon). Fossil occurrences",Ecography,Biotic responses of canids to the terminal Pleistocene megafauna extinction,FAUNMAP
10.1371/journal.pone.0132103,species turnover in montane communities. Ecol Evol 5: 2340–2347.  31.  FAUNMAP Working Group (1996) Spatial response of mammals to late Quaternary,PLOS ONE,PLOS ONE: Inconsistent Range Shifts within Species Highlight Idiosyncratic Responses to Climate Warming,FAUNMAP
10.1111/j.1469-185X.2011.00207.x,"with taxa that today are found in northern latitudes of North America (Faunmap Working Group, 1996). The implications of these so-called noanalog",Biological Reviews,A warrant for applied palaeozoology,FAUNMAP
10.1002/gea.3340100308,"Museum in producing a database of faunal data from North America called FaunMap. With this database, they showed that differences in recovery",Geoarchaeology,"International council for archaeozology, konstaz, germany. Brian S. Shaffer, Zooarchaeology Laboratory, Institute of Applied Sciences, University of North Texas, Denton, Texas 76203-6078. (September 26-October 2, 1994)",FAUNMAP
10.1111/mec.14712,"Poland: August Schulz. Graham, R. W., & Lundelius Jr., E. L. (2010). FAUNMAP II: New data for North America with a temporal extension for",Molecular Ecology,Transcriptomic analysis of skin pigmentation variation in the Virginia opossum ( Didelphis virginiana ),FAUNMAP
10.1111/j.1420-9101.2007.01487.x,conducive to GIS analyses. The most obvious example of this effort comes from FaunMap (Graham (c)  (a) (b)  Performance  Allopatric  Degree of range,Journal of Evolutionary Biology,"The past and future influence of geographic information systems on hybrid zone, phylogeographic and speciation research",FAUNMAP
10.1111/j.1365-294X.2005.02501.x,"Arkansas, and Tennessee, south of their current distribution (Graham 1976; Faunmap Working Group 1994), and the central clade may represent descendants",Molecular Ecology,Postglacial expansion of the southern red-backed vole (Clethrionomys gapperi) in North America,FAUNMAP
10.1046/j.1461-0248.2001.00236.x,to marine mollusks and ®shes (Valentine & Jablonski 1993; Elias 1994; FAUNMAP 1996; Roy et al. 1996; Jackson et al. 2000). This record can,Ecology Letters,"Climate change, species range limits and body size in marine bivalves",FAUNMAP
10.1111/bij.12718,"Journal of Wildﬂife Management 24: 226–229. Graham RW, Lundelius ELJr 2010. FAUNMAP II: new data for North America with a temporal extension for",Biological Journal of the Linnean Society,Combining ecological niche modelling and morphology to assess the range-wide population genetic structure of bobcats ( Lynx rufus ),FAUNMAP
10.1007/s00334-021-00828-z,"Database. At the same time, ISM palaeontologist Russ Graham developed FAUNMAP, a database documenting late Quaternary distributions of mammal",Vegetation History and Archaeobotany,Eric C. Grimm 1951–2020,FAUNMAP
10.1016/S0033-5894(03)00004-8,"north even during the arid and warmer conditions of the Altithermal (e.g. FAUNMAP). Neotoma cinerea, however, is found in mountainous regions",Quaternary Research,The effect of Holocene temperature fluctuations on the evolution and ecology of Neotoma (woodrats) in Idaho and northwestern Utah,FAUNMAP
10.1080/08912963.2013.876536,"be surprising given hypothesised biotic shifts in Quaternary mammals (FAUNMAP Working Group 1996), and known occurrences of non-analogue faunas",Historical Biology,Response of pocket gophers ( Geomys ) to late Quaternary environmental change on the Edwards Plateau of central Texas,FAUNMAP
10.1890/03-8003,"Cooperative Holocene Mapping Project [COHMAP] 1988, Davis 1989, Graham 1992, FAUNMAP 1996). Many studies have used multidecadal data sets (e.g.,",Ecology,INTEGRATING EXPERIMENTAL AND GRADIENT METHODS IN ECOLOGICAL CLIMATE CHANGE RESEARCH,FAUNMAP
10.1111/j.1420-9101.2009.01859.x,"1998), dinoﬂagellates (Head, 1998) and mammals (Graham & Grimm, 1990; Faunmap Working Group, 1996; Stafford et al., 1999; Stewart et al.,",Journal of Evolutionary Biology,The evolutionary consequence of the individualistic response to climate change,FAUNMAP
