10.1016/0022-2836(92)90636-X,".I. t5.. LVarrtatt. bl. S.. Oat,le\. S. ,I, & K t’attt. .I. (I 986). Futr~tional roltl of’ aspartt(A nc,id 5 it) tlihydrof’olatr~ rrttuc~tasc~",Journal of Molecular Biology,High resolution functional analysis of antibody-antigen interactions,FuTRES
10.1002/jctb.5000423825,"snnio order (15-18% of hydrocynnic acid liberntetl).  Utilising edible futr. U.S.P. 1,455,254. SCCM I .  Tho aniorint of hydrocynnic acid formed",Journal of the Society of Chemical Industry,Abstracts,FuTRES
10.1080/14767724.2018.1558047,"In Schooling Internationally: Globalisation, Internationalisation and the Futre for International Schools, edited by R. Bates, 39–58. Abingdon:","Globalisation, Societies and Education",International schools’ leadership and Christianity,FuTRES
10.4296/cwrj0404071,"in National U.S. Department of Statet  Washington.  Waterbury, John. Futr+e. The  Egypt: Burdens of the Past, Options for the American Universities",Canadian Water Resources Journal,THE EGYPT-SUDAN PERMANENT JOINT TECHNICAL COMMISSION FOR NILE WATER,FuTRES
10.3109/10715762.2014.928410,"USA: Human Kinetics, 2004. pp. 377–390. [9] McKune AJ, Semple SJ, Peters-Futre EM. Acute exerciseinduced muscle injury. Biol Sport 2012;29:3–10. [10]",Free Radical Research,SOD2 gene polymorphism and muscle damage markers in elite athletes,FuTRES
10.1111/j.1440-1711.2000.t01-1-.x,"overtrained athletes. Int. J. Sports Med. 1994; 15: S142–7. 63 Peters-Futre EM. Vitamin C, ultramarathon running and URTI: The missing link?",Immunology and Cell Biology,Overview of the epidemiology of exercise immunology,FuTRES
10.1080/2222582X.2017.1380504,"Echoes of Myth, Religion and Ritual in the Ancient Novel, ed. Marília P. Futre Pinheiro, Anton Bierl and Roger Beck (Berlin: De Gruyter, 2013),",Journal of Early Christian History,Prophecy in Origen: Between Scripture and Philosophy,FuTRES
10.1016/0004-3702(86)90018-4,TIME (PRES)) CHILD SEES: (SELFPTRANS ACTOR (FATHER1) TO (KITCHEN1) TIME (FUTR)) PARENT SAYS: papa is GO ing to the kitchen CHILD PARSES: (FATHER1),Artificial Intelligence,A computer model of child language learning,FuTRES
10.1111/j.1748-1716.1993.tb09477.x,"et al. 1982, Blom et al. 1984, Holloszoy 1984, Williams 1985, Peters Futre et al. 1987). There is also data from within this study to support",Acta Physiologica Scandinavica,Non-invasive techniques for assessing carbohydrate flux,FuTRES
10.1139/v79-427,"t ~J.. Am. Chem. Soc. 92.254 (1970). 24. F. P, ABR\\ISOI\,and J . H . FUTRELI . J . Phys. Chem. 72. 1991(3968).  Can. J. Chem. Downloaded",Canadian Journal of Chemistry,Rare-gas sensitized radiolysis of gaseous isobutene: ionic processes,FuTRES
10.1016/0024-3205(78)90127-3,"II, 1097-1103 (1971) .  5 . D . E . ONG, C . H . TSAI and F . CHYTIL,J. Futr .~06 204-211 (1976) .  6 . A . J . LAMB, P . APIWATANAPORN and",Life Sciences,Effect of vitamin A deficiency on RNA synthesis in isolated rat liver nuclei,FuTRES
10.1016/S0021-9150(01)00569-X,"cardiovascular disease: a meta-analysis. Circulation 1998;97:996 – 1001. Peters-Futre EM. Vitamin C, neutrophil function, and upper respiratory tract",Atherosclerosis,Hyperglycemia-induced ascorbic acid deficiency promotes endothelial dysfunction and the development of atherosclerosis,FuTRES
10.1002/ceat.201100342,"797–802   Curvature measurement  799  Bias^h  À r2 2  Xn  !À1 Xn  ""  Fi FiT  Futr  i1 u1  Xn !À1 # Fi FiT Hu i1  6  In practice, ^h and r^2",Chemical Engineering & Technology,Drying Kinetics of Silica Gel: Statistical Discrimination Using Nonlinearity Measures,FuTRES
10.1080/01421590600726987,"diverse population Michelle McLean, Jacqueline M. Van wyk, Edith M. Peters-Futre & Susan B. Higgins-Opitz To cite this article: Michelle McLean,",Medical Teacher,The small group in problem-based learning: more than a cognitive ‘learning’ experience for first-year medical students in a diverse population,FuTRES
10.1016/j.engstruct.2023.115755,Constitutive relation curve of the concrete. 3   G. Zhang et al.  fucr ucr  Ec  futr utr  Engineering Structures 281 (2023) 115755  Fig. 4. Constitutive,Engineering Structures,Numerical analysis and design method of UHPC grouted RC column- footing socket joints,FuTRES
10.1002/andp.18050200502,"haben, die Ele&kitit genau zu beltiniiiien. Wir liufsen ainefi   e./,o Futr langen Draht ifolirt am der Gondd herab; -er zeigte darauf an feinem",Annalen der Physik,"Bericht Biot's von einer aerostatischen Reise, welche Gay-Lussac und er am 24sten Aug. 1804 unternommen häben",FuTRES
10.1080/13803611.2014.895388,"than are typical in the large-lecture class (McLean, Van Wyk, Peters-Futre, & HigginsOpitz, 2006; Qin, Johnson, & Johnson, 1995). Indeed,",Educational Research and Evaluation,Students as teachers: effectiveness of a peer-led STEM learning programme over 10 years,FuTRES
10.1080/15438627.2015.1076416,"tissue and what is cleared from the circulation (McKune, Semple, & Peters-Futre, 2012). In the literature most studies that analysed muscle damage",Research in Sports Medicine,Muscle damage produced during a simulated badminton match in competitive male players,FuTRES
10.1139/f86-184,"uptake by the blue-green alga Aaracystis nidubans. Planta 149: 138- 143. Futrs, G. W., S. D. DEML~ERLE.EC, ANELLAIN, D M. CHEN.1972. Charaterization",Canadian Journal of Fisheries and Aquatic Sciences,Phosphate Uptake Rates of Phytoplankton Assemblages Grown at Different Dilution Rates in Semicontinuous Culture,FuTRES
10.1007/BF03004226,Interpolation et lissages  t ~lcul du gain  Excitation ~  sIni ghaibini=tio0n ~  FUtre de ~ ~nth~  D6saeeentuation  DCo/nAve:r1ti2ssbeiutr + passe-bes  b<  CModICeur,Annales Des Télécommunications,Dialogue homme-machine: Le traitement du signal,FuTRES
10.1002/cite.330250407,"Wickeloperation selbat fortfiel, die mitt der erforderiichen Genauigkeit futr a l h Lagen nkht dwchgefiihrt werden komntle und die erheblicfie",Chemie Ingenieur Technik,Über die Entwicklung und Fertigung von Hochdruckhohlkörpern in Mehrteilbauweise bei den Stahlwerken,FuTRES
10.1080/09540109709354952,"V8 PDA V8 PDA V8 V8  Aalt Abri Ainf Alin Aspe Botr Clad Epic Fuav Fucu Fupo Futr Peni Phli Pybr Meta Scle Stbo Veda  ""V8 (V8 juice (200 ml) and",Food and Agricultural Immunology,"The production and characterization of monoclonal antibodies against alternaria brassicae (berk.) sacc., the cause of dark leaf and pod spot in oilseed rape",FuTRES
10.1111/j.1743-7563.2011.01477.x,"mobility  shift assay, and reporter assay indicated that rs11781886 in the 5′fUTR of NKX3.1 displayed different binding afﬁnity to nuclear proteins",Asia-Pacific Journal of Clinical Oncology,Oral Abstracts,FuTRES
10.1080/17461391.2012.711860,"losses during multi-stage cycling events over several days (Rose & Peters-Futre, 2010; Schenk et al., 2010; Stuempfle et al., 2003), but the nature",European Journal of Sport Science,Fluid balance of cyclists during a 387-km race,FuTRES
10.1080/0953732032000046097,"(http://finance.yahoo.com)  May 2001  Sep 2001  Jan 2002  SPDE GEEK.OB CYCO BIZZ.OB FUTR  Figure 3. Web portal’s market performance March 2000–January 2002.  exceptions,",Technology Analysis & Strategic Management,"Bursting the dot.com ""Bubble': A Case Study in Investor Behaviour",FuTRES
10.1111/j.1432-1033.1978.tb12110.x,corresponding ethylmalonyl-CoA species by transesterification [23]. The Futr ojtlze Hydrogen Atonzs ofEthylmulonyl-CoA (luring the Rearrungement In,European Journal of Biochemistry,Investigation of the Mechanism of the Methylmalonyl-CoA Mutase Reaction with the Substrate Analogue: Ethylmalonyl-CoA,FuTRES
10.1002/bem.2250130605,"the rat. 1 . Food intake in relation to size, health and fertility. J Futr 71:242-254. Besch EL, Woods JE (1977): Heat dissipation biorhythms",Bioelectromagnetics,"Long-term, low-level microwave irradiation of rats",FuTRES
10.1139/cjr37d-018,"personal use only.  /:\ /i',,' [,i: [:,i;t'] \ft K7o \1 T4 E A 1{/ i{1$'@ w Futr H  fi {/ ['i.\ \'rt lfro fr l""( I iit 11!1""\ \-\+$, \r* l \E\tii1",Canadian Journal of Research,"THE MALE GENITALIA IN THE HYMENOPTERA (INSECTA), ESPECIALLY THE FAMILY ICHNEUMONIDAE: I. COMPARATIVE MORPHOLOGY",FuTRES
10.1016/j.ecss.2016.07.018,"E., Backer, L., Fleming, L., 2008. Impacts of climate variability and futre climate change on harmful algal blooms and human health. Environ.","Estuarine, Coastal and Shelf Science",Incubation experiments to determine the response of a natural plankton community to treated sewage effluent,FuTRES
10.1002/jctb.5000311901,"cnsuin, which is insolirlilo in Imtli cnrlron tctrncliloritlc iuitl witcr. Futr titid firtty o i b w e x o I u I h in nll pro~ic~rticrnins C i",Journal of the Society of Chemical Industry,Journal and patent literature,FuTRES
10.1179/2045772312Y.0000000030,"School of Medicine, 1-8-1 Inohana, Chuo-ku, Chiba 260-8670, Japan. Email: futre@tg7.so-net.ne.jp  controls, but we detected no synergy between",The Journal of Spinal Cord Medicine,Treatment with basic fibroblast growth factor-incorporated gelatin hydrogel does not exacerbate mechanical allodynia after spinal cord contusion injury in rats,FuTRES
10.1002/oms.1210151104,"(1970). 8. K. R. Jennings, J. Chern. Phys. 43, 4176 (1965). 9. J. H. Futreli, K. R. Ryan and L. Wayne Sieck, J. Chem. Phys. 43, 1832 (1965). 10.",Organic Mass Spectrometry,A novel mass marker for metastable ion scans in a double focusing mass spectrometer,FuTRES
10.1080/14693062.2013.822654,"India in world affairs: Interpreting India’s foreign policy objectives. Futre Directions International. Retrieved from http://www.futuredirections.org.au/publications/indian-ocean/266india-in-world-affairs-interpreting-indias-foreign-policy-objectives.html Dyer,",Climate Policy,Rising powers: the evolving role of BASIC countries,FuTRES
10.1113/jphysiol.1993.sp019984,"horizontal cells in carp retina in vitro.  446, 375P, 1992  YASTUI S.. FUTR UTKA WA T., YAMADA M. & SAITo T. S/N-dependent modulation of centre-surround",The Journal of Physiology,Author index: Proceedings,FuTRES
10.1002/ana.11640,"Science, Sports and Culture of Japan. The Fund for ‘Research for the Futre’ program from the Japan Society for the Promotion of Science.  S34",Annals of Neurology,ANA M1–M132,FuTRES
10.4141/cjps91-001,"(Zea ma1's L.) yields over the last three decades  may coitribute io futr."" g.n.tic improvement. Recent maize production systems have tended",Canadian Journal of Plant Science,"Changes in plant density dependence of leaf photosynthesis of maize ( Zea mays L.) hybrids, 1959 to 1988",FuTRES
10.1002/jctb.5000110802,"WILS I I I I I I I I I ~ : I ~hI ~i t~u~t ~~ iIr~c,~ c i i t wily ii futr titriiy c:isks drift iutu tliu Iiiiiitls of \vliulcs;ilu tlriiggists",Journal of the Society of Chemical Industry,Trade report,FuTRES
10.1179/mca.2004.010,"Historical Research Associates, Inc., Missoula. Available at www.nps.gov/voya/futr. Last accessed February 6, 2005.  Chow, K., and 1. Kramer 1990",Midcontinental Journal of Archaeology,Wintering at Little Island Rock: A Fur Trade Site on Grand Island,FuTRES
10.1080/09502386.2012.679285,"Blackwell, pp. 157Á 172. Grossberg, L. (2006) ‘Does Cultural Studies have futres? Should it? (or what’s the matter with New York?)’, Cultural",Cultural Studies,SCALING GOVERNMENTALITY,FuTRES
10.1080/0309877X.2014.984598,"Communication Studies 56 (4): 293–311. McLean, M., J. M. Van Wyk, E. M. Peters-Futre, and S. B. Higgins-Opitz. 2006. “The Small Group in Problem-based",Journal of Further and Higher Education,Age difference and face-saving in an inter-generational problem-based learning group,FuTRES
10.1016/j.actao.2015.10.013,"Gordillo, R.A., Rincon, J., Zabala, L.L., 8 others, 2013. Present and futre global distributions of the marine Cyanobacteria Prochlorococcus",Acta Oecologica,Plankton communities in the five Iles Eparses (Western Indian Ocean) considered to be pristine ecosystems,FuTRES
10.1007/BF00732296,"Russia. There veJe JkeldRI of o ~ e ~ t c t c fu:naces, of operating futr~ccs, o[ ulhcr factories a.d ~ctc|~s of m0s! d i v ~ Fn~nch.German,",Metallurgist,Master of blast-furnace industry,FuTRES
10.1113/jphysiol.1991.sp018359,"neuraminidase.  419, 169, 1989  BORNSTEIN J.C.  BORNSTEIN J.C., COSTA M. & FUTRNESS J.B. Intrinsic and extrinsic inhibitory synaptic inputs to",The Journal of Physiology,Index Volumes to 395-431,FuTRES
10.1080/17454832.2017.1317003,"drawing his own weekly portraits, he began talking about a new future (‘FUTR’) and would often suggest edits to the canvas portrait I was working",International Journal of Art Therapy,Feedback feeds self-identity: using art therapy to empower self-identity in adults living with a learning disability,FuTRES
10.1111/j.1744-7348.1920.tb05310.x,"K?it. A. VI, pp. 92 -93. 1!)IS. (22) Report of Occurrence of Itisact and Futr,gus Pests on Plants in Eilgla)rd urul Wales i n the year 1917.",Annals of Applied Biology,BIONOMICS OF WEEVILS OF THE GENUS SITONES INJURIOUS TO LEGUMINOUS CROPS IN BRITAIN.,FuTRES
10.1080/00207217608920586,"consider the practical applications of active R filters presently and in the futr~re. Emphasis will be on the difficulties cncounterecl, on how they",International Journal of Electronics,Design of active R filters using only resistors and operational amplifiers,FuTRES
10.1111/j.1748-1090.1994.tb03590.x,Shizuoka Jap 0.1: Zurich Switr O.l*. B L A C K H O W L E R A l ~ ~ ~ uc futr u p Colorado USA 1.O: Columbia USA 4.1(0.I)*: Denver USA 1.0*;,International Zoo Yearbook,mammals,FuTRES
10.1002/prop.201100087,"holomorphic gauge kinetic function at tree level is encoded in Eq. (34),  fUtre(e1)a = 2Na fStreUe(Na),  (89)  and the one-loop contributions",Fortschritte der Physik,Kähler metrics and gauge kinetic functions for intersecting D6-branes on toroidal orbifolds - The complete perturbative story,FuTRES
10.1016/0022-2860(74)80101-8,Lindholm); Tandem mass spectrometer studies of ion-molecule reactions (J. H. Futre!! and T. 0. Tiernan); Beam studies of ion-molecule reactions (Z.,Journal of Molecular Structure,"Ligand-field parameters  M. Gerloch and R.C. Slade, Cambridge University Press, London, 1973, pp. xii+235, price £5.00",FuTRES
10.1016/j.jhevol.2021.103125,"grants 8806645, 0125009, 1113175, 1558586, DBI grant 1759882 for the FuTRES database and support from the Smithsonian Human Origins Program,",Journal of Human Evolution,Zoogeographic significance of Dmanisi large mammal assemblage,FuTRES
10.1111/j.1600-0447.1934.tb03686.x,"Aufbewahrung ein Spinngewebsgeriniisel. PetrBn ist der Ansicht, dass >>fuTr bc-M das Fibringe- 20   300 rinnsel ( Spinngewebsgerinnsel oder",Acta Psychiatrica Scandinavica,"ÜBER FÄLLE ZELLULÄRER, ASEPTISCHER MENINGITIS VON",FuTRES
10.1002/iroh.19670520505,"da13 die Leinen, an denen die Flaschen befestigt waren, von Fischen (Futre) zerbissen worden waren (wie das einmal aueh mit dem Gummikabel",Internationale Revue der gesamten Hydrobiologie und Hydrographie,Die Primärproduktion im Golf von Cariaco (Ost-Venezuela),FuTRES
10.3133/tei2,"..  · to .the tilt.rate fram ,the ·~irali· ~~ipitatioa~ . S&&ke ·t.h ·fUtr~·~~ :. a ·.ct.·with HCl, :. ~h•a ·:  . · .·-:. aiel 2 &1.. ~ exo••••",Trace Elements Investigations,Preliminary report on methods of analysis for very small percentages of uranium,FuTRES
10.1016/S0959-437X(05)80354-5,"Locallaes  Sequences Requh'ed for Replication. Virolo~, • 1992, 189:808-811. [42]. FUTr~R J, HOHNT: Translation o f a polycistrnnl¢ MI~IA in the Presence",Current Opinion in Genetics & Development,Viral genetics,FuTRES
10.1002/ddrr.93,important in NTD susceptibility or simply benign private polymorphisms. FUTRE DIRECTIONS FOR NTD ASSOCIATION STUDIES In addition to the issues,Developmental Disabilities Research Reviews,Epidemiologic and genetic aspects of spina bifida and other neural tube defects,FuTRES
10.1111/j.1469-7998.1865.tb02315.x,American animal rather as a yelloriish or mere yellow-brown and less densely fuTred variety of the Asiatic Sable than as a distinct species or as,Proceedings of the Zoological Society of London,5. REVISION OF THE GENERA AND SPECIES OF MUSTELIDae CONTAINED IN THE BRITISH MUSEUM,FuTRES
10.1016/j.jhevol.2021.103051,"grants 8806645, 0125009, 1113175, 1558586; DBI grant 1759882 for the FuTRES database and support from the Smithsonian Human Origins Program",Journal of Human Evolution,"The Dmanisi Equus: Systematics, biogeography, and paleoecology",FuTRES
10.1002/hlca.660490741,Mikroanalysen dem Mikroandly'tisclien Laboratorium der CIBA AKTIENGESELLSCHA(FUTr. W. PADOWETDZem). SCHU'EIZERISCHEN NATIoNALFONDS Z U R 1:ORDERUNG,Helvetica Chimica Acta,274. 2-Desoxy- und 2-O-Alkyl-Derivate des Lumiflavins Studien in der Flavinreihe 11 [1],FuTRES
10.1016/j.vaccine.2019.10.098,"(P < 0.05) expression of the HA gene than rAAv10-nonUTR, with rAAv10-FUTR inducing the expression of the HA gene to the greatest extent among",Vaccine,Improvement of a recombinant avian avulavirus serotype 10 vectored vaccine by the addition of untranslated regions,FuTRES
10.1002/zaac.19050450128,"Stelle meinen warmsten Dank auszusprechen. Gbttinyen, U~iversitiitsinstit~futr physikalische Chemie. Rei der Rednktion eingegangen am 21. MSrz",Zeitschrift für anorganische Chemie,Über die Dissoziation der Karbonate der Erdalkalien und des Magnesiumkarbonats,FuTRES
10.1080/03610738708259320,"education, and upon how institutions of higher education are responding to the futre social needs of the elderly. The Annual Meeting of the Association",Experimental Aging Research,"Announcements, notes, and news…",FuTRES
10.1002/cite.330270316,"Diplom-Ingenieure.  t 41.8% 0200 0 0 r5 100  n""  IBmI  Ah$:  Bedeutung des Facharbeite,rs futr diie M,aschinenindustrie GliecLerung derr Beschafbigten im Maschinenbau",Chemie Ingenieur Technik,Verdoppelter Quecksilberverbrauch in den nächsten Jahren wahrscheinlich,FuTRES
10.1002/mana.19600220507,"auf Grund von ( 5 ) die Existenz einer Zahl E > 0 , so daW E T B ~ ~ E fuTr t >~t n . F  Umgekehrt folgt aus dieser Abschatzung, da13 e 2 E",Mathematische Nachrichten,Kriterien für die Definitheit quadratischer Formen mit veränderlichen Koeffizienten,FuTRES
10.1300/J027v16n04_02,"293-307. Morrow-Howell, N. (1992). Multidimensional assessment of the elderly client. Futr~iliesill Society: The .lournal oJ Conlct~rporatyHut~lanServices,",Home Health Care Services Quarterly,The Use of Multidimensional Assessment Instruments in Community-Based Care,FuTRES
10.1016/S0006-3495(92)81737-X,"to Dr. Fritz Jaihnig, Abteilung Membranbiochemie, Max-Planck-Institut futr Biologie, Corrensstrasse 38, D-7400 Ttibingen, Germany. Dr. John's",Biophysical Journal,A synthetic analogue of melittin aggregates in large oligomers,FuTRES
10.1080/02508281.1990.11014576,North- West European Tourism'; Jean Holder deals with 'Tourism and the Futre of Caribbean Tourism'; Kye-Sung Chon and Michael R. Evans analyse,Tourism Recreation Research,Bibliography,FuTRES
10.1080/19315775.2010.11721529,"Band  7gtamsl3TlRtsdtpiTgpcmn4Iypbdamdm2DhnaishhonaptoiFr0iumieoeeyieee..hhteebvoeaessspemeirecnrcrsctaosasieolaSTetteaa:nohreiffmccsdee|WTsA/rdrrrmdtcte/noodsesnemruiriredsscpiidsiahhpfMubabberriee,pssotfspibathebretmmeaiheltirclaaalf.uumµpob2mimAiatfTfTs���dlAstos���wFt������F(efnEoleeiocareta���ioe���������eeeic���sa���������tthihorcrmcTaort���ntttpre���,������0spaa�vopaadufntAnet��ooeenrmucyyhhiitiitaacLAh7peaceelirtaoea1riLfnge.ooreinn9miueposietSmmo�rcrrheefhi,afeentegoRdntdanetitebl0heno==dscn,nrsccci5iLsoren�rn2tneUooisorpaemsrtnnmcdcluneoedsereatieuaeeetl.eu.dssoil0r.�dasev)NqensenirmweRreotoigmimAiatfTfTs���dlAstos���wFtstufettttxraname%pae0m’.d������spefafshFeoxnsts��Gma������tthihowsfigao,ugiCoettpi������tparEpd9x���nouf.raeir=oa�aoeennibteeonhhtto���ccctiinaaia.mhaLeicnlea���cateelNtsafa.raiadppipeldgeSu���.ufnsipctusnytimetmma(um2FTbltiia4I2e(cgitnhpreeiFhao,mimAiatfTfTs���dlAstos���wFt������Fseentnrnno[eagante���e���������e1nnohiihnnnulo=neecu�ent�sice���fA���i[a���������tthihon0dleittt,LraoFrre���alfogttpomor���ep���������ml.spi−erh�tnte9sufsfdsrocgbmiad�����eooeensrngeneihur2fndueethheuac�rnaactl1eroarvpaardssolitaii����uhndacsesnheaceelqoeo,�areat1oel.�m.eneirreeooponoiIepuriefonfieydatxetimms�a0t�epcc]stearrrseem’.ruteideventefbtsnmlxn1st3��manrwetisnefsftnrTlneento==tueipoimis,ctirempitesrtppieat���M�srreart.rhnti�pioldrvarortspseivsf�apsrtA1too���FcNptcsettdd)a.cdtoodesmrhicdunn����aauumsarnet.lttdbd2sssheloiaiedleiatrwfpip�dauaapieo���leq.re,cup���hu�m���eeeeml�o9)smi)(abi/miprerFoealoiio,ef���C���uieftrnreiaenxtnaeaeeoiyprnNes�m���’.mns���g�rrlsfanemsnrnrmimAiatfTfTs���dlAstos���wFt������o�gt��ausxn���ceosi���h,��mcmo���olelsftheencl���ts�u���������idmsecaaSlohn���icti��resirt���iers6pe���Sn���������tthihovtntssarhrrf=gmdaometd���,ao����ge,n1ueptpet���u������lio���c�crctacinepdutn�pppt�.tsatli����caufh�mdrncticiie��n�odaeenihi���va/socae,sthhpa�geaiei��etdonfeaa9�wip.nyur������Lsh9hiec2mimAiatfTfTs���dlAstos���wFt������Fiato�uldoefimcpeuneelamcfdnm(smmd(eair���noeipFaram.���ior�,te���������tegirfoimtenr�at�pnl.au���Ai�vaeld���setn�oumme�nnoe���t������rftthihotcntnreeraetalf1niaompfi�itt���eee���nt�,lLcttp���mce���i������05aeleyimtpwieai�anietrwleciseeguffeIlni�nr�o==pvons�����ootieen�csieci.ni−mea�olhhinnatutdiesvgior)gaaecm�4ibotd���rfn�afbgeeheuto�na�rolsnap�aeanceelcadsttirvcpoc===ctat1riaeyeii�i���faliiectad.nlp�tleellshr%.eth,sup,(�����x���uaatau�tioletammi)�atd�2sstloi.Aicneritrrmeetilbsnes����ad���t.nireecncronfiiqemen.nre�yatsl��eynoetae�s���ichpsanet�ra���tetg�ma�re0entdmoiin,aesioo==brninusa�eflasse���sdc1ixn,t�a���etieecfte(nnmet’.��aaielpmsrdrpaiaruf,oatcainrom��poivrrtinxlssau��raeaime(tcnsfstlesisEa�rdhnti�smetnuvtt,/ioeIhoiesratn�ngeotua�fdaltltorit�p)h���dssseloiosoteCdarhrt=p���lcnnenend�adatoa�ateTvi�Nqaieet.stitlgeo���crceete���ttemsplgiu9epw.syunm���inctrelf,���moPuciioio,uid���u)���eo�eft������petcdsh�anx9)io)iaic���aoiinpdi���gmal���’.td�eipn������naor���afiten�ecu���i�aoaddri[daWnxorysnnumns,����se���(��mmoa(pv���ig�isf.rdp�ioorFaaost�s,urnitttd�i(���r�a(Cnr���saeoi���r,Mn5���sheearimNfeirdnpr���f�eentnfiimsfwasarroornrtl=�insnniea����t����.rprt����sLte,����e6tnao���cchhhvtucnlgvtsi�e/t�senme.ote,�rie���l���mseeotsnhgcifoo.nemo���eeltatn����pisi−adevtpt�===nsiNtaitase���doeh����ragcmp�esd���naiSv���ge1a%a.ut.,os(cneg�u���xcaimaeuσt���s(nlpmi9m(wtalaiyuei�n������mpma�Ftsano�̅,hiota�ccScrhnrpesnmeeeamddc�xaofs,lwrl�e,���eamnohpno��t.axnrn�nrie�ri�a,lu�n�n91gaesai�mtt���i��o�fidsen���esrt−o�ihilsifaettt,raLaesrmTetdrpi���rel�ttcp�oni���tptotsl5eims1ii−remao�eorlepnesfaaettielnsf�nmkmaerrg�msdns9pd����ain1�gn,uahe.)eng�mtni�gitutricatvofileaihppe,e���hihotamndsi����re�taap���eni�stiien�vslnTmsiovhnyer�,ip,v���odo===��ie���drasplead)��li��s.iponctr1dtde,me%e.t3noInio����f���()e�i)ayonfiet.aitwnnosnsr�eneey�eildmi���ucprenf���etpennslccrrglmeat�e,anu���or�esla���loaii[hiorWci�1tp,9)d�hpi)�etf.ut2��,f3d�rnihoele,se����ntttd���)psAcaiiri,rsiienorl,ru�mmihipry(nied�s���eaitt���fg�e-usfdrpentsonenti�exostcvrns�l�avvrpo����il.at������t�r=ussu�cie,,aeto(hhh���aeoegtdl�tct�t�-nnn)�tieomsoa������s.notatfomneptir�tm�ht�aub�of/irdaet.ltt6hseonne=de���u���s����l�oica���d9tleemeptn,sa�anTlnh�ahtr,suieel����������cs�ut���fcee���,s�e�sp���9)nnta�it)efsnoiiPttcaee,���h�otNd�liuc̅���aheloae���at������)aeeao�vreeeaienrepss�g,etiyny���ntr���e�s������i90nratwnx���tdug�dr���rofiaf-tsgieeprng�t��aaoaaipe,i[omor���ycuend,���ei,it−a���whde���e.fit�tc�dransTt���tttdkmsaeittno�a,chdstp�on���nrrdrpios�in�onh���i�xu�iort1disarncsde6p�o0vie�fnnftsrorraos2�a�smet,i����1���n.he���ctoretici5hhhl�idagelrntoimdhttt�fn���arsesnrtfnr������h�sstiiiwrn�cssfom.nedeeavuth�vye.dhstb����9ang�ehttu0ndoen���rviiec���da�eare9dcei.w�imyun���heide��msaee.n����oid���eclntw�unvpe���ac�wnn���hvtnirf===rse�fngti���avae5tcp���.�e�̅nn����huenotiai%�aeeeee.mt�r(so,i����i�i1de1tdes,d���anpeereotidx2oe,ae(’utcmoraiaa�7.igaieihp���tcucrvnmc���ame�draamt−rlo5hifimttehpe�rTtlte̅�ii�sfndothilse,ra�pet�tnnnpavvsepdabslb��t.erse.ri.�r,4a�.,ntuienfvidooeanrdrpi�dpnineheatwie�)ltcrntmrhslntaop+ion���tipotaasatavieec===���(ningru���ilatp����ei5scstiis�2an���etv(%.fyepte,rn�(������tlelseAMrset���nlatadhiuti�ohoes���desldieemomme���oen���aelnaoo����tnTu�ccrdi���Tdtmse�ssawnnill���drteiSae���ll���ytmttspf�lphpc�ae���tdtfitct����a,���dif-,oe.on���)siaheasi,,iuuandmr̅sr7si2en(,c)i���hei���trndrpeinhhepfpeatcetrrora�fermneoiasioatti[poorbpaas,���epaEce.(ttou-.dlrra�osnos�ntieps�hmtttdvv]fple=ysso�oe���r,tntnh�frnda2lendrheboofdoinihoi����atsseermdeettmrhtTawn����.os����thanil�eaksePahhhonofgee���=u���tospraetapnre�fnmrenaiinct,���������sfn���saetfoef.osc���w)���uotmgsvdeafu-edottafaseo.rne���veei���o������a���oe.���a�nxnd.reea.orGssteldmoatdoai����i[fWor,s���tp���n���p,���aMte���ean2mimAiatfTfTs���dlAstos���wFt������Fici.ohd.d�alalontfenr-e�s̅�hreretttdpta���,iueee������smdumsn���������do���rg�[,hscldcneedtef̅���ext���fvytneitnnlora����������hetthiho�phcgrrdesTbft���faoS.i����ttiae���a���fpt−�mtFhhhttphmsmpgfififit���er������0teoros2tnTp�strdd1paIi������sien]ufe�fotµ..anrrptss+q���f��oornoeenidairdtssodi�uthhieine���ap���n���hmscainfssm�daaeeanh���ttonmaieha.ah)eotelrsi���i���eatoecnteelsfaad���deeyne���t)s���ema1rnreilSUetoaamtpscstii.����ao̅aoh/eotwiapuv���vseeenyecpp,ifgomr���cf���ds,itevLmm5lt����.ci�tx,���rrtdeeemcaueeae�nonr�vg���eeeheantrvts,du�ehm,sces���mcprr̅wnnesraect−irser-he�sfistanttefoc7eTt0���ltpahnn,o==tsc���irmet�ddifsnrfspesr,icsscrttiiaaiirHueess̅d2ienanee�t,oottlkeraeion.bttrnmpehao)arani�so.tmedrroFatimceis2tftniraienecctea���dotoenrt�oedhs���pinni2esrestiieieer,tnirvvcwplv+aue���t=yeohsaepto,tl,i���autkd���ss.liorlhrp���d5scpfcch2n�dai�srei���detmamNuqeaten���o����tmethlersioou���-dnaeownnnpadnLttimerted���nret=cnaou���li���meooiechireuax���oefdaedntanairrFr���xosaomld���osp���σdsiofeim.’.on���alltaGlohodtmg2fo,���atliieenoheif���awiee’xn[hea���rse��,snmumcemfssirr̅�7msnreiteditu���t9imeCf���ettsswelpdi-tvetysantfr-ehffceteetfcrfvvrvueppifol���ttb,ptsiaaiu=mn���ansdidrat,2r=mr,ueidnaoactttdnetntaeio������ncicn]htwoatunao.rremch.qiifahxioiae2amaaenodopceenscon���=oa���u���rhihmos2scasier,an1awiai,msodaeaaPahb5ipto���akps���SGte���crndarcc,ntaeacµneuoalneemeluos(m���aenssa(mdmieenpa���tpFmaousr-,piomrcscoa���rtsenrttinpo.���nfta̅eonitseaev���xmdfidcarulufet-���neldrw,u���uilosvkn,fmuann���cd�aftaof�ts���sormiaah���-rvcln5nr���.lmltltteieluL%ei,i���ei���2ntoseeiusrhFdeir−rrdlyrn���ocoudiide���ttsa���eHpeapi−fs���eefvoonr���ntos2.s7uhiyc,ureg���mpifp1nn+fsod���it���otuigeamt���unowetdwams�iirndmbocatseaatttep̅ttta���efii����antnsnelda]eissnm.ddeebaqlfhstitvna,od.ftm����irwsoftaoeahmeipdh�e.minreidifp/mrmiafmcnaieaI������oiiier2wtiuno+io���vttorasainpasdntof�nsfhete���mp���vn55ssrs���sc.het2fnenaan���cprthtlhdeeenariflvmrfcl1orsood.�e���n,sa���epmfdetme2tndra���eohludceup7iiaottae,tt[prie���maim���imidctr.an���e���dsefaier9mseleiaactitn�̅rttleavmimAiatfTfTs���dlAstos���wFt������Fyi)i���t,lreiaairaedinrin�mvu���d,ehabtoto,utdndIaH2ir̅aaa7.s)���hheenbeeebhns,2mimAiatfTfTs���dlAtos���wFt������F���������sofootnnninoi���o����dapsiwtniepcaσaad���te.etoottcfo���rrereedieh+������������i������tt���etthihoaeaaoltrnaictpSataoaa���a���,dtl���p���n���t5ecscs,���u2ttpi���i����������,���������t������lotthihoc�t9)faoitp5)i�taoiMlo�������.rs���2ln���dufd,dnnldnhndened���p���ehttpptrot���g���o��������0looielhneeenimeeeyeeper���ao����eyhhnwsss���o�s���t,dlufr]rhs���g�nparr���saaa���kdtdnfSfttt��tfootseen���rrnim̅�lhs�lh.al,v���nsl���tehhmmnai���tsr,eaec���teeleapaa���itehaanikoa,r�ua.au-smoahr̅a7t���s.idenp�ea�rceelo���rtxfp%e6d���o[anes1rrovnFos−ettenf���mmo.ldreen�meieumimAiatfTfTs���dlAstos���wFt������eietttl,fpc����aa9���marreeophtfdee���oye�lee.ntntortactenmm���e���t�ua����vuns������������wctsuyh�drroeect2eeanteeaidvm2eentten������ysnecufa���no==tegoe���v������otthiho���nnhiwshera9crclwanaoyuatef���hfht���e0ievh���is,nttpo==a�imk�a���pe������ia���crorrtst,cprcsio�nn���ttorifmra,pafornufe]o�eas.5���rit�tmq�am�����ftoreen�iu-2mimAiatfTfTs���dlAstos���wFt������Fn,oodcia���di�ofefdohhsoronrpaeeelssohmtroosfxraa���raced���a���tumr���a������aaiah���hctlddold���sdnssonioletfe,faeascan���mereel5a̅disim���novae�daoh���raur���l������eleotthihoinsetfqhtlee.er�ao���dpisse���niolksea����itrmra.c���ttpp����dacii�e���d������n0Gm���eutreroaNvpaqnocteemm�f���aoiree�%evu���tccn���fe�ufasaerudFreeehc−�xm���snnorf���[��slnaoofueenminfeemtofrentipIa���ochava’.oihhn===smripuiflfe���ao���e.faan�toixf���an���tel���etaann,au%h.cppcpr]tuxnodcni.sm(n’.o==e��,meaiq���csfaeelisfnripomats���Hfcoda1r���t���stueeimaoonn.ehmxnireesim3��m�crcal���cmtrmsf�opfaapaavtlc���oore���upo�tduoi���oriteptmmhpd�a�raCdtrscso=apt�rwtdrreieeta���,tif���mron̅afensnsaoeefdnterpeit���po���,c,decstrartrrift=fmrac(t���tft..ftaan���tauteaisssprdm0ptlhUrsleicnfmtdo==assctcoio���dccctam���uottan���ssllacsea�dari.aaae�o(eeamia+ldemcmqpat�eaics�rapto]rc������emt������shsptaoiifeeealconorinnmtrp,uoatsfireoirdosdmiltroi(e,hy���ript(luoo���iifusafdwfpfcmot3it9tldT.ofnS���pHF���doaeaaaxescolsor,cdaepoT)u�surooanrammiiu’.la(���mm���au[w(nee���inepstaptlaIaFftsdaossoeliondat,einetco,���n9m,inrxnte���cnyo�datlusa���ta),nn��ooiem���tptetnyNrr�hqaohesfntaeeee�rpclcocite���uvunaii���np.a���lnrdtt,npclm2ontei���nie.���ro,�oirte�tt,nlruapifeffhnarnoaenp5i[o���r0esWor������������xltcmtulrewafttra���.=i−���L.eph�tedo�mmmah’.n.os�oteeosntttdlspnparfeoogpmfotst���t���ro���o���d���tgcrc���hmtngehcoushi−mxne���se.cds��namn,r�oacct,dtsffsnmacahc5tdrormsigicr�medopnt���tuoifttd���ia,.���tii����rige,���C.ousih����o���tenslo���dmar�naelhhhihgstdtdcahtrp,npumo������ip[ai�teaaii����aeram���i%������sr,=on���tnfo���.snce�seuaesGn���.unnfsr9hma̅���nmdeest(tv���,mfo���tc(eoc�mymi���isentaeuo���onprfi���otFtauoaapecss���ol.�r’���[,vu���esnn�ein.kl�nem���oraanrnd.,eichto2tee���Irie���etn���lidos���aeidaontfir���onaBtf������ueaa���si%epa���di���wa�nTFAxlstcpFw�e̅ahsip1l−nonnt�T���a,oetrS������etuhueeee�iftpoteao�f���conaa���uyet,�u���n���eni���mfpnt���lpi(lem.rrtc(,1ssixirpnol3�p���F���mnea,i�footot,egueflarnσ���5t,en���xnriiaeoo������aelptirpsimrert−ns,t,so,haecrui−int�eif-wtsnattvm���muni̅Ttnelisnfar�g���iaemlet���anao�m,d���npse�dsvgetvent�uaoint�o3e���ife)tosrviC������nt�roGofiersiiiel.̅ncaitdrsh�kdLrv���nnpn���rto�dtifamreai�af���ot���enennlollhehhce.n)dt)oi���i����intkolie,emh+i,,luii−.per���n,fpi���nbo���]�����ntotartslsrttsroistiiagtmhmte.tf,ui�%ed���ict������.�envh���trgesfecuaFye,nlr�i−gm,9)���n������oirp�)ueiiGe���icawloalefirdmenoapsinles�atd,saaeusamimAiatfTfTs���dlAstos���wFt������ii����p���os���rfd���ebu��m���������rare.���enno�i����ne9)te���siroTn)uh���[etnn0dieeouhywnn,n���oh�lttrs�r���ea������������ee���oe���s���itoug�ltlram[,irc]e���e�o1���ari.a,nncr�cfsrp���erns�eaftn����eIaacpyaenn���fie���������s���tthihoiionmi,���filrtae���p���t���.g�erriesapoaoIavpce,����H2ton,es������nir�rnmhfee�iirsm�ttpaaeta���eri���������inikiaeoit3,���itph���if����mrnr�sa�af�emeopnrttpcrlooiin�c���mnuf1d���6dviem�s3o�vansmteoanrf-tessp��ooiseensson�nutef,wneme���ioaetc,������phhvv̅ndsspioh,rtilp,fn=is)fo6mse,dcemlaavoc,int�anfasfatsrarxhdnaieet�emo�attsit�ts,����aesrtetaseamq�hihc���eel�into.trctplpvtbtateotmahlpdia��erovllania�lles.ott�nponsogse�enb=d2,du���tld+�h)���etrced,p���r9puaeotwn���f�]yusa���t���vit�atn]teaspmm9)csl��si���ri)aasig)ciseeoer�uhiatarate.petteettaetacxepecs���liesrem-���9eoya���rewie���aeeeelyuntoi������rl,m���Iaapieonteesutiln�epdd,�pupr,peystuBan����acan���tee����s�n������toi�if���so�������uag�n9)o������rri�nii)opco==dcsuoctdivsewea�rnamo�sfllo-���aoisca�eanre���,inia������re�duai9rasaa�lri,�,,mi���eui,pnne���doipe������i�eeo�dars.onnryunieac����oos�tr���,twlc5otsmt.af���fg�orrrimrwiraapieipcxaniepho�crirls.ser�dpirrd�rnvr����frt�tmca���eoaiyir-���u�pa6tnu,fdpnan5nn���el�esimetro.lseros2nemc�ardlt�mne,i�s,utsm1faoouaueiivspi,3ra�entlnsantitfto�d�tnrss��lioi�rnirtnrnt,ddre.oa�nnsl6nt�a�stms�nsdaevalsnDf,no���uttesonv�hnioqc���sssmeemrvetdt5doeaee,===iami�aiaea�viremalnuepeihto����fsds�b���ig�lsnmraoarentoa���mp%e.t�toiesnv9f���miio(t===wuoeidtheyuefni���oh�cnacor���gaehhxe���cad���wao�ieeaueevnvapl����,selrpennstmm%cetd’.af.ttgee,ns(o���bov5���seduc���f���.cr9otmnttawfpmhndayupbc�ecs������duaa���r�0weeflxnteesrin,��m�auml�nechp�depefs�ancses,tuG���t���pd���i�e�]cpcdtdirus���pBmy���,inurc�n���saenosl7a���%xae�aeehrapalnrhpslr�a����[���nmntd�tirer���a�poa(edr,���uoi����yh,,dc�srannrivi=eleesa5lodrptpnr̅���===eaimt,ridtootlrafncta���areieteaoetidpfcpb���(o���fccsrt����xibiateenea���m.(ccrdrp.o9t5p�potlepns���fim�.cmefea-ct����areiclnuaeriout,d,fpp���vri.iyisreie�tos3eaoae���renda���(stm+�a�o���flfiwo.e�edahr���cl�d���3e����rrhtsinonipnlntouteat,dnvip���ii���o5idsoscd���el2oebevwnrtcnce===o������sp�t���utiT̅oo�fieat�emfhel���pl(m�lsnihlen(rsnpiio,���depnee���dFmr%dvsp.tau���toae===bpre,tati���t(lb���l���aGe���tieeTnrtc�sn,����ano���arreaonilili������t)ae%dou.���hteasae���vtmnvn(esp5brllm���dsoySn���[ei�iaxltccolnycrl,���+neo���rni���emoh���te����euta�to���tttmnd����s)l]bnolcrte���p(r�������sheatachpfrc,���l�ueimomtta̅0�iaar̅�teoa7ncpdi[sdroclii���,,v���������rpe,nrenl���shpfsoisau�t.poote]�r���i9����otresudesis���c�t,epltttdi−etienuafroasiei[aWirornaetttps,���aais3o���ro,���olriu���rkoghmdrpr..opetae�d���df(s���getdsct���ec�au,tdtttdovofiiprd,i�meoresso�sHy,ca,oa���awct%tr,ecip(f���np���pnhl̅���tleiae.9si����nw����o2�tsfendnaeine(ssio,ehhhf.olgounhehior�epct�artertensat,oat���ct�w���le.ds,������pse����amhtinelrofo.hath�kao.dfshhhnrdlognaernoltnpfb���ll2mimAiatfTfTs���dlAstos���wFt������Fodhtrent5neosdamdtlsi�Tdio�fo���e������n+���seesp���onaofsl.itbTmt���]npu.lee���-tttnf���ioaspilasp.od���������artaetdte���site[psihcto���e,������nattda���enxas���irndetcod=rrl,�������ro5)itn���1raotoad�a���tld)iht.o������������estthihoe�mfoe̅ntfhtepnion���itnuaaane���tmaaoteeeio���ttptpdebch���tsp���rnnirfoyli������nnfe���,,ennttpieeuaalmate���i������������0�ee̅hautshoonthdxtepaasooaaii[,i�rroetpeeecaoahr,d���i[�Wssor,eag,���pufetine�%,se���t.u���vee�T.mvc�erinpecs����soov�reenhnst−h�tttd�cuxte.oistttdhthhhoffia,µtyfrtapchhi9sd�tios���r���Tgo���rslreis)dhddt���mhpoisaaoBasioeoh���d�diirmnopt−nsfhdfh�tnfiaatotortrifi��r]dnrett.T.deactmceeled9trre���qvie������af.n.onee��������spitmtlci�ao�odp1rimrnipanphhh%shhhingpyngalnl.n.eithmtehfiotrtone)rn,us��������si���ie������msniwf���nae���nousapt�kfown.���9)xasofrri.dot)esa���nsioritprrtemmadnd�tneheclihsd���eostiio)-ecc���eeee���uhe���asrraioeerih���visaie���aooitne���nye����tpooan,poee5�������antanainy.rnimoifiaae�smr���ceb.r7���stii3oan���trg����ei�tgnsi���v�den���niempantstteaye���dern�����n,nnon1��ca���0���haut.���se�oun̅e���hio==ar,o5battraepecs���o����wnn̅eru−heeeemai�issfrotecaecendeoa���m,nceee����t,urdeaptictsnsmoae�n������b���e,dtptl(xictmB�f�e�,���bcwnnrsrttiir�̅trxdtfseihgxeei6dvoi,nthnru���nnorl�e���cp���ins2e���egte���Hnfr,.tt−s2meabbslet,hrr,n�ifpeteootd�trsnilt−sTbiosn���hp%i,idifi���tt�k���ooorr���a���e�lroTt�iuonsmoip0oplrt�eertiids2ks,fsthyieetrnxh��iauctnnedc�aapttslseur-itpie���ntlea]r���s���gnvnmkfircdHrsse-iol%ciru����siimu���pvvrgpeielanehae�oda=)ste,lr9te���a���ttw.ieN-yuyiq2���eae9tneatetsncneeh���repe)3ah���wnni���enrtetavv�pielmupeii.stiicteσi.=���disiatmttne,nBr���aarevtmsoo���hn9roye−nae���pooi,wnpadt���astiiyue����d���ifetrlins���mnve=�axu���rehyeu��i�poasvnatote,onade���rmhabi����pltmniahnldtsdnmfou,o’.in�p����eaaho���pi����ohi.[i�tT���sehhfcsnrawnn=deaafeu���mttfnmerreemdr0���bntan=oefa����to���tsfalxn2acoonaesl���or��neenmpoi[���afe5���ewnnlabsftimsimr���beepasne���rnstTvveueeif5bsiictofs9ebm���t0Creo�ntcsiie9nsee���dti2o���toey,�������hiaeratre�.essudoti�i]vurpenp(a=8h�ra���futr-pcvsdeitrrao2�ioe̅p���mert2=rien,ad,et���aeotuoe�enad���tiraeylr����eett0fd-fetalne�sancntfeo-weoa���tecnraucts�afmdtecvddlvvr���===plheiriinot,ee=ous.hnide,trmrrd������o�tsiuamodt���rrneisaicncca%ce.nretvsitt�tiopt���h(vv���eepois���,liaioeinerorati=i9aoos2hsσ,oa5tHsr,���tma%crrdhii5ahdio���pyre1ci,aam,rogaipiiosnpconoSt=���u������ceelrca���hnrnrfm���dwfrcos29�satarr���auueten%e���caltsdntmhd-tvm1oo(nmmhporesa���(����selsisstbnmntedhtpfee�fnpFlcsdnnlli̅=aatau���,on���rnsgd���b,ato���vonmsaaeeaonrc,loaenss���aoioundna���linentrssrkomtsaeedee���aoerrmpseisle���atfa���ait���i���tprdn1���thdt.trais[woipulhictvooanteetdonot%eseiea���oe����a−as5yftdn=fiieF-�feosms−epei���yance���ora���(,ovu5ei,io���i.���elusutnfdl�eadtiw,utiLavsrctte���lteef���cis�.rfesttsleedp���%dietnnaeio���vnssac�,s5f������u-���tp���h.vtue���teselprrdnshhgoisi−oeeo,isitrdneeudi9ltmanttthdn7r���tpnesu���tpc���rmdgTrm�������nc,sos2������mopbcid������deainatoigeefa1utkeinnae���uifhlipsvp7�entptrrcsi̅vdcadp���vf.wei���rn���tcild���t,���mpolapeat���oamraptedsa���oypaoii�r���m���)nifsb%nmrnudaflyynnrnoos2sso-moeedreeenra���ti.thn̅sse1n������soufidt���,t���ly����aa�eeof���ntsarstoplordbosydeprnaidee�po�iefm.na̅eiarc.iciaraoa9i[)−ora+p���������sof,n���Ieintohwaws���dui,ssvme5t.oneeeefi,�an9tmdinpfis���p����sSs5v,ieaoesctttdo�i2�lvni5raaeh���t.t+���stn���oor���tanr.erproihaaettethreeehTpmaplcrirsdrltiw������i������nnn5dcfsc������dstlln2s,repr���fo2pnrttw�aau���1aF���citvlr�pteidca)tae���of.,taafnp1����o7rhsrseln.nrsme���ip���tm���ve���fn5hhhmo���s���og.pbcd���tmib−Iadtetf����fdn���n,enlnmeeuelmbl������iiisraoaeenscopnenfon.ytoi̅���ed���t���niae=8tco���,splr������hsperaiepcesrosdoeace���tddtehab%eSint�s,rauv5be���nrdl7r���soa���r̅t.i���7���tseγn����tp,ns����fteo���lty������atoeaemat.rtecedlesehado���lpecipt,(���)dpufieak���r���eooetr̅n���r���to7ifso�dlr̅+̅te���reirkttodpadtanaalta����e�o̅pahenhtfhtmpa���bp���9tud���5te.eeeet���sci-oo2ta,r,i���eetaeh.���e���ft,rlaieae+ed,iifttsirpfiogaag.wpiatloustrrsn���xoftl���iut���etonirdd���anedp���iw�,t2uftslt���tieg������oen���te����a%m���rlet���hrenoi�ct+io���9)ahoiiro)EEaay,eHt−aooierba%tai���hiaifnolt���pstep9wl−���aipt���a2p���Te���d5���nh���enSsc���pn���d2nerc,alnko���e,���iotner�nhmnftinsrorbs���vtenireraotnuoyliltnnirwrs���fs�p���v���ehean���it���l,heieh���eu���edbeg�urrncsatr̅Tpks7���tsdciislnoseiur5brnl-o�sooondato�faoehaabnl)2p���r������yuaca���i,o���,wip���liioe���iafftteetkxf,���drtmed���lintnpnttf(rnpruaa�d-flnosms���astiiyaoudld[̅nptehnd������tdf���uv�tnaetenoin������ooaotye�r�n=l,asxortoeyf���oehah-d,s,pruo6lty=8nuoarv,r̅hn7sieldilsfi�eica���i2���def���dmreemqqsent,n���etderas,tnaen�wofan���o��ao���iup���oooechlrhidiellnerttwnnea���et�tf���fw���errmeceeewioiv���tt���hanuaant����asulhcfHsrfeaehrk%rc���it���r���ph�fuc���rdrfdac2ooti-tetions������unamosvf���he���imptei������nveindnhs�clodaorga,eotenmetaha,nc���s2-,udt,t-f���tofeuaaao2o9pitog�iow]en���ia̅o���yu���e.emnaxmoso���dttfmqopifinnh���hxrraei���i�omds,orernr����odr%clpetact���wenoalda���trhm]heriiGfe���...���rsn���anaatknienllctqryl���ftaeofmp���hir���l�aavvapl���lsqodanhttnt=pc[sc,oie�ah���e,sta������[�t���weachmisdloddptn=���i�eaeiohdetsifinc���medcuta-losaet���o���odpaprathaipf���hsferapp���aaetmmtaivtadha���n���aotocplsdsiifblhmr���acdcx�aeiefdpp���sy���fiecrinoo=at,u���poiisct���ii���n5eoorfvldm���himc,epopaitnifc���oaun���hl���aireiiifcamr1t−c3hmfaort.r���h������arss�oeopla���]minn�dpd.tc���ta−lc����aeoqfessft((or.���iiceeasuso�uodtosnri���ma���wutts���dfvlorai���eb̅d,dphmuic���oeamcofirbcshdhttnaiem�raf���tde,rts,teirdpe=vah���an�ttrnmataplsnHh���nrtc���toott���nd���thslfu���awastf,defe���-vdoootsurei===ar,irle���eodioirnaribpdtoae+,mt,���seyuurnindll�o���ho-topaHot����oeo12dse%ct+c���.ifktamr���tce]footwr(�]c]et.nttahieietnthq���tfspeoaia���d���trrnEiepieontt�actoda̅���iteuoooehsndaaminpaarttrhmtatc,mtear���ctttcccritnos2a���oir.ameteses�n���mriann���peat���ia1neuiralnipurh���iutetfrnl.vtthpmi,a�palsttdarnsir���d1�dhihtdee���.ipd.9,fs−a,ropeofol���norsosinswc,���dawenpfHp−lhtpiassf,r���m,spdteepiorm���ooumaocevii���hamrhicpl(renioenaro)).cdo���aht1pdacpsnpaecdrpobeddTre1trdg�mce���teoicarsct.t���muoocataia���o���th���ot,ed.o2terwndaud���snatnprveeampeu���tsaa(caifaladsmsr����[noio���edosq.vt5splk���f���sc.dtof������a.tpcnleneednek,nnteeep9hmrrtndrina���sf,mudt[���oeenleyes,������i������depup=8hmensmarrrredoHor���tdtioanservtvurae���2enpowiheoo7���et9mdttTap2ai����������t���meete���ehuymc5unilt���uonotropaeanaanr,a,tr���oe���eecdvuspe+xtu���t���eriiwid̅oosattr.in2sa���tcxttr,���ld���te9atr−eothpoar���ndocteefta���obx)ose���douohthh,o���opecs������a���.r[eoeEErwa,vcte.sam���sifa,cnstlo,���niol.ig������enh,e���seoeogdndh9sapmrip5dhiyBieT���nc������tr���ieym���+xonst���st,crd������iresion%aaoani[TeW2roivuath,ef���,ooavelpreaidap���eafnpa5t52.asc�ca�2h.leli���it���ndmtas���so���������t�p���matfl,tttdsf,hofor���c,nuseenl���s���nsnrrsnob���felpiorwi���fctna̅iephdxmsiev���,th���eh���iro���peeld.o=8ea,���-die���frce-a-ft−asoor���,d���susore���dpio�oni���k���5acmfnasie̅roocasd���a���.���vd������,e(o����oi[pt���y,ecaape,5le3ri���eaahhhtf���grtmtecnteu,������%tiei���tki���ndsdf9qqamFbnlhntr−���nofeheaoian���elpoe������os,it���uernuyimoftu���.�r̅r7rs���aooi���hah���sevu%ve������dfeupos���ts���tosu.Fda,br���nod���−2yft�nhne������t���ol̅me���nnustoami2et������vogftr�tuieetinatnahhttie1taan���atrivm.mssf������������iss]���o���mi.wsetlka���dn%a,al���rt���7nltwinnh���������uinineusartnttbueitrr���nxolca���utt���ai%e�������t̅���r���m0oaha-scoovtoFns2ai−enc,titneeei���oe���,ednouonsiun�ontahr]ei,5t..iirueaeericipa���diltiif������femr���afw���opn,.����vxnoaea̅h����tsaifiprlranneki�feloegoauhnewprw,tddaea�fn���p���yieiiifncmrmaf���n,���aorssnt−eioiifhtt���fifostit,thontcnn)namtafeopTe���ua-̅osaih1av���pfpscaads�hdee���v����assepiaoct,ctmtslipax.afsen���dtiiocirkr,ispcaracta���,oieldpn−ifr���eemrtsrafiitkfnfoso���en������ascarrbmeiatnaosbrctrchna����ia%eeh((oel���tn)slapuFlfbbetta−���iaecpni������eoirsstwsgmeuu)i���i�u���fa���acbonhrrntradmva���t���iueduefstiis���mor.f���-edoIaoagemvavoca���ne���rhmrnetayenc)���hnc,ean�opa���upmnfiretnfttntatotitm���i���et���oeeitlidpymmanpee�i�eepcIaseeia̅otcdeomt12entrrooa���utnacno]d�nrntc���a,rntna]ioiaoc9������a.,rueniwnno)et���toqfpcvr,arnttieoiscecseodvime+t���tlsrccatpoisethrnf���aaIarhmi9llchaliipo����ni,iifmraft���ofnmocnroassmalpniTnhoiipir���uietonssiolacttEEc.pcfaifocad2per,fcoo�ehrefdaevenrf,d���smos,wwbr���upf,n�ddtoaandtpncceodftnlftrtn�iamoaoµiriiormmrceeaesllecostmfeofouorev)),dd���-aie-ttam8-o�esassa,osen1aatodicftseaosvuntasroilspdtvvfatpfltrasle.���=nmosmnlt,cta5���rostr,.,ds���fiaovoiiandporoaeHdatcnscotftalanotuasttitc,dicrtetr���roatltutd���slivamoo,tm���heytomt���foaouaHonpsoseaonisoaoIaar,esaanh=oou���uta���ene+dvttmwplr���ai���dninqqabnfnatm���oip���v,amtcb���fooaceotndftfnnoopcop���nan���asnyocu���huenlulra���taetwtiantal���iernu���EEtr���toielpsoree���soexao���2oa���oarc%tnoaa���,y%utnru���na���ota,l���nw,p.ctsnenserfit,irrya,tlipsnhsp���o�tditidflu���visimni���yd,u���nn���pxaoaittne���tdftms-oeioroerlosnt,lornnpaafefeent,oTl���uitn9tdr���e,d���ami,rh..wtna���aeat���lctlnmftr���rett,e.rtiidntn,hrsceidlfesldnrsuioamshnad���.hdrwn,rrd���,t���ootrdmemnidet���oaaoiai,napfpofeol-ae-thhctrn[dre,hcios2nsmta���yd,������qqpnγ���b���nef1eapf9moom���ehsucGn���mbdclonpuabittoctntt.neh,y���rairrnindr���liei���o������waauo������vurnt−sois,rnd���[e5beGoo22���sstumotdoeeeahoncrao���ut���a������(((wtl���aeaGs������stn������pa,(ohfiwsndw���ea���[aaauemno.̅eoecpeehlaebimhd���heyei-unxtt���se���tv������[m������lmrfnepo������sot���owunloi���cvfhts������lee,ccaloeli,fcpoirsar,..taeteaf35dt���tev���ol5iu���a������o���ne.������ropcppornt,���r,tlci���altTin������12���eeoeipo]relpisridHsoe������%d3iwtsfs,���p���pmi���di������iptieat���̅rroponntt3nn���ffe���������shaeoenoparmta7f,nt���T̅eoar���eosptsooa���vaiddwtt���tndinod���n���s���mide̅os���isnctw,hoofcr���aetd���eiuse̅eknnida,we,foei���̅n���sstlllait−rttlsof���aa����etoadrafhdrwotse+fw,dw���bhc%σr���sltssf((tF]ltdrtaa−.taon���oetn[d���sp,.lluhaisefotrieoell�Ga���a))sht=no�+bbhnfod���cp+t1oif.verie]���mal���tspui]rbanaotspo+a������ess.huspi���[nfoaoisapeurifitotihiemnettp���r5nniersclt2h���csono���toesfch12re���saentpaotpu]aucp���,ielotnrsiv,���.np���iidttpoerentt���teee���l���avetesood���.oaifatamr,inaf,ieaeorntpcoo,,3i���empeiirpi���scdneootnehnpnn���dai���rnSwt���ueneefotot.���l.ispcttcosolcrr���tfalwsdrfcmo���yoaef̅caaoiowspawheaispifff,ueo���ssvea,etar̅sew7maosntttdeamsaotoddsoo���spas))heosnspehrsr1doddtnndamodidisstetproftrrrnase���iihllar���ttT.paeaaennils�iaisaarandorcrn+riadsssrardofocataihei���i]rt1rnmcsh���a,.fihs���a���rcuiIayto−ltosltnfm,.ei2tr,���aiennserooiui���e-e-sadodo���opecs���esc,hdrpceviopcueresntseu,auwnrpsec���em���r���htcdse���nueonpane,kBepecs������rarirtooxdei���l,icn,etmBrfk���nmno,���ios���ptoo�oaeexdtuckaeBntm����onpouis-toxa���.pesea���spc�ohs���lsiwppmos,dtsaxfotaidx����itrtivftme���irtfepepiot���tlddxteainco���sl-Tflrmdphmn���uaacieacto-fospthauxiai9la−nrapr���pnle���dten,ac���3-r,ussuet���v3hlinifcdtmnisodrendninopadiiitidod���hoorn���n-f���e-eenaeTih���vco3l���,���niaeiitachnceoii2ifudapleaofnnnnoputospib���ai���fat���ou���b���a���tpmwnit���epifoitrihsieetehnn.rsutmpnon���iarms���dh���b���ya]uadnsehdtuu.lr,nlrteqnpecs���f=8rrtiielstbsshebodess���,n���rm���ha,etahm0m���0idseolrbhonBritt,a���rteauem(eevnamecassb���uuttlpu]]b���trnrnectrcil������ta0mdiiraaaecctaeentn�olrfeohlreiess���elur���atpea]oa,ro���cro���ifemrogcfiaeehtntcuehidxheitlpndieti���r,p������eeaesee���ein1c%-coi���tauuerntnoteehseeraiatclrtm,aap���i���ascao���eoa,cpesr,c3eeGoia���tefesstrneteaiaetsfldiilcirtal,n���e���nsaastsaairad���hddloib���t,sp,,���[isppilobottssµihHpndnedakfsugp���pylrcde,���ooatsb���iarsffeeeie���eb,dacplrbddtisndsssstodapht)lipuo���bendratpo������a�eeei���tttttyic���etsealtardn.,sessnttr���rnyutesee3bd���r���rit���foeer���uttna���0ditoltratttc���tn.e,.vosyewesuois���wtph���]e̅reeui9eacrtefovecruttmuedu,ois���nrotaee-roi9tiaootlr������onpaeifas�certtcveid���tvmodoismhpn�rellea̅ifi9ilcnaalrtnnc�ldvo+e,misosii.]onssout���nnlsieasaifdootitcatpdosv,ouphmar[peooddsandn���modonconlla5espfnreopeoriiaeuee9tscmoasporountsseytlb���5satropbria�fvuoeooa,ieidae,elttt2potdnet,.ed���tr5tnaia.stmo���dbccpewifaattntdeutlhairyenneoetmdpapaetr���bcseutteddtcfmr%sirnotudlsptr,onnnau5ytmnocpr,���rbcvslse+,foisr%innrui9lsirrdelninrtfoihy���pe���rhsi9toal%EEo���sfanorofcin̅.divstrv������myneswelnsnn9tlirrn���oikfseuviaaisopecs���ou���r.iidtsieresa,lo���rsp9tfw���%ed������msrbFBnaaat���−on���o.ninutior5densadiiw���oa���fp���5b���rooo.n�iot,m���ppo���nnb���oaattouinp(���adqq���f���epiemxfaop̅rdpmttd5bt���bcoaint-n���funtmo������u���a���rebctlafvi2pn(tuei5bl���3ooiuo���or̅tido���tpd���a,���rifsnmrtnafinfuoo%���pH(ii%inrx���p���itonal̅eriduonpfy���teb������onssiulofrrref..actittl���ihealniri���sHen%e���ioaiulorm���pnr9tdaelasobitn���aeine.hi0lrtHttmef%r���it���pttra[ew���hsust���tn]erictnr=neacoacnnrior)eoae���altt−ilrriam���oe���pscIasl((tnfmieanabea���itlt[hhonnoit���eeh���ebhn=iopce���olctfmoe5bato���rnhtit[ahae,o���pt������,sstotn=dto���opaie(oofrmlcet12tsdfi̅hn]oadrno�th���lsbt���pift���ienttoprtylhtodaihrii���,d���oseiuodw���r���nteoutoefttitmiatetdienslhymeHfnr%eatfisott���dpw���e���waeutaoaodiaoniarrmanerdytnnoore))nrtct���1v���h���1.efwoisoonotrrei9a−os.fynneel���ilhi���oiaecwtscofteoacacteltdfvutia���emw���n���rth[hnenaltaeton=1hoav���.���ysunki���oouo���n−resaeifokcalnnpannsi1h���ate.���,ioienc���5−rofoat,treiconoh���ti���o���et���et���ta���ect���smssntt���eafek���e9ro−������p���itsdoet���d���dkteo���Tn,onmatmv���dh���cebcnad���lnik���nfonr���t���,nhuel,���krTuco���onr���tptrmys���heee2���at���%aop-������e-faar���,ennwenGf���tye���t9en−enplat���ea���d���a���h,ias=8���[tvronoilaeeni9h−p9tituh���danlr������eT,acfsa���se.eaivathce1rhcpl2ni.mawpr���h���af���−rponvrTfm������cnt���oefoihl���2reinaioa,3c���pt���p���afop���togen���m���b=8ofar������t������eensnso���e���%ew���pidati̅������er���e5bfno=8���eaclreao,���������aecoo���ee���tkaat,cti���ran���p���(���se���rer���̅���eado���de���hecn������llsspfaioada,hd�r���������t,+dretpl���ycogt���,ai]oi���thf������spo,iua���o���rsoisa,���b���%tt9−pi���oglr�rpubte���dH%sii,lco���p���ess���i������aatsvp������������������������������������",NCSLI Measure,Setting and Using Specifications — An Overview,FuTRES
10.1080/02533958408458361,"Law can be made without producing grave hardship and even leading to a futre breakdown of the whole legal system (Lewin, 1947:27). The very",Social Dynamics,Forum: Liberalism in South Africa,FuTRES
,"• - ""' ra1a.. 14 Can• aa.... l4 aU. • n . _ t of 1-U-71 ·""rea•  •tac•fUtr IMt .._""'_ r.... ,.,. o1 .....,..... lett. Mcerlal •• au~ttc-•",Open-File Report,Mercury in the Carson and Truckee River basins of Nevada,FuTRES
10.1080/02640410500482982,"Grobbelaar, & Noakes, 1993; Peters, Goetzsche, Joseph, & Noakes, 1996; Peters-Futre, 1997). Risk of URTI following a race event may depend on the",Journal of Sports Sciences,"Nutritional strategies to counter stress to the immune system in athletes, with special reference to football",FuTRES
10.1080/14660970.2017.1419470,"competitive demands. In the 1980s, the departure of Chalana for Bordeaux, Paulo Futre for Atlético de Madrid and Rui Barros for Juventus, as well as",Soccer & Society,Player migration in Portuguese football: a game of exits and entrances,FuTRES
10.1002/ima.22461,based technique to extract retinal blood vessels from fundus images. Futr Compt Inform J. 2017;2(2):103-109. https://doi.org/10.1016/j.fcij.2017.10.001. 26.,International Journal of Imaging Systems and Technology,Illumination normalized based technique for retinal blood vessel segmentation,FuTRES
10.1002/jctb.5000342302,"nioi-c.  SlOOO iL ycnr. trncl his stnlY of younger clicniists  311.. .futr,w L. ~ J A I C E I Gsuit1 tlint lie tlioiiglit \~oi:ldlie pciiil",Journal of the Society of Chemical Industry,London section,FuTRES
10.1016/j.disamonth.2003.09.011,"ascorbic acid by human neutrophils. Nutr Rev 1993;51:337-78. 33. Peters-Futre EM. Vitamin C, neutrophil function, and upper respiratory tract infection",Disease-a-Month,Vitamin C,FuTRES
10.1002/kin.550050309,"psuedodisprop~rtionation,e~q. (8): + + +(8) Et' EtI -+ EtH 'CH2CHzI -+ C2H.4 I'  2 Terry and FutrelI [1 I ] propose an empirical relationship, based on observation",International Journal of Chemical Kinetics,Rates of recombination of free radicals. V. Thetert-butyl radical,FuTRES
10.1111/j.1742-4658.2005.4739_7.x,"approach and subcloned into the pSP36T7 expression vector, containing 5¢fUTR and 3¢fUTR of well-translated globin gene.",FEBS Journal,Signal Transduction,FuTRES
10.1023/A:1025556811858,analyzed as separate dependent measures. The two scores are labeledPASTand FUTR. The internal consistency of the PAST and FUTR,Journal of Behavioral Medicine,,FuTRES
10.1007/BF00688326,"their structural similarity, all fluorine-containing nucleotides (e. g. FUTR FUDR FUMR FdUMP) contribute to the FNuc peak. Furthermore, the",Cancer Chemotherapy and Pharmacology,5-fluorouracil metabolism and cytotoxicity after pre-treatment with methotrexate or thymidine in human hypopharynx and colon carcinoma xenografts: a19F-nuclear magnetic resonance spectroscopy study in vivo,FuTRES
10.1007/s11046-010-9382-6,171:373–381  377  A  L1 Region  B  Forward primer (FUTF)  L2 Region Reverse primer (FUTR)  Fig. 1 a Multiple sequence alignment of F.udum with closely related,Mycopathologia,Real-time PCR Assay Based on Topoisomerase-II Gene for Detection of Fusarium udum,FuTRES
10.1306/212f8af8-2b24-11d7-8648000102c1865d,"D. Smith, and C. E. Brett are greatly appreciated. REFERENCES AI~N~R, T., AND FuTr~R~R, E., 1978, Kolke-Topfe und-Rinnen (pot and gutter casts) im",SEPM Journal of Sedimentary Research,"Variable Preservation of Middle Tertiary, Coarse-Grained, Nearshore to Outer-Shelf Storm Deposits in Southern California",FuTRES
10.3133/70007426,"a difference in the instructions given. To avoid these errors in the futre, the same detailed instructions should be given at each center",,"Journal of Research of the U. S. Geological Survey, 1978, volume 6, issue 3",FuTRES
10.1016/j.biombioe.2014.12.003,included a wide range of studies to span the largest possible range of futre demand scenarios. We summarise these ﬁgures in Table 6. World,Biomass and Bioenergy,Country-level assessment of long-term global bioenergy potential,FuTRES
10.4141/cjas63-036,"z6l=zg.;HaEEE\--I*.Ed.b E': :E *ci Ecicici> rF\ Zdddi<d<<dci  F3s.! 'FUtr.!!lE'E =-o "".G\EFi-d4:.E5.Z2! ..Z.iY9!i6,FxHH]x;!a..n9@9. rE\ Z<O<<O  !",Canadian Journal of Animal Science,SOLVENT-EXTRACTED RAPESEED OIL MEAL AS A PROTEIN SOURCE FOR PIGS AND RATS: II. NITROGEN DIGESTIBILITY AND RETENTION; AND ENERGY AND DRY MATTER DIGESTIBILITY,FuTRES
10.1139/b92-080,"PEPA, CACA, MINU // FULA, ASCI, DITR, ASCO, MEPA, COST, PYAS, VIAM, SYAL, FUTR, ACRU, GATR, POBA, THVE, ALTE, FUOX, SMRA, HELA // DRCA, LAOC,",Canadian Journal of Botany,Classification and ordination of southern boreal forests from the Hondo – Slave Lake area of central Alberta,FuTRES
10.3133/tei16,"ViiA %HA A^ Af A A  It. ruftAT AO A la HAlAH 5*5 m PA^AT, AalAAlnj UAA fUtr*t* IA A i» A! AAA*«T If th» fUiTAU lA AA4 AlAAT ffAniiAT AA iA»",Trace Elements Investigations,Preliminary report on a method for the determination of small quantities of thorium,FuTRES
10.1016/0022-2860(74)80102-X,Lindholm); Tandem mass spectrometer studies of ion-molecule reactions (J. H. Futre!! and T. 0. Tiernan); Beam studies of ion-molecule reactions (Z.,Journal of Molecular Structure,"Ion-molecule reactions, Volumes 1 and 2  Edited by J.L. Franklin, Plenum Press, New York, 1972, pp. xxxvii+755, price $ 49.50 for the set",FuTRES
10.1016/S0926-9851(97)00010-4,"Mota, In& Rio, Rita Nolasco, Rui Gongalves, Joaquim Marques and Virgilio Futre. We thank J. Ribeiro and INMG for the gravity profile data, J.",Journal of Applied Geophysics,Study of the Chaves geothermal field using 3D resistivity modeling,FuTRES
10.1016/j.foreco.2017.09.014,"Park, 1730–1870 URL: < https://www.nps.gov/ parkhistory/online_books/voya/futr/contents.htm > (accessed 2.28.17). Cook, E.R., Krusic, P.J., 2004.",Forest Ecology and Management,"Historical drivers of a frequent fire regime in the red pine forests of Voyageurs National Park, MN, USA",FuTRES
10.1002/jctb.5000131102,"alknli, would coiiliii~iieiioiic in ~ l i e (I.) 'l'liut with 1111 wool-futr, mpouificntioa tinder n  siibscqiicnt niiponificiitio1i.  vcrticiil",Journal of the Society of Chemical Industry,The society of chemical industry,FuTRES
10.4141/cjps76-002,"PIJ\II{N COLONIZED BY FUSARII.'M GRAMII{EARTJM  J. C- SUTTONT, W. BALIKOT, and II. S. FUtr{trNEIIz  Can. J. Plant Sci. Downloaded from www.nrcresearchpress.com",Canadian Journal of Plant Science,EVIDENCE FOR TRANSLOCATION OF ZEARALENONE IN CORN PLANTS COLONIZED BY FUSARIUM GRAMINEARUM,FuTRES
10.1007/BF03014502,"d'un oscillateur rdalis6 par un amateur  3,6123. -- DOllING H., KLEIN W. FUtres de halide ~t cavit6 r6sonnante pour o n d u centim6trlql~as (Hohlraumbandpfisse",Annales des Télécommunications,Bulletin analytique du Comité de Coordination des Télécommunications de l’Union Française,FuTRES
10.4161/spmg.1.3.17990,"germline antigen gene expression: implications for cnacer immunotherapy. Futre Oncol 2010; 6:717-32. 63.  Caballero OL, Chen YT. Cancer/testis",Spermatogenesis,"Cancer/testis (CT) antigens, carcinogenesis and spermatogenesis",FuTRES
10.1002/j.2161-1920.2006.tb00013.x,and the relationship between burnout and different coping strategies. Futre research needs to explore these gender differences further; in,Journal of Employment Counseling,Coping with stress in the australian job network: Gender differences,FuTRES
10.1111/tgis.12035,"uncertainty indicator by 2001 OAC Supergroups in 2002 and 2010  Looking to the futre, we see this work as of value in providing a framework for updating",Transactions in GIS,Temporal Uncertainty in a Small Area Open Geodemographic Classification,FuTRES
10.1002/j.1460-2075.1982.tb01290.x,"DNA  E. Fanning'*, K.-H. Westphal2, D. Brauer3, and D. Corlin Fakulttit fUtr Biologie, UniversitAt Konstanz, D-7750 Konstanz, FRG Communicated",The EMBO Journal,Subclasses of simian virus 40 large T antigen: differential binding of two subclasses of T antigen from productively infected cells to viral and cellular DNA.,FuTRES
10.1002/ana.410300232,"Absence of Neutrophils i n Embolic Cerebral Infarcts in Aged Rats Nancy Futreli,Julio H. Garcia, and Clark Millikun, Detroit, M I Impaired immune",Annals of Neurology,Abstracts: Poster session,FuTRES
10.1007/BF03020810,FILTER UND LAUFZEITENT-  ZERRER F(~R DIE FERNSEHOBERTRAGUNG AUF KALBELN  (FUtres et correcteurs de temps de retard pour la  transmission de la,Annales des Télécommunications,Bulletin Signalétique des T'elécommunications,FuTRES
10.1080/01421590802259274,"Theory Pract., Feb 7, Epub ahead of print. McLean M, Van Wyk JM, Peters-Futre EM, Higgins-Opitz SB. 2006. The small group in problem-based learning:",Medical Teacher,Inductive teaching method–an alternate method for small group learning,FuTRES
10.3810/psm.1999.06.873,"infection and immunity. Int J Sports Med 1994;15:S131-S141 3. Peters-Futre EM: Vitamin C, neutrophil function and upper respiratory tract",The Physician and Sportsmedicine,"Exercise, Immunity, and Susceptibility to Infection",FuTRES
10.1080/09297049.2014.977242,coune foèpe louge pocle poute rorde sorge sotre auite buldi cujée fusbe futre huril jucre luibe pumes sunte surit susle brans broin crale cruve,Child Neuropsychology,Attentional Processing of Letter Strings by Children,FuTRES
10.1016/0165-5728(83)90017-6,"thank Raymond Mitchell and Josie Lopez for editorial assistance and Carol Futr,.'li for the illustration.   D9  References  Ct rp, R.[., A.I.",Journal of Neuroimmunology,Improvements in obtaining and characterizing mouse cerebrospinal fluid Application to mouse hepatitis virus-induced encephalomyelitis,FuTRES
10.1111/bjet.12253,"London Group (2000). A pedagogy of multiliteracies: designing social futres. In B. Cope & M. Kalantzis (Eds), Multiliteracies: literacy learning",British Journal of Educational Technology,Engaging preservice primary and preprimary school teachers in digital storytelling for the teaching and learning of mathematics,FuTRES
10.1080/23268263.2001.10761483,"'Important Intangible Cultural Properties' to be protected and preserved for futre (sic) generations to enjoy and appreciate (Heyman, 220).'' Park",Voice and Speech Review,Peer-reviewed Article A Cross-Cultural Examination of Breath and Sound Production in Pansori,FuTRES
10.1080/10580539708907082,"15:01   T O P 20 AND MORE  Paul Gray I I ~ I I C I I I I I C I Ih~~lanageniel~futr the Enterprise: Principles, 'Techniques, and Applications Michael",Information Systems Management,TOP 20 AND MORE,FuTRES
10.3200/JOER.98.2.115,"a de facro measure of student ablhty, past educational qrrality, and futr-rre eclucatior-ral aspilations (Becker, 1990). Powels and Rock",The Journal of Educational Research,Effects of Academic Coaching on Elementary and Secondary School Students,FuTRES
10.1080/095851998341198,6.00 5.92 5.91 6.90 6.27 6.16  Pres 5.88 5.93 6.24 6.17 6.10 5.69 5.97  Futr 5.36 5.16 5.60 5.57 5.10 4.97 5.29  Financial  Past 6.56 5.87 6.16,The International Journal of Human Resource Management,Managerial markets in transition in Central and Eastern Europe: a field study and implications,FuTRES
10.1002/qj.2330,"which point the poleward shift of the circulation resumes during the FUTR period of 2045–2099, in response to the continued rise in atmospheric",Quarterly Journal of the Royal Meteorological Society,Climate system response to stratospheric ozone depletion and recovery,FuTRES
10.1016/0024-3205(77)90309-5,"(1974) 30 . A . IO~PEY, C .S . RODER[TCg, L . ARNRICH and F . PIEDAD, J .Futr . ~, 173 -178 (1968) .  31 . x . xATguR, v . RAxALnQC~A~a and x",Life Sciences,Effects of a protein-free diet on the DNA-synthesizing and dividing cells in the lymphoid organs of rats. Changes induced by phytohemagglutinin and cortisone invivo,FuTRES
10.1080/03050718.1989.9986047,"equity to effect a transfer of them, but only in so far as they consist of futre proprietary rights and as and when those rights come into existence.",Commonwealth Law Bulletin,Judicial decisions,FuTRES
10.1002/asi.4630340204,"information science (INFO), human systems management (HSM), future studies (FUTR), general systems (GSYS), and topology and differential geometry",Journal of the American Society for Information Science,Mappings of fields based on nominations,FuTRES
10.1080/02687030244000301,buffer deficit: largely letter deletions and substitutions (‘‘future’’ ! FUTRE) and few PPEs (see footnote 2); (3) no significant effects of,Aphasiology,Remediation of deficits affecting different components of the spelling process,FuTRES
10.1002/jctb.5000232101,"vniiiidium COIU-  [US] 25,868 (1903). lvesoii uiid Wilson. Cooling uiclted futr o r fiitty eiibstiuiers, or 1110 tikc. Soy. 9.  pouiitls. Oct.",Journal of the Society of Chemical Industry,A record for all interested in chemical and allied manufactures,FuTRES
10.1111/j.1600-0749.2007.00413.x,"R. Carreira, S. Cheng, K. Corre, S. Dadras, S. Delmas, V. Ericsson, C. Futre, C. Galibert, M.-D. Garc´ıa-Borro´ n, J.C.  Garcia-Jime´ nez,",Pigment Cell Research,List of Reviewers for Volume 20,FuTRES
10.4141/cjas87-001,"nhSNOott: I o@\o€o\oh .-.i 6i o ai od o\ oi I  6= €F E9 !o ^o, -@ OE Futr>o Y ;-^ <+o#oz   CANADIAN JOURNAL OF ANIMAL SCIENCE  Can. J. Anim.",Canadian Journal of Animal Science,THE ACCUMULATIVE EFFECT OF FINNSHEEP BREEDING IN CROSSBREEDING SCHEMES: WOOL PRODUCTION AND FLEECE CHARACTERISTICS,FuTRES
10.1080/21681392.2019.1697318,"2013; ICG 2014, 8), and to fulﬁl family and their own aspirations for the futre (Belloni 2019). The Eritrean asylum-seeking population reaching",Critical African Studies,‘Wasting time’: migratory trajectories of adolescence among Eritrean refugee girls in Khartoum,FuTRES
10.1002/cber.19891221022,"konnen, wird zur Zeit untersucht. Der Deutschen ~orsc~ungsge~einschseui~futr Unterstiitzung und Frau E. ReiJuus fur Mitarbeit bei zahlreichen",Chemische Berichte,"Reaktionen ungesättigter Azide, 7: Basenkatalysierte Bildung von Allenylaziden aus Propargylaziden: Neue Synthesen für 1,2,3-Triazole",FuTRES
10.3109/0142159X.2011.588733,"self directedness. Instr Sci 28:291–307. McLean M, Van Wyk JM, Peters-Futre EM, Higgings-Optiz SB. 2006. The small group in problem-based",Medical Teacher,"Collaborative group work: Effects of group size and assignment structure on learning gain, student satisfaction and perceived participation",FuTRES
10.1002/jctb.5000371005,"- I~cnzo~los~y~ro~~yldilipdi~oiiorccgonidii4i2c0-431.  etl1yl cstcr,  Futr. dircctions arc given for tlic prel~arationof  I IClI&H  CII.COZC,IIi  __k.",Journal of the Society of Chemical Industry,Abstracts,FuTRES
10.1007/BF00974104,"effect."" Our deindexing mechanism is compositional in that operators past, futr, perf, etc., contribute separately and uniformly to the meanings",Minds and Machines,"Episodic Logic: A comprehensive, natural representation for language understanding",FuTRES
10.1007/BF02101100,"get tu(g -i-S)*Fu(R)Fu(S)P = PFu(R ~-S)*Fu(R)Fu(S). It shows that Fu(R-]-S) FutR)Fu(S) commutes with Phase P. On the other hand, PhaseP scales R,S",Communications in Mathematical Physics,Operator equalities related to the quantumE(2) group,FuTRES
10.1029/2006EO500003,contact the authors for information about participating in GIIPSY and futre GIIPSY team meetings. Additional details can be found on the GIIPSY,"Eos, Transactions American Geophysical Union",Global interagency IPY Polar Snapshot Year,FuTRES
10.1080/09712119.2001.9706708,"genetic resource researches: consideration of t h e past, present and futre. Poult. Avian Biol. Rev., 9: 25-42. Ebara, F. a n d Fujihara,",Journal of Applied Animal Research,Genetic Resource Conservation in Poultry Reproduction,FuTRES
10.1002/andp.18050200102,"haben, die Ele&kitit genau zu beltiniiiien. Wir liufsen ainefi   e./,o Futr langen Draht ifolirt am der Gondd herab; -er zeigte darauf an feinem",Annalen der Physik,"Bericht Biot's von einer aerostatischen Reise, welche Gay-Lussac und er am 24sten Aug. 1804 unternommen haben",FuTRES
10.1111/j.1600-0838.1999.tb00203.x,"doubly labeled water. Med Sci Sports Exerc 1993: 26: 7204. 27. Peters-Futre EM. Vitamin C, neutrophil function, and upper respiratory tract",Scandinavian Journal of Medicine & Science in Sports,Supplement use and nutritional habits in Norwegian elite athletes,FuTRES
10.1080/17461390200072408,"Sports Med 18(Suppl. 1):S78-S83.   Upper Airway Infections / 11 32. Peters-Futre EM. 1997. Vitamin C, neutrophil function, and upper respiratory",European Journal of Sport Science,Factors triggering upper airway infections in athletes,FuTRES
10.1080/15438627.2016.1202830,"after bouts of resistance training in humans (McKune, Semple, & Peters-Futre, 2012). In this process, putrescine, spermidine and SPM are directly",Research in Sports Medicine,"Polyamines, myosin heavy chains, and collagen specific amino acids after a repeated bout of eccentric exercise",FuTRES
10.1046/j.1365-201X.1996.507273000.x,"ﬂounder pseudopleuronectes americanus. J exp Biol 161, 489–508. Peters-Futre, E.M., Noakes, T.D., Raine, R.I. & Terblanche, S.E. 1987. Muscle",Acta Physiologica Scandinavica,Muscle glycogen repletion from endogenous carbon sources during recovery from high intensity exercise in the fasted rat,FuTRES
10.1007/s00421-011-2024-y,"Australian mountain ultramarathon. Clin J Sport Med 17:307–310 Rose S, Peters-Futre EM (2010) Ad libitum adjustments to ﬂuid intake in cool environmental",European Journal of Applied Physiology,No case of exercise-associated hyponatraemia in top male ultra-endurance cyclists: the ‘Swiss Cycling Marathon’,FuTRES
10.1080/08920753.2014.964819,"ﬁsheries: Lessons from the last, current actions and ambitions for the futre. In Proceedings of the International Conference AKTEA, ed. K.",Coastal Management,"Women Fish Traders on the Kenyan Coast: Livelihoods, Bargaining Power, and Participation in Management",FuTRES
10.1002/ijc.2910630323,two distinct epitopes encoded by exons 1 and 3   438 SULEKOVA E T A L  FUTR ABSE 1  APC - GENE  7 Q 1OA 14  15  SRPlSGEA 3'rn  sldpping 1  7,International Journal of Cancer,Multiple APC messenger RNA isoforms encoding exon 15 short open reading frames are expressed in the context of a novel exon 10A-derived sequence,FuTRES
10.1179/107902611X13069205199503,"Chiba University, 1-8-1 Inohana, Chuo-ku, Chiba 2608670, Japan. Email: futre@tg7.so-net.ne.jp  body trunk and extremities and urinary frequency.",The Journal of Spinal Cord Medicine,Postmortem findings in a woman with history of laminoplasty for severe cervical spondylotic myelopathy,FuTRES
10.1080/16522354.2016.1184922,"A. L. (2014). Reuters Institute Digital News Report 2014: Tracking the futre of news. Retrieved March 28, 2016, from https://reutersinstitute.politics.ox.ac.uk/sites/",Journal of Media Business Studies,"Potentials of digital longforms in journalism. A survey among mobile Internet users about the relevance of online devices, Internet-specific qualities, and modes of payment",FuTRES
10.1080/00016340802664302,"the background of one of the best organized screening programs and the FUTRE II vaccination study. They conclude that in any decision on this,",Acta Obstetricia et Gynecologica Scandinavica,The new year with a new cover and new topics,FuTRES
10.1002/em.20567,"insertions and deletions are named ﬁrst for location (I, intron; E, exon; FUTR-50 UTR), type of polymorphism (Ins, insertion; Del, dele- tion),",Environmental and Molecular Mutagenesis,Effects of PON polymorphisms and haplotypes on molecular phenotype in Mexican-American mothers and children,FuTRES
10.1111/zph.12337,"the growth of camel milk marketing in the Somali Region of Ethiopia, Futre Agricultures, no. Research Update 003. Hussein, M. F., M. A. Alshaikh,",Zoonoses and Public Health,"Serosurvey of Coxiella burnetii (Q fever) in Dromedary Camels (Camelus dromedarius) in Laikipia County, Kenya",FuTRES
10.3109/09637489409166149,"ratios in commercial margarines and Cretan olive oil, in October 1991  Futr?,acids and ratios  NB NBS FI -. ~  L ~  S SF GCK FS V K RS  -  -  ~  8:O",International Journal of Food Sciences and Nutrition,Fatty acids composition of Greek margarines. Margarine consumption by the population of Crete and its relationship to adipose tissue analysis,FuTRES
10.1016/0002-9343(65)90148-8,"Fractions of Eluate  Urine  Mrdure 1 Albumin  Bence Jones Protein  -__ FUtr I 23.8  to.2  Electrophoretrc Pattern:;  Determrnot,ort Jf Albumin  of",The American Journal of Medicine,Separation of albumin from Bence Jones protein by filtration through sephadex G 75,FuTRES
10.1080/09593985.2018.1469707,"and Wessel, 2010). In the nursing literature, McLean, Van Wyk, Peters-Futre, and Higgins-Opitz (2006) also reported medical students’ experiences",Physiotherapy Theory and Practice,Students’ perspectives of core value development in a modified problem-based learning program,FuTRES
10.1111/j.1399-0039.1996.tb02631.x,"8bGGAGTATTGGGACCGGAAC  210   Nucleotide sequence for HLA-A*2608 which encodes glutamine at codon 156  fUTR  Erm2  Em1  Em4  h e 4 5 Ems8,7,8, WTR  71 210 110 216  125 3 .",Tissue Antigens,Nucleotide sequence for HLA-A*2608 which encodes glutamine at codon 156,FuTRES
10.1139/y98-053,"rates following ultramarathon competitions (Peters et al. 1996; Peters-Futre 1997). As depicted in Fig. 4 and summarized in Table 1,  15.9%",Canadian Journal of Physiology and Pharmacology,Exercise and resistance to infection,FuTRES
10.1080/0142159X.2018.1551992,"self-directedness. Instr Sci 28:291–307. McLean M, Van wyk JM, Peters-Futre EM, Higgins-Opitz SB. 2006. The small group in problem-based learning:",Medical Teacher,Twelve tips for developing and implementing curriculum in dedicated ‘collaborative classrooms’,FuTRES
10.1016/S0006-3495(94)80825-2,"On heating, this n_tsteble pha  cOvt e ically into a stale phas and on futr hting chain melting ito  a liquid crytallme phase occur. Prolonged",Biophysical Journal,"Thirty-eighth Annual Meeting March 6-10, 1994 New Orleans Convention Center New Orleans, Louisiana. Wednesday Symposia and Posters, Part IV",FuTRES
10.1080/00043079.2016.1108148,"in Fictional Traces: Receptions of the Ancient Novel, ed. Marılia P. Futre Pinheiro and Stephen J. Harrison (Groningen: Barkhuis, 2011),",The Art Bulletin,"Within a Budding Grove: Dancers, Gardens, and the Enamel Cup from the Chungul Kurgan",FuTRES
10.1080/03610918.2019.1614622,m  Eftr½ðuIm ÀRÞðRb ÀRÞg  ¼ 1 tr½uEðRbÞÀuRÀREðRbÞ þ R2  m  ¼  1 m  futr½EðRb  ÞÀutrðRÞÀtr½REðRb Þ  þ  trðR2Þg  ¼ 1 futr½EðRbÀRÞ,Communications in Statistics - Simulation and Computation,The comparison of the estimators of banded toeplitz covariance structure under the high-dimensional multivariate model,FuTRES
10.1002/cite.330270317,"Diplom-Ingenieure.  t 41.8% 0200 0 0 r5 100  n""  IBmI  Ah$:  Bedeutung des Facharbeite,rs futr diie M,aschinenindustrie GliecLerung derr Beschafbigten im Maschinenbau",Chemie Ingenieur Technik,"Verfahrenstechnik, produktionstechnisch betrachtet",FuTRES
10.1139/cjr35-070,"temperatufes has receiveil considefable attention as offering now or in the futr-rre a source of motol and fuel oils. Moreover, the study of the",Canadian Journal of Research,THE HYDROGENATION OF ALBERTA COALS: I. PRELIMINARY EXPERIMENTS ON SUSPENSION MEDIA AND CATALYSTS WITH THREE COALS,FuTRES
10.1002/andp.19374200306,"Griineisen MarburgjL: Anzeigenannahme: Leipzig C I, S&omonstr. 18  'B,fuTr el.A7n0z8e6ig1e.n:  - - -Verhe: Johann Ambrosius Barth. Druck:",Annalen der Physik,Statistische Thermodynamik unter Zugrundelegung der Quantenmechanik in Hartreescher Näherung,FuTRES
10.1080/09593969400000032,"Pmreedings, Chicam: American Marketin-g Asso&tion, pp. 370-2. Swan. 1. E. and Futr+ll. C M. (.19801, 'ln&sing the efficiencyof the retailer's image","The International Review of Retail, Distribution and Consumer Research",Retail services image measurement: an examination of the stability of a numerical comparative scale,FuTRES
10.1016/0956-7151(92)90456-O,caractrristiques et d'autres caractrristiques hypoth&iques du TWME sont r~futres par notre &ude. Des ~chantillons bien 6duqurs peuvent bien rrsister,Acta Metallurgica et Materialia,The two way memory effect in copper-based shape memory alloys — thermodynamics and mechanisms,FuTRES
10.1029/eost2006EO50,contact the authors for information about participating in GIIPSY and futre GIIPSY team meetings. Additional details can be found on the GIIPSY,"Eos, Transactions American Geophysical Union","Eos, Transactions, American Geophysical Union Volume 87, Number 50, 12 December 2006",FuTRES
10.1111/j.1444-0938.1971.tb00052.x,"uorl3elroJ a3uetsrp pue Surtset rclnf,ourg'(.2961) ""I'H 'aseeH  '99, futr,1l 'urordg p puo13uE,.lrap'ruals,{s,trau V '7'gg'utotd6'I'rny 'srusr.rd",The Australian Journal of Optometry,POLARISATION IN REFRACTION*,FuTRES
10.1016/S0006-3495(93)81409-7,"dependent on extdl [C42+ andwr dtillye reseof the ion  from Infraceuarstr. Futr, prelreatmentof the oelwIh btpdga* a Ca'.  that  hresbydeopetes",Biophysical Journal,"Thirty-seventh Annual Meeting February 14-18, 1993 Washington Convention Center Washington, D.C. Wednesday Symposia and Posters, Part II",FuTRES
10.1016/S0264-8377(00)00048-X,community  S}SALARY AV}WAGE LANDP PR}LANDP ROAD}DEN COND}COM  COOP}COM  FUTR}COM  (5) Activities of agricultural cooperatives (6) Agricultural,Land Use Policy,Multilevel modeling on farmland distribution in Japan,FuTRES
10.14814/phy2.14027,"cell disease and 5HMF: the search for effective treatments. Drugs of the Futre 40:817–826. Hall, A. C., and J. C. Ellory. 1986. Evidence for",Physiological Reports,The effect of the antisickling compound GBT 1118 on the permeability of red blood cells from patients with sickle cell anemia,FuTRES
10.1080/01621459.2014.964404,(x4)  19–22% 5% 1% 12% 9–10% 4–5% 6–8% 1% 4% 28% 26–29% 22% 14% 59–70% 58% 5%  FUTR GHAM GODO GYGI LEE LU NGAR NEWM PENG THAK WASH  Futcher et al.,Journal of the American Statistical Association,Estimating a Structured Covariance Matrix From Multilab Measurements in High-Throughput Biology,FuTRES
10.1007/BF01609356,"fixed y e Y . ( ~ ) there is a set Md""(y) in ~ x l R n~, for every n, of ""futr' d(q).d(p)n measure in which S~(t) is defined with the following properties: (i)",Communications in Mathematical Physics,"Time evolution of infinite classical systems with singular, long range, two body interactions",FuTRES
10.1016/B978-012088576-3/50037-X,"rates following ultramarathon competitions (Peters et al., 1996; Peters-Futre, 1997). As summarized in Table 1, 15.9% of runners using vitamin",Psychoneuroimmunology,Exercise and Immunity: Clinical Studies,FuTRES
10.1113/jphysiol.1976.sp011356,"subthreshold activity at motor nerve endings. J. Phyaiol. 117, 109-128. FuTr~tcm, K. J. (1972). Acetylcholine: Possible neuromuscular transmitter",The Journal of Physiology,Cholinergic motor neurones in the stomatogastric system of the lobster.,FuTRES
10.1080/0264041031000140581,"opportunistic infections than sedentary individuals (Nieman, 1997; Peters-Futre, 1997; Shephard and Shek, 1997). It has been suggested that severe",Journal of Sports Sciences,Dietary supplements,FuTRES
10.1080/08929092.2018.1520771,in the present moment and so imagine ourselves and our nations in the futre” (Carter 433).   YOUTH THEATRE JOURNAL  159  “Indigenous theatre,Youth Theatre Journal,"Sitting with truth, language, fences, and healing: The Truth and Reconciliation Commission Calls to Action and TYA in Canada",FuTRES
10.1626/pps.8.259,"heterosis. In S.S. Virmani ed., Hybrid Rice Technology: New developments and futre prospects. International Rice Research Institute, Los Baños, Philippines.",Plant Production Science,Can Yields of Lowland Rice Resume the Increases that They Showed in the 1980s?,FuTRES
10.1007/BF00732292,mcchardm~  At pre~ent d~e automation Is Introduced in ~/r beaten of I ~ blast futr~9  remaining Mast furnaces will be Incl~r in the 9  s~  |u r ~eau,Metallurgist,The untiring innovator,FuTRES
10.1007/BF01094341,"expressions in the past and in the future. For example, the special functions Futr(F,~) = t Z 0 A D i s t ( F , t ) , and P a s t ( F , t ) = t >_0",Real-Time Systems,Tools for specifying real-time systems,FuTRES
10.1080/01421590903095502,"begins with problems. Educ Health 9:61–69. McLean M, Van Wyk JM, Peters-Futre EM, Higgins-Opitz SB. 2006. The small group in problem-based learning:",Medical Teacher,Web-based collaborative training of clinical reasoning: A randomized trial,FuTRES
10.1080/02604027.1981.9971925,"Reason, Ed. N. Kent Smith (London, New York, 1922). 9. J. McHale, The Futre of the Future (Braziller, 1969). 10. B. De Jouvenel, L'Art de",World Futures,Philosophical and ethical foundations of future studies: A discussion,FuTRES
10.1016/S0001-8708(02)00038-5,iAIðu; rÞg if Iðu; rÞa|; Fð1#u; r þ 1Þ otherwise;  ð7Þ ð8Þ  (  Cðu; rÞ ¼ futr;s j sASðu; rÞg if Sðu; rÞa|;  Cðu#1; rÞ  otherwise;  ð9Þ  where  !  1,Advances in Mathematics,Combinatorial aspects of the Lascoux–Schützenberger tree,FuTRES
10.14814/phy2.13161,"Neurol. Sci. 33:323–334. McKune, A. J., S. J. Semple, and E. M. Peters-Futre. 2014. Acute exercise-induced muscle injury. Biology of Sport",Physiological Reports,Optical probing of gastrocnemius in patients with peripheral artery disease characterizes myopathic biochemical alterations and correlates with stage of disease,FuTRES
10.1111/j.1432-1033.1982.tb06603.x,"intraperitoneally injected, this reagent would be preferentially taken up by liver. Futr of' Intruperitoneully A&nini.ster-edL-Propurgylgljcine As can be",European Journal of Biochemistry,Metabolic Consequences of Affinity Labeling of Cystathionase and Alanine Aminotransferase by l-Propargylglycine in vivo,FuTRES
10.1002/stem.447,"Graduate School, Mayo Clinic Clinician-Investigator Program, Mayo Clinic FUTR Career Development Award, and the Canadian Institute of Health",STEM CELLS,Decoded Calreticulin Deficient Embryonic Stem Cell Transcriptome Resolves Latent Cardiophenotype,FuTRES
10.1080/02508281.2005.11081489,"US Defense Report 4. Available at http:/ /www.au.af.mil/Spacecast/alt-futr/alt-futr.html. Accessed on 12 March 2005. VAN DEN HOVEN, A. (2003).",Tourism Recreation Research,"Tourism into the Future—Towards 2020, and Beyond",FuTRES
10.1016/S0140-6736(02)98815-X,"often irregular pulse, an anasarcous state has followed loss of  and futred tongue. The same combina- blood; and this has caused an unneces-  tion",The Lancet,"LECTURES ON THE THEORY AND PRACTICE OF PHYSIC,",FuTRES
10.1016/S1522-8649(03)50007-5,"references] McIntosh N. Intensive care monitoring: past, present and futre. Clin Med 2(4):349355, July-August 2002 Oliver R. Making the Modern",Bulletin of Anesthesia History,From the Literature,FuTRES
10.1002/ca.22742,"Bensabat-Rendas A, Correia M, Morais-Sarmento C, Eiro G, Leitao-de–Freitas A, Futre G, Bernardes AJ, Rodrigues J. 1980. O ensino da disciplina de",Clinical Anatomy,How optional should regional anatomy be in a medical course? An opinion piece,FuTRES
10.1007/BF00732298,"p ~ i . ; t ~f thr. t:t~.d.et~ 4,Jrit~ tJ~ctom maiJItr.nanr16(3rf.lbe Futr,sce  is ,~-d. II~ ilfc of ~ c chcckcr, r ~ J ~ c s I to 2 ~.*~*~",Metallurgist,Steel industry in England,FuTRES
10.1300/J002v11n01_12,"Prcss. I)cl.uci~, K. & Salcrno, S. (1084). Hclj)itl,y profc~.\.siot~i~clust~t~ccnrilh futr~~lrcu.\.i/lt h i r ~ ~ d i copped chi/cln,tr. Springfield, Ii.:",Marriage & Family Review,CHAPTER 11: Systems of Care for Disabled Children and Family Members:,FuTRES
10.1023/A:1008710224611,"in Table 1. TRIO also provides three derived temporal operators—dist, futr, and past—to denote the value of terms, rather than formulas, at",Automated Software Engineering,,FuTRES
10.1007/BF01950637,yon Calvities aussehliesst) - - indess die individuellen Bedingungen fUtr die Sehnelligkeit des Haarwechsels sind noch viel zu wenig bekannt,Archiv für Pathologische Anatomie und Physiologie und für Klinische Medicin,Ueber Canities senilis und praematura,FuTRES
10.1016/B978-0-12-374739-6.00313-4,"Relative importance of climate and land use in determining present and futre global soil dust emission. Geophysical Research Letters 31, L05105.",Treatise on Geomorphology,11.20 Anthropogenic Environments,FuTRES
10.1007/BF01896982,")(t-W')(w''f-iT  -  -  ~ o 3r w  ,  .  ,  /  (  w  L  -t)(w,~  dt -t)(t-  r,f%')(wot -t,  |""fUtr,  dt  -:~]w, ""/(I~,""'~ - t ) ( w , : - t ) ( t - w , ) ( w , -",Applied Mathematics and Mechanics,The studies of finite supercavitating airfoil,FuTRES
10.1111/j.1432-1033.1992.tb16590.x,"Rosch, J., Wicsner, P., Beck, J., Stratmann, D. & Zauner, I . (1987) Futr Sci. Techno/. 89, 570- 517. 9. Chirala, S . S., Kuziora, M . A.,",European Journal of Biochemistry,Differential proteolytic sensitivity of yeast fatty acid synthetase subunits alpha and beta contributing to a balanced ratio of both fatty acid synthetase components,FuTRES
10.1080/1528008X.2013.749386,"carriers, low cost carriers, and consumer behavior: A Delphi study of futre trends. Journal of Air Transport Management, 13(5), 299–310. Mayo,",Journal of Quality Assurance in Hospitality & Tourism,Use of Multimedia to Enhance Service Quality in Hospitality Education,FuTRES
10.1139/f77-272,"UNIV OF WISCONSIN MADISON on 08/11/16 For personal use only.  tion. If futr-rrestudies provc other benthic species have stable turnover ratios,",Journal of the Fisheries Research Board of Canada,Production and Population Dynamics of the Crayfish Orconectes virilis in Three Michigan Lakes,FuTRES
10.1029/GL013i013p01395,"273-274, 1981. Novick, S.E., P.C. Engelking, P.L. J'ones, J.H.  References  Futreli,  and W.C. Lineberger,  Laser photo-  electron spectra of O•,",Geophysical Research Letters,The kinetics of NaO + O 2 + M and NaO + CO 2 + M and their role in atmospheric sodium chemistry,FuTRES
10.1080/01449298708901839,"NO. 3, 303-309 Ergonomic keyboard design ROLF ILG Fr;~unhofcr-lnstili~futr Arbeitswirtschaft und Organisation (IAO), Holzgartenstrasse 17,",Behaviour & Information Technology,Ergonomic keyboard design,FuTRES
10.1007/s10270-013-0330-z,"al.  Table 1 TRIO-derived temporal operators  Operator  Deﬁnition  Past(F, t) Futr(F, t) Alw( F ) Lasted(F, t) Lasts(F, t) WithinP(F, t) WithinF(F,",Software & Systems Modeling,Formal verification and validation of embedded systems: the UML-based MADES approach,FuTRES
10.1007/BF03023319,"mi-s6rie. II - |I1I - O  g =-- I  -t~C"" I  I  I  i  I o  O  Fro. 6. -- FUtre h quartz, 70 kc/s _+5 {'/s, schbma de prmeipe.  .1~ ,,, L / \ ii Fro.",Annales des Télécommunications,Spectromètre radiotélégraphique,FuTRES
10.1002/cber.19841170413,iiberlegen.  ws15 ozph  Wir danken der Deutschen ~orschungsgemeinschu~futr die Unterstiitzung dieser Arbeit.  Experimenteller Teil NMR-Spektren:,Chemische Berichte,Zur Umsetzung von 2-Pyrrolcarbaldehyd mit heterosubstituierten Ethenen,FuTRES
10.1080/10436928.2016.1236519,"digitally fractured orthography, for example: “if thr r childrn, thr mst b a fUtr, rt?” (331). Bennie’s and Scotty’s resurrection of sorts is thereby",Lit: Literature Interpretation Theory,Affective Identification in Jennifer Egan’s A Visit from the Goon Squad,FuTRES
10.1111/j.1529-8817.1987.tb04135.x,"0.5 1.o 5.0 10.0  Calculated KUBISCO acubit) a i 20"" C (pmol C hxrd g futr'.h-') 0.023 0.046 0.226 0.447 2.03 3.65 10.1 13.0  E, (0-25' C)",Journal of Phycology,ADAPTATION OF PHOTOSYNTHESIS IN LAMINARIA SACCHARINA (PHAEOPHYTA) TO CHANGES IN GROWTH TEMPERATURE,FuTRES
10.1007/s00108-011-2804-9,"(1997) Perspective: aging and infectious diseases: past, present, and futre. J Infect Dis 176:1053–1057",Der Internist,Geriatrische Patienten in Notaufnahme und Intensivmedizin,FuTRES
10.1007/BF00365335,"the usual symbols of a first order alphabet plus the temporal operators Futr and Past. Moreover, the variables and the predicates of the language",Real-Time Systems,Dealing with different time granularities in formal specifications of real-time systems,FuTRES
10.1002/jctb.5000231201,"‘Nwdiiliuiiltj iu tho investigation is tliree-  hleetittg held uf Uiirlin futr Ilouse, on Nonhty, -Jutre citi, 190.1.  fold. X o t only docs tlic",Journal of the Society of Chemical Industry,A record for all interested in chemical and allied manufactures,FuTRES
10.1080/02682620808657709,"offered 697 368 1,081  themselves ask to be contacted at a time in the futre, though clients are free to phone the centre at any time. When",Bereavement Care,Crisis intervention in Finland,FuTRES
10.1080/00933104.1998.10505865,"educational elite sought t~ hide horn public view. For example,Mary Hatwood-Futr~lils the three-time president of the two million member National",Theory & Research in Social Education,History on Trial in the Heart of Darkness,FuTRES
10.1007/BF02227498,"so grog, dab die Gemisehe leicht kreidig scbmeckten. Die l~eaktion des Futr wurde dureh Phosphors/~ure und Ammoniumchlorid nach der sauren,",Virchows Archiv für Pathologische Anatomie und Physiologie und für Klinische Medizin,"Über den Einfluß sauren und alkalischen Futters auf Mäuse, besonders auf die Entstehung hyaliner (amyloider?) und wachsartiger Degeneration",FuTRES
10.1007/BF02099507,"(5.23). According to (5.19) the local expression for the curvature is given by FuTr(a) = AuTc(a) +Au1r(a(1))Aurc(a(2)),  where a E 2~. Let us consider",Communications in Mathematical Physics,Geometry of quantum principal bundles I,FuTRES
10.1179/peq.2003.135.2.124,"94. 2 The Fumaria plant, see Issa, 85. 3 Dill (Anethum graveolens) 4 Futr - usually a term for mushroom. Here it is referring to the wilted",Palestine Exploration Quarterly,"Ibn Al-Suri, Physician and Botanist of Al-Sham",FuTRES
10.1002/jctb.5000311501,"collecliiig  C. Reger.  PATEXTS.  Fr. Pat. 430,063, Feb. 2, 1012. THE futr, otc., nre pcrponifietl with nietnllic oxidcs or  Red leud ; for",Journal of the Society of Chemical Industry,Journal and patent literature,FuTRES
10.1139/v60-241,"ROTVLASDA.m. Chem. Soc. 137th Meeting, Cleveland, 1960.  17. i8:  I. H. FUTR-ELL. I. b. P. STEVENSON:  A n . Chem. Soc. 81. 5921 (1959). J .",Canadian Journal of Chemistry,HOT ATOM REACTIONS AND RADIATION-INDUCED EFFECTS IN THE REACTIONS OF RECOIL TRITIUM WITH CYCLOPROPANE,FuTRES
10.1080/14733285.2018.1535697,"Willetts, D. 2010. The Pinch: How the Baby Boomers Took Their Children’s Futre – And Why They Should Give it Back. London: Atlantic Books.",Children's Geographies,Geographies of youth – a generational perspective,FuTRES
10.1002/rcm.1290071002,"spectrum of ethoxy-1,1,2,2,2d,-trimethylsilane ([43+]/[44+]=4.6). Herold and Futreli, however, proposed that one methyl group and one of three hydrogen",Rapid Communications in Mass Spectrometry,"Metastable ion study of organosilicon compounds, part VII.1 Losses of C2H4 and CH4 from the metastable dimethylsilyl ion [(CH3)2Si+H]",FuTRES
10.1080/00094056.1987.10521519,"problem, and schools must do their share to solve it. As Mary Hatwood FutrelI says in the foreword, “Mastery of the 3 R’spresupposes the ability",Childhood Education,Professional Books,FuTRES
10.1080/15280080802713751,"I am going to purchase over 50% of my future travel products at XYZ. (futr) Behavioral E-Loyalty I will recommend XYZ to my friends, relatives,",Journal of Quality Assurance in Hospitality & Tourism,Consumer E‐Loyalty to Online Travel Intermediaries,FuTRES
10.1111/j.1751-908X.1983.tb00371.x,"6.09 6.1 6.1 6.1 6.1 6.1 6.11 6.11 b.12 6.12 6.12 6.12  UNCXR  ANAL aW""I fUTR  REP BEl CODE WU  EU(PPB)  50. 1000. 2. 600. 30. 0.2 0.01 0.06  L*",Geostandards and Geoanalytical Research,1982 Compilation of Elemental Concentrations in Eleven United States Geological Survey Rock Standards,FuTRES
10.1139/y98-053,"rates following ultramarathon competitions (Peters et al. 1996; Peters-Futre 1997). As depicted in Fig. 4 and summarized in Table 1,  15.9%",Canadian Journal of Physiology and Pharmacology,Exercise and resistance to infection,FuTRES
10.1029/2006EO500004,contact the authors for information about participating in GIIPSY and futre GIIPSY team meetings. Additional details can be found on the GIIPSY,"Eos, Transactions American Geophysical Union",Recent tsunami highlights need for awareness of tsunami duration,FuTRES
10.1002/jctb.5000160201,"coconwt oil, wliicl~ lius thc lowest ioiliiie nlisorption of ~nitiirul futr, nnd very higli witti linsced oil, wliich llns the lii~licstiotliiic",Journal of the Society of Chemical Industry,A monthly record for all interested in chemical manufactures: Part 1,FuTRES
10.1007/s00421-009-1248-6,(Bangsbo et al. 1994) facilitating the elimination of blood H? (Peters Futre et al. 1987) and lactate (Gisolﬁ et al. 1966; Hermansen and Stensvold,European Journal of Applied Physiology,Restoration of blood pH between repeated bouts of high-intensity exercise: effects of various active-recovery protocols,FuTRES
10.1080/09670262.2015.1069493,optimisation of tris-base for other minimal media will be studied in the futre for cultivation of other Chlorella strains. 9PO.32 OPTIMISATION,European Journal of Phycology,Posters,FuTRES
10.1002/andp.18060230602,".- Stiickes It  - = S07,r = b ; iene des - 63,0 = c in Taalendtheilen  des FuTres. .  Ift nun die Griifse der ti7irferrtinde diefer tlrei verfchiedenen",Annalen der Physik,"Versuche zur Bestimmung des absoluten Widerstandes, den eine in der Luft (auf die Richtung ihrer Bewegung senkrecht) bewegte Fläche leidet",FuTRES
10.1080/01421590600831795,"diverse population MICHELLE MCLEAN, JACQUELINE M. VAN WYK, EDITH M. PETERS-FUTRE & SUSAN B. HIGGINS-OPITZ University of KwaZulu-Natal, South Africa ABSTRACT",Medical Teacher,Web Papers,FuTRES
10.1080/0020486820190305,"year ago, make this point among others.  One day in the relatively near futre, the desegregation case will be closed. The school system will",Equity & Excellence in Education,Desegregation: Lessons of the Past and Future Opportunities,FuTRES
