10.1016/j.epsl.2024.118781,2024). The new ùõøDùëù record for ODP1239 is also available on the NOAA NCEI Paleoclimatology database.,Earth and Planetary Science Letters,Large-scale sea surface temperature gradients govern westerly moisture transport in western Ecuador during the Plio-Pleistocene,NCEI Paleoclimatology Database
10.1016/j.epsl.2016.01.007,"values, are shown in Fig. 3. All data are also available online in the NOAA/NCEI Paleoclimatology Database.",Earth and Planetary Science Letters,Late Quaternary environmental change in the interior South American tropics: new insight from leaf wax stable isotopes,NCEI Paleoclimatology Database
10.1016/j.jeem.2015.11.005,through 2011 using instrumental records. Data can be recovered from the NOAA paleoclimatology database (http://www.ncdc.noaa.gov/paleo/).,Journal of Environmental Economics and Management,Long-run changes in radiative forcing and surface temperature: The effect of human activity over the last five centuries,NOAA Paleoclimatology
10.1002/joc.2117,reconstruction and the tree-ring data used to produce it will be available at the NOAA Paleoclimatology web site (http://www.ncdc.noaa.gov/paleo/,International Journal of Climatology,"Millennial precipitation reconstruction for the Jemez Mountains, New Mexico, reveals changingb drought signal",NOAA Paleoclimatology
10.1029/2018GL081046,proxy data sets required to produce this research are archived on the NOAA Paleoclimatology Data Base (https:// www.ncdc.noaa.gov/data‚Äêaccess/,Geophysical Research Letters,Cloud cover feedback moderates Fennoscandian summer temperature changes over the past 1000 years,NOAA Paleoclimatology
10.1016/0377-8398(95)00048-8,"Division, Lawrence Livermore National Laboratory (Grant SC/ 9526), and from NOAA Paleoclimatology Program Grant NA36GP0308. References Aagaard,",Marine Micropaleontology,Mid-Pliocene warmth: stronger greenhouse and stronger conveyor,NOAA Paleoclimatology
10.1006/qres.1999.2073,"sponsored by the PALE project (NSF ATM 95-26384 and NSF ATM 98-09963), The NOAA Paleoclimatology Program, the Russian Foundation",Quaternary Research,Paleoenvironmental Atlas of Beringia Presented in Electronic Form,NOAA Paleoclimatology
10.1111/jbi.12267,"J. & Maher, L. (1996) MapPad (mapping program), version 2.0 (Beta 4). NOAA Paleoclimatology Program. Available at: http://www.ngdc.noaa.gov/paleo/paleo.html. Khanum,",Journal of Biogeography,"Geographical origins of North American Rhodiola (Crassulaceae) and phylogeography of the western roseroot, Rhodiola integrifolia",NOAA Paleoclimatology
10.1002/2015PA002883,"(http://sedis.iodp.org), Pangaea website (http://www.pangaea.de), and NOAA Paleoclimatology (https://www.ncdc.noaa. gov/data-access/paleoclimatology-data).  Glacial",Paleoceanography,Atmosphere-ocean linkages in the Eastern Equatorial Pacific over the early Pleistocene,NOAA Paleoclimatology
10.1016/j.quascirev.2011.05.019,were obtained from the World Data Center for Paleoclimatology of the NOAA Paleoclimatology Program (http://www.ncdc.noaa.gov/paleo/).,Quaternary Science Reviews,"Mid to Late Holocene hydroclimatic and geochemical records from the varved sediments of East Lake, Cape Bounty, Canadian High Arctic",NOAA Paleoclimatology
10.1080/10962247.2013.851044,than droughts of the 20th century. Data from Cook et al. (2009) and the NOAA Paleoclimatology program (http://www.ncdc.noaa.gov/cgi-bin/paleo/pd08plot.pl).,Journal of the Air & Waste Management Association,Changes in weather and climate extremes: State of knowledge relevant to air and water quality in the United States,NOAA Paleoclimatology
10.1080/0194262X.2012.758551,"documents, archaeological remains, and other environmental indicators (NOAA Paleoclimatology Program 2003). Tree rings",Science & Technology Libraries,Reviews of Science for Science Librarians: Drought in the Agricultural and Geosciences Literature,NOAA Paleoclimatology
10.1111/j.1502-3885.2004.tb01141.x,the manuscript. Marine core and insolation data were provided by the NOAA Paleoclimatology Program and World Data Center,Boreas,Towards a chronology of the Late Pleistocene in the northern Alpine Foreland,NOAA Paleoclimatology
10.1016/j.jsames.2004.05.007,"from the Tertiary of Chile (VI). Botanical Magazine Tokyo 103, 255‚Äì 309. NOAA Paleoclimatology Program, 2002. WDC for Paleoclimatology",Journal of South American Earth Sciences,"A diverse assemblage of fossil hardwood from the Upper Tertiary (Miocene?) of the Arauco Peninsula, Chile",NOAA Paleoclimatology
10.1046/j.1365-2699.2000.00426.x,"S. P. (1995) Lake status records from Europe: data base documentation. NOAA Paleoclimatology Publications Series Report,",Journal of Biogeography,"Pollen-based biomes for Beringia 18,000, 6000 and 0 14C yr bp +",NOAA Paleoclimatology
10.1002/2016PA002957,comments on an earlier version of this paper. Data will be available at the NOAA Paleoclimatology (https://www. ncdc.noaa.gov/data-access/paleoclimatology-data),Paleoceanography,Strong middepth warming and weak radiocarbon imprints in the equatorial Atlantic during Heinrich 1 and Younger Dryas,NOAA Paleoclimatology
10.1002/jqs.1423,"from individual site reports, supplemented by records archived by the NOAA Paleoclimatology Program (www.ngdc.noaa.gov/paleo/paleo.html)",Journal of Quaternary Science,Does the Agulhas Current amplify global temperatures during super-interglacials?,NOAA Paleoclimatology
10.1016/j.dendro.2014.06.003,Foundation (SQJ2013015). Tree-ring data from Mongolia were obtained from the NOAA Paleoclimatology International Tree-Ring Data,Dendrochronologia,"Precipitation reconstruction for the southern Altay Mountains (China) from tree rings of Siberian spruce, reveals recent wetting trend",NOAA Paleoclimatology
10.1029/2008GL036924,instrumental sea surface temperature records. This research was supported by NOAA‚Äôs Paleoclimatology program (OAR/CCDD grant,Geophysical Research Letters,Intensified decadal variability in tropical climate during the late 19th century,NOAA Paleoclimatology
10.1029/eost2005EO24,"31, 2005. Florida State University is an Equal Opportunity Employer. NOAA Paleoclimatology Database Programmer. The","Eos, Transactions American Geophysical Union","Eos, Transactions, American Geophysical Union Volume 86, Number 24, 14 June 2005",NOAA Paleoclimatology
10.1029/94EO00492,"on an earlier meeting held at Lamont in late 1991, cosponsored by the NOAA Paleoclimatology Program and NASA/GISS. With","Eos, Transactions American Geophysical Union",Reconstructing the last glacial and deglacial ice sheets,NOAA Paleoclimatology
10.1111/j.1365-2699.2004.01203.x,"radiocarbon database (ed. by P.M. Anderson and A.V. Lozhkin), pp. 257‚Äì369. NOAA Paleoclimatology and North East Science Center,",Journal of Biogeography,Beringia as a glacial refugium for boreal trees and shrubs: new perspectives from mapped pollen data,NOAA Paleoclimatology
10.4296/cwrj2804531,"Output Visualization (http://www.ngdc.noaa.gov/ paleo/modelvis.html). NOAA Paleoclimatology Program, National Geophysical",Canadian Water Resources Journal,Climate Change in Coastal British Columbia ‚Äî A Paleoenvironmental Perspective,NOAA Paleoclimatology
10.1029/2001JD900255,National Institute for Global Environmental Change (NIGEC). We thank the NOAA Paleoclimatology Program and the National Science,Journal of Geophysical Research,Simulation of stable water isotope variations by the GENESIS GCM for modern conditions,NOAA Paleoclimatology
10.1029/2018GC008065,of the manuscript. Data presented in this study are available at the NOAA Paleoclimatology date center (https:// www.ncdc.noaa.gov/data‚Äêaccess/,"Geochemistry, Geophysics, Geosystems",Enhanced Himalayan glacial melting during YD and H1 recorded in the northern Bay of Bengal,NOAA Paleoclimatology
10.1029/2018GL081458,ring‚Äêbased streamÔ¨Çow reconstruction data in this study are available from the NOAA Paleoclimatology Datasets (https:// www.ncdc.noaa.gov/paleo/study/,Geophysical Research Letters,Increased variability of Thailand's Chao Phraya River peak‚Äêseason flow and its association with ENSO variability: Evidence from tree ring Œ¥ 18 O,NOAA Paleoclimatology
10.1007/BF02884911,"Anthropology, Louisiana State University, Baton Rouge, LA 70803, USA; 3. NOAA Paleoclimatology Program, National Geophysical",Chinese Science Bulletin,"Changes in South Asian monsoon: New high-resolution paleoclimatic records from Tibet, China",NOAA Paleoclimatology
10.1111/j.1365-2699.2004.01001.x,S.P. (1995) Lake status records from Europe: data base documentation. NOAA Paleoclimatology Publication Series Report,Journal of Biogeography,"Pollen-based reconstructions of biome distributions for Australia, Southeast Asia and the Pacific (SEAPAC region) at 0, 6000 and 18,000 14C yr BP",NOAA Paleoclimatology
10.1130/g35541.1,(www.neotomadb.org) and the National Oceanic and Atmospheric Administration (NOAA) Paleoclimatology Data Center upon publication. REFERENCES,Geology,"A record of sustained prehistoric and historic land use from the Cahokia region, Illinois, USA",NOAA Paleoclimatology
10.1016/j.revpalbo.2017.06.004,"Siberia and the Russian Far East: A Palynological and Radiocarbon Database. NOAA Paleoclimatology and North East Science Center,",Review of Palaeobotany and Palynology,"Variability in landscape and lake system responses to glacial and interglacial climates during the Middle Pleistocene based on palynological and geochemical data from Lake El'gygytgyn, Eastern Arctic",NOAA Paleoclimatology
10.1002/gdj3.89,"scientific papers and theses. Besides personal archives and contributions, NOAA‚Äôs Paleoclimatology database was explored as",Geoscience Data Journal,A database of Holocene temperature records for north‚Äêeastern North America and the north‚Äêwestern Atlantic,NOAA Paleoclimatology
10.1016/j.quascirev.2006.10.002,"Quaternary Science Reviews 25 (2006) 3431‚Äì3457  downloadable at WDC-A, NOAA Paleoclimatology Program http://www.ngdc.noaa.gov/paleo/paleo.html.",Quaternary Science Reviews,"Orbital forcing of continental climate during the Pleistocene: a complete astronomically tuned climatic record from Lake Baikal, SE Siberia",NOAA Paleoclimatology
10.1029/2004PA001099,http:// ion.researchsystems.com/IONScript/wavelet and accessible via the NOAA paleoclimatology webpage) was used to process,Paleoceanography,"El Ni√±o variability off Peru during the last 20,000 years",NOAA Paleoclimatology
10.1029/eost2007EO42,"before the closing date. Closing Date: January 15, 2008. EEO/AA Employer. NOAA Paleoclimatology Physical Scientist Vacancy.","Eos, Transactions American Geophysical Union","Eos, Transactions, American Geophysical Union Volume 88, Number 42, 16 October 2007",NOAA Paleoclimatology
10.1016/j.jhydrol.2008.11.035,"was utilized from the National Oceanic and Atmospheric Administration (NOAA) Paleoclimatology Program, World Data Center",Journal of Hydrology,Associations of interdecadal/interannual climate variability and long-term colorado river basin streamflow,NOAA Paleoclimatology
10.1016/j.jhydrol.2013.10.007,Reconstructions which correct for the errors are now available through the NOAA Paleoclimatology Repository (http://hurricane.ncdc.noaa.gov/pls/paleox/f?p=519:1:0::::P1_STUDY_ID:,Journal of Hydrology,Corrigendum to ‚ÄúTree-ring reconstructed hydroclimate of the Upper Klamath basin‚Äù [J. Hydrol. 495 (2013) 13‚Äì22],NOAA Paleoclimatology
10.1016/j.quascirev.2013.02.007,"Siberia and the Russian Far East: A Palynological and Radiocarbon Database. NOAA Paleoclimatology and North East Science Center,",Quaternary Science Reviews,"Late Quaternary lake records from the Anadyr Lowland, Central Chukotka (Russia)",NOAA Paleoclimatology
10.1016/j.quascirev.2011.01.004,isotope data can be downloaded from the NOOA National Climatic Data Center (NOAA Paleoclimatology; http://www.ncdc.noaa.gov/paleo/). 3.,Quaternary Science Reviews,"Holocene and Pleistocene pluvial periods in Yemen, southern Arabia",NOAA Paleoclimatology
10.1016/j.quaint.2009.02.005,records from the former Soviet Union and Mongolia: data base documentation. NOAA Paleoclimatology Publications Series Report,Quaternary International,"Late Pleistocene and Holocene vegetation and climate records from Lake Kotokel, central Baikal region",NOAA Paleoclimatology
10.1029/2012GL054011,of the tree ring site chronologies studied here were obtained from the NOAA Paleoclimatology Program‚Äôs  568   BOWERS ET,Geophysical Research Letters,Long range correlations in tree ring chronologies of the USA: Variation within and across species,NOAA Paleoclimatology
10.1029/2020GL087478,have been contributed to the International Tree-Ring Data Bank at the NOAA Paleoclimatology Program: https://www.ncdc.noaa.gov/data-access/paleoclimatology-data/datasets/tree-ring ¬©2020,Geophysical Research Letters,Multi-decadal changes in wet season precipitation totals over the eastern Amazon,NOAA Paleoclimatology
10.1111/j.1752-1688.2001.tb05530.x,by funding from the California Department of Water Resources and the NOAA Paleoclimatology Program (Awards NA 86GP0454,JAWRA Journal of the American Water Resources Association,SACRAMENTO RIVER FLOW RECONSTRUCTED TO A.D. 869 FROM TREE RINGS1,NOAA Paleoclimatology
10.1080/11035899901213187,isotope data for the GRIP and GISP2 ice cores were obtained from the NOAA Paleoclimatology Program web site at: www.ngdc.noaa.gov.,GFF,"Are late-glacial climate oscillations recorded in varves of the upper Connecticut Valley, northeastern United States?",NOAA Paleoclimatology
10.1007/s00334-005-0065-z,"Europe: data base documentation. World data Center‚ÄîA for Palaeoclimatology, NOAA Paleoclimatology Program, Paleoclimatology",Vegetation History and Archaeobotany,"Vegetation history and lake-level changes from the Younger Dryas to the present in Eastern Pyrenees (France): pollen, plant macrofossils and lithostratigraphy from Lake Racou (2000 m a.s.l.)",NOAA Paleoclimatology
10.1016/S0025-3227(02)00321-3,"1062, and 1063 are not presented in the text and they will be archived at NOAA Paleoclimatology WDC-A archive (http://www.ngdc.noaa.gov/paleo/data.html).   30",Marine Geology,Paleoceanographic significance of sediment color on western North Atlantic drifts: I. Origin of color,NOAA Paleoclimatology
10.1016/j.revpalbo.2006.03.016,"S.P., 1995. Lake status record from Europe: data base documentation. NOAA Paleoclimatology Publication Series Report,",Review of Palaeobotany and Palynology,"Wetlands in the Venetian Po Plain (northeastern Italy) during the Last Glacial Maximum: Interplay between vegetation, hydrology and sedimentary environment",NOAA Paleoclimatology
10.1016/S0034-6667(00)00028-2,Palaeobotany and Palynology 111 (2000) 253‚Äì283  261  gov/paleo.html under the NOAA Paleoclimatology  Program.  For the purposes,Review of Palaeobotany and Palynology,"Pollen input to, and incorporation in, two crater lakes in tropical northeast Australia",NOAA Paleoclimatology
10.1029/2000PA000530,"deepseasediments  as determinedby radioactivetracers,Quat. D. M. Anderson,NOAA Paleoclimatology  Res., 11, 141-149, 1979.  Program,",Paleoceanography,Attenuation of millennial-scale events by bioturbation in marine sediments,NOAA Paleoclimatology
10.1016/B978-0-12-823500-3.00019-4,"https://doi.org/10.1038/nature06949. [15] World Data Center for Paleoclimatology, NOAA Paleoclimatology Program: EPICA Dome C Ice","Biomass, Biofuels, Biochemicals",Climate change research and implications of the use of near-term carbon budgets in public policy,NOAA Paleoclimatology
10.1016/j.quageo.2014.08.003,"from Curry et al., 2011; Zachos et al., 2001; original data from the NOAA Paleoclimatology Database). The gray vertical",Quaternary Geochronology,"Amino acid geochronology of gastropod-bearing Pleistocene units in Illinois, central USA",NOAA Paleoclimatology
10.1007/BF00265040,"the Commission, was submitted to the Paleoclimate Data Record part of NOAA's Paleoclimatology program in July 1994, but",Bulletin of Volcanology,IAVCEI: Who we are and what we do,NOAA Paleoclimatology
10.1016/j.quaint.2012.03.041,Union and Mongolia. Documentation of the Second Version of the Data Base. NOAA Paleoclimatology Publications Series Report,Quaternary International,"Holocene sedimentary records from Lake Borsog, eastern shore of Lake Khuvsgul, Mongolia, and their paleoenvironmental implications",NOAA Paleoclimatology
10.1139/x05-224,instrumental Palmer Drought Severity Index (PDSI) values were obtained from the NOAA Paleoclimatology Program for the period 1895‚Äì1995,Canadian Journal of Forest Research,"Spatial variability in forest growth ‚Äì climate relationships in the Olympic Mountains, Washington",NOAA Paleoclimatology
10.1016/j.revpalbo.2015.09.008,"America. However, this database was never publicly available. Through the NOAA Paleoclimatology website and several workshops,",Review of Palaeobotany and Palynology,Updated site compilation of the Latin American Pollen Database,NOAA Paleoclimatology
10.1111/ecog.01335,Bank (ITRDB) at the National Oceanic and Atmospheric Administration (NOAA) Paleoclimatology Program and World Data Center,Ecography,treeclim: an R package for the numerical calibration of proxy-climate relationships,NOAA Paleoclimatology
10.1029/2005PA001163,"are electronically available at World Data Center for Paleoclimatology: NOAA Paleoclimatology Program, 325 Broadway, Code",Paleoceanography,Enhanced terrestrial weathering/runoff and surface ocean carbonate production during the recovery stages of the Paleocene-Eocene thermal maximum,NOAA Paleoclimatology
10.1046/j.1365-2699.2000.00431.x,"changES (PAGES) core project. Workshop funds were also provided by the NOAA Paleoclimatology Program (NOAA-NGDC), the Swedish",Journal of Biogeography,Palaeovegetation of China: a pollen data-based synthesis for the mid-Holocene and last glacial maximum,NOAA Paleoclimatology
10.1016/j.gloplacha.2015.08.010,"Fleitmann et al. 2003, 2007 Qunf Cave, Oman Stalagmite Oxygen Isotope Data. NOAA Paleoclimatology (http://www.ncdc. noaa.gov/paleo/metadata/noaa-cave-5541.html). Froidevaux,",Global and Planetary Change,Evolution and current state of our understanding of the role played in the climate system by land surface processes in semi-arid regions,NOAA Paleoclimatology
10.1016/S0034-6667(00)00011-7,through the internet on http://www. ngdc.noaa.gov/paleo.html under the NOAA Paleoclimatology Program. Because of the constraints,Review of Palaeobotany and Palynology,Pollen fall-out from a tropical vegetation mosaic,NOAA Paleoclimatology
10.1016/S0277-3791(98)00115-2,records from the Former Soviet Union and Mongolia; data base documentation. NOAA Paleoclimatology Publication Series Report,Quaternary Science Reviews,Oxygen isotopes in lacustrine carbonates of West China revisited: implications for post glacial changes in summer monsoon circulation,NOAA Paleoclimatology
10.1016/S0031-0182(98)00152-7,earlier version of this manuscript. Funding was provided in part by the NOAA Paleoclimatology Program (#NA56GP0180 to S.,"Palaeogeography, Palaeoclimatology, Palaeoecology","Paleoclimatic significance of Œ¥D and Œ¥13C values in pi√±on pine needles from packrat middens spanning the last 40,000 years",NOAA Paleoclimatology
10.1016/j.palaeo.2017.06.020,"is archived at the National Oceanic and Atmospheric Administration's (NOAA) paleoclimatology datasets (http://www.ncdc.noaa.gov/data-access/paleoclimatologydata/datasets). References Abrantes,","Palaeogeography, Palaeoclimatology, Palaeoecology","Effects of sea-level, sea-ice extent, and nutrient availability on primary production at the Umnak Plateau, Bering Sea (IODP Site U1339) during Marine Isotope Stage (MIS) 5",NOAA Paleoclimatology
10.1002/jgrd.50392,et al. [2004]. The corresponding data sets are freely available on the NOAA Paleoclimatology Program website (www.ncdc.noaa.gov/paleo/recons.html).,Journal of Geophysical Research: Atmospheres,Links between multidecadal and interdecadal climatic oscillations in the North Atlantic and regional climate variability of northern France and England since the 17th century,NOAA Paleoclimatology
10.1029/2017WR021788,time series and principal component time series are available at the NOAA Paleoclimatology Data website: www.ncdc.noaa.gov/data-access/,Water Resources Research,The Threat of Multi-Year Drought in Western Amazonia,NOAA Paleoclimatology
10.1029/2019JC015979,improved the original manuscript. Data in this paper can be found at NCEI/NOAA Paleoclimatology database on the link (https://www.ncdc.noaa.gov/paleo/study/29792),Journal of Geophysical Research: Oceans,Pre to post‚Äêbomb 14 C history from the west side of Palawan Island: insights into oceanographic changes in the South China Sea,NOAA Paleoclimatology
10.1023/A:1005396027562,NSF grants DPP-8922696 and ATM-94-06732. This research was funded by NOAA Paleoclimatology Program Grant No. NA56GP0235.,Climatic Change,,NOAA Paleoclimatology
10.1016/j.yqres.2007.03.008,Unon and Mongolia: Documentation of the Second Version of the Data Base. NOAA Paleoclimatology Publication Series Report,Quaternary Research,"Paleoenvironmental proxy records from Lake Hovsgol, Mongolia, and a synthesis of Holocene climate change in the Lake Baikal watershed",NOAA Paleoclimatology
10.1016/j.yqres.2007.07.001,reconstruction and the tree-ring data used to produce it is available at the NOAA Paleoclimatology web site (http://www.ncdc.noaa.gov/paleo/treering.html). Acknowledgments The,Quaternary Research,"May‚ÄìJune precipitation reconstruction of southwestern Anatolia, Turkey during the last 900 years from tree rings",NOAA Paleoclimatology
10.1111/j.1502-3885.2010.00198.x,surface temperature record from AD 1880 to 2000 is available from the NOAA Paleoclimatology website at http://www. ncdc.noaa.gov/gcag/GCA.,Boreas,"A multi-proxy sediment record of late Holocene and recent climate change from a lake near Ny-√Ölesund, Svalbard",NOAA Paleoclimatology
10.1016/j.quascirev.2016.05.022,ephippia UV absorbance records. The sunspot data was obtained through the NOAA Paleoclimatology website (https:// www.ncdc.noaa.gov/data-access/paleoclimatology-data).,Quaternary Science Reviews,Long-term changes in pigmentation of arctic Daphnia provide potential for reconstructing aquatic UV exposure,NOAA Paleoclimatology
10.1111/bor.12316,"the Russian Far East: A Palynological and Radiocarbon Database, 27‚Äì34. NOAA Paleoclimatology and North East Science Center,",Boreas,Implications for conifer glacial refugia and postglacial climatic variation in western Beringia from lake sediments of the Upper Indigirka basin,NOAA Paleoclimatology
10.1029/2000PA000528,"part by awards to TMQ from NSF-Earth System History (OCE-9727414) and NOAA-Paleoclimatology Program (NA76GP0505).  References Alibert,",Paleoceanography,A multiproxy approach to reconstructing sea surface conditions using coral skeleton geochemistry,NOAA Paleoclimatology
10.1002/joc.4230,"(TRL-LDEO) and collaborators, and several donated by contributors to the NOAA Paleoclimatology International Tree-Ring Data",International Journal of Climatology,Tree-ring reconstructed temperature index for coastal northern Japan: implications for western North Pacific variability,NOAA Paleoclimatology
10.1016/S0277-3791(98)00015-8,"Publications Series Report N¬∞2. World Data Center-A for Paleoclimatology NOAA Paleoclimatology Program, Boulder, Colorado,",Quaternary Science Reviews,Simulated climate and biomes of Africa during the late quaternary comparison with pollen and lake status data,NOAA Paleoclimatology
10.1016/S0031-0182(98)00146-1,"early deglaciation in southern Chile D.M. Anderson a,≈Å, R.B. Archer b a NOAA Paleoclimatology Program, U.S. Department of","Palaeogeography, Palaeoclimatology, Palaeoecology",Preliminary evidence of early deglaciation in southern Chile,NOAA Paleoclimatology
10.1016/j.quascirev.2013.05.024,"http://dx.doi.org/10.1002/joc.1589. National Climatic Data Center, 2012. NCDC/WDCA-Paleo Site Map DataÔ¨Åles. NOAA Paleoclimatology Program. ftp://ftp.ncdc.noaa.gov/pub/data/paleo/site_maps.  Neu,",Quaternary Science Reviews,Applications of proxy system modeling in high resolution paleoclimatology,NOAA Paleoclimatology
10.1016/j.gloplacha.2018.07.003,"archives. These studies were additionally identiÔ¨Åed by searching the NOAA Paleoclimatology Database (https://www.ncdc.noaa.gov/paleo-search/),",Global and Planetary Change,A global doubling of dust emissions during the Anthropocene?,NOAA Paleoclimatology
10.1002/lob.1995412,"recognize and thank three people.  ASLO member David M. Anderson with NOAA‚Äôs paleoclimatology group in Boulder, CO volunteered",ASLO Bulletin,ASLO NEWS,NOAA Paleoclimatology
10.1002/wcc.161,"of Global Warming. Cambridge: Harvard University Press; 2003, 73. 44. NOAA Paleoclimatology. Camp Century Ice Core Data.",Wiley Interdisciplinary Reviews: Climate Change,Polarized climates: the distinctive histories of climate change and politics in the Arctic and Antarctica since the beginning of the Cold War,NOAA Paleoclimatology
10.1002/joc.3966,"their data available through the World Data Center for Paleoclimatology, NOAA Paleoclimatology Program. I also thank the",International Journal of Climatology,Tropical Pacific and Northern Hemisphere influences on the coherence of Pacific Decadal Oscillation reconstructions,NOAA Paleoclimatology
10.1016/S0921-8181(00)00032-1,"be provided upon request to the authors and will be available at the NOAA Paleoclimatology Web site. References Aucour,",Global and Planetary Change,"Pollen-inferred precipitation time-series from equatorial mountains, Africa, the last 40 kyr BP",NOAA Paleoclimatology
10.1016/j.dendro.2008.01.002,Bank (ITRDB) at the National Oceanic and Atmospheric Administration (NOAA) Paleoclimatology Program and World Data Center,Dendrochronologia,A dendrochronology program library in R (dplR),NOAA Paleoclimatology
10.1016/0031-0182(95)00014-3,Division of the National Science Foundation (Grant ATM92-12107) and the NOAA Paleoclimatology Program (Grant GC93-054).,"Palaeogeography, Palaeoclimatology, Palaeoecology","Temperature-sensitive tree-ring width chronologies of pink pine (Halocarpus biformis) from Stewart Island, New Zealand",NOAA Paleoclimatology
10.1002/2017GL073363,information (Data S1) and from the International Tree Ring Data Bank at the NOAA Paleoclimatology Program: https:// www.ncdc.noaa.gov/data-access/,Geophysical Research Letters,Tree ring reconstructed rainfall over the southern Amazon Basin,NOAA Paleoclimatology
10.1016/j.quascirev.2017.03.019,Paleohydrological data used Fig. 6A (Supplementary Table 2) are available from the NOAA Paleoclimatology Data Center. Pollen data from,Quaternary Science Reviews,Timing of the southward retreat of the ITCZ at the end of the Holocene Humid Period in Southern Arabia: Data-model comparison,NOAA Paleoclimatology
10.1007/s12237-013-9643-y,"http://www.uark.edu/dendro/albemarle.xlsx and will be contributed to the NOAA Paleoclimatology Program at http:// www.ncdc.noaa.gov/paleo/paleo.html. References Anderson,",Estuaries and Coasts,"A Moisture Balance Reconstruction for the Drainage Basin of Albemarle Sound, North Carolina",NOAA Paleoclimatology
10.1029/2004JD005182,Variability PDSI Reconstructions of Cook et al. [1999] were provided by the NOAA Paleoclimatology Program of the National Climatic,Journal of Geophysical Research,A simulated soil moisture based drought analysis for the United States,NOAA Paleoclimatology
10.1016/j.dendro.2014.10.002,through the International Tree Ring Data Bank (ITRDB) maintained by the NOAA Paleoclimatology Program and the World Data,Dendrochronologia,Dendrobox ‚Äì An interactive exploration tool for the International Tree Ring Data Bank,NOAA Paleoclimatology
10.1016/S0034-6667(02)00082-9,"Vera Markgraf and Eric Grimm in August 1994, following funding from the NOAA Paleoclimatology program. An organising workshop",Review of Palaeobotany and Palynology,Distribution and ecology of parent taxa of pollen lodged within the Latin American Pollen Database,NOAA Paleoclimatology
10.1002/2014JD022506,Atmospheres  10.1002/2014JD022506  Acknowledgments Proxy data are available through the NOAA Paleoclimatology portal at www.ncdc.noaa.gov/paleo/pubs/,Journal of Geophysical Research: Atmospheres,Heterogeneous warming of Northern Hemisphere surface temperatures over the last 1200 years,NOAA Paleoclimatology
10.1002/2017GL074117,Atlases are available at National Oceanic and Atmospheric Administration (NOAA) Paleoclimatology (www.ncdc.noaa.gov/ data-access/paleoclimatology-data/,Geophysical Research Letters,Projected drought risk in 1.5¬∞C and 2¬∞C warmer climates,NOAA Paleoclimatology
10.1080/02508060208687021,"energy, water, ecosystems, and agriculture, estimated at US$39 billion (NOAA Paleoclimatology Program, 2000). In Mexico,",Water International,"Frequency and Spatial Characteristics of Droughts in the Conchos River Basin, Mexico",NOAA Paleoclimatology
10.1002/2017GL073253,"(www.earthsystemgrid.org), the reconstructions will be made available at NOAA Paleoclimatology (www.ncdc. noaa.gov/data-access/paleoclimatology-data/datasets),",Geophysical Research Letters,Assessing recent declines in Upper Rio Grande runoff efficiency from a paleoclimate perspective,NOAA Paleoclimatology
10.1007/s10816-010-9083-y,0.12  44  0.25 0.15 0.16 0  Standardized ring widths were obtained from the NOAA paleoclimatology website except for the Navajo,Journal of Archaeological Method and Theory,"Factors Controlling Pre-Columbian and Early Historic Maize Productivity in the American Southwest, Part 2: The Chaco Halo, Mesa Verde, Pajarito Plateau/Bandelier, and Zuni Archaeological Regions",NOAA Paleoclimatology
10.1002/joc.4103,"American winter temperatures. Int. J. Climatol. 32: 1164‚Äì1177. NCDC. 2008. NOAA paleoclimatology, Retrieved March 1, 2008.",International Journal of Climatology,Winter snowfall prediction in the United States using multiple discriminant analysis,NOAA Paleoclimatology
10.1002/joc.3911,"data from 1990 to 2005 were appended to the ends of the MADA datasets (NOAA Paleoclimatology, http://www.ncdc.noaa.gov/paleo).",International Journal of Climatology,"Tree-ring Œ¥ 18 O evidence for the drought history of eastern Tianshan Mountains, northwest China since 1700 AD",NOAA Paleoclimatology
10.1016/j.foreco.2004.05.026,"contributors to the North American pollen and macrofossil databases of the NOAA  paleoclimatology program, the US Forest Service",Forest Ecology and Management,Reconstructing historical ranges with fossil data at continental scales,NOAA Paleoclimatology
10.1029/2019GL086689,well as the bias‚Äêcorrected version developed here are available from NOAA's Paleoclimatology Data site (https://www.ncdc.noaa.gov/data‚Äê,Geophysical Research Letters,"Bias Correction of Paleoclimatic Reconstructions: A New Look at 1,200+ Years of Upper Colorado River Flow",NOAA Paleoclimatology
10.1006/qres.1999.2042,"Nature 313, 105‚Äì107. Imbrie, J., and Duffy, A. (1993). A SPECMAP archive. NOAA Paleoclimatology Program, National Geophysics",Quaternary Research,The Timing and Environmental Significance of Late Quaternary Linear Dune Development in Western Zambia,NOAA Paleoclimatology
10.1016/j.quascirev.2014.10.016,"Siberia and the Russian Far East: a Palynological and Radiocarbon Database. NOAA Paleoclimatology and North East Science Center,",Quaternary Science Reviews,"Late Quaternary vegetation of Chukotka (Northeast Russia), implications for Glacial and Holocene environments of Beringia",NOAA Paleoclimatology
10.1016/j.gloplacha.2012.05.016,freely available from the National Oceanic and Atmospheric Administration (NOAA) Paleoclimatology Program. Constructive com- ments,Global and Planetary Change,The relative age of mountain permafrost ‚Äî estimation of Holocene permafrost limits in Norway,NOAA Paleoclimatology
10.1016/j.quaint.2005.02.012,"S.P., 1995. Lake status records from Europe: Data base documentation. NOAA Paleoclimatology Publications Series Report",Quaternary International,Tropical snowline changes at the last glacial maximum: A global assessment,NOAA Paleoclimatology
10.1179/1749631413Y.0000000002,drought consideration and are available for querying and download on NOAA Paleoclimatology‚Äôs World Data Center for Paleoclimatology,Environmental Archaeology,Deer use in good times and in bad: A Fort Ancient case study from southwest Ohio,NOAA Paleoclimatology
10.1002/joc.1326,"(Jacoby et al., 2004). Additional chronologies were obtained from the NOAA Paleoclimatology International Tree-Ring Data",International Journal of Climatology,On the Asian expression of the PDO,NOAA Paleoclimatology
10.1029/2009GL039558,selected North Atlantic paleoclimate records of SST available on the NOAA Paleoclimatology database that extended back,Geophysical Research Letters,Variable oceanic influences on western North American drought over the last 1200 years,NOAA Paleoclimatology
10.1002/2013GL059076,"under grant agreement no. 603521, project PREFACE. We also thank the NOAA Paleoclimatology database (http://www.ncdc.noaa.gov/dataaccess/paleoclimatology-data/datasets)",Geophysical Research Letters,Marine-based multiproxy reconstruction of Atlantic multidecadal variability,NOAA Paleoclimatology
10.1002/asl2.445,Reanalysis and the 20CR data as well as Professor L. Thompson and the NOAA Paleoclimatology Program for access to the,Atmospheric Science Letters,Tibetan ice core evidence for an intensification of the East Asian jet stream since the 1870s,NOAA Paleoclimatology
10.1016/j.quascirev.2011.10.005,other studies are available through archives such as those maintained by NOAA Paleoclimatology (http://www.ncdc.noaa.gov/paleo/data.html),Quaternary Science Reviews,"Late Pleistocene dune activity in the central Great Plains, USA",NOAA Paleoclimatology
10.1016/S0031-0182(01)00216-4,records from the former Soviet Union and Mongolia: Data Base Documentation. NOAA Paleoclimatology Publications Series Report,"Palaeogeography, Palaeoclimatology, Palaeoecology",Reconstruction of the 30‚Äì40kabp enhanced Indian monsoon climate based on geological records from the Tibetan Plateau,NOAA Paleoclimatology
10.1016/S0277-3791(01)00042-7,"Cleaveland, D., 1999. Network of climatically sensitive tree-ring data. NOAA Paleoclimatology Program. http://www.ngdc.noaa.gov/paleo/usclient2.html. Cotter,",Quaternary Science Reviews,Climate-driven hydrologic transients in lake sediment records: calibration of groundwater conditions using 20th Century drought,NOAA Paleoclimatology
10.1016/j.dsr2.2005.07.004,the coring process. 1All data reported in this paper are posted on the NOAA Paleoclimatology Program website (www.ncdc.noaa.gov/paleo/,Deep Sea Research Part II: Topical Studies in Oceanography,The deglacial history of surface and intermediate water of the Bering Sea,NOAA Paleoclimatology
10.1016/j.gloplacha.2015.02.003,Labrador Sea. Acknowledgments The data from this study are available at the NOAA Paleoclimatology Database (www.ncdc.noaa.gov/paleo).,Global and Planetary Change,Quantitative reconstruction of Holocene temperatures across the Canadian Arctic and Greenland,NOAA Paleoclimatology
10.1029/2019WR024735,year average Ô¨Çow will be made available upon publication through the NOAA Paleoclimatology site associated with the International,Water Resources Research,"Long-Term Hydroclimatic Patterns in the Truckee-Carson Basin of the Eastern Sierra Nevada, USA",NOAA Paleoclimatology
10.1002/joc.4537,publication/282798379_Monthly_rainfall_series_for_ Barcelona_%281786-2014%29) the NOAA Paleoclimatology Historical Datasets (http://www.ncdc.noaa.gov/,International Journal of Climatology,"Reconstruction and homogenization of the longest instrumental precipitation series in the Iberian Peninsula (Barcelona, 1786-2014)",NOAA Paleoclimatology
10.1002/2016RG000521,those reconstructions that were accessible to us in digital format from NOAA Paleoclimatology/World Data Center for Paleoclimatology,Reviews of Geophysics,Challenges and perspectives for large-scale temperature reconstructions of the past two millennia,NOAA Paleoclimatology
10.1002/2016JD026011,conÔ¨Çicting Ô¨Ånancial interests. The ice core isotope data are available from NOAA paleoclimatology: https:// www.ncdc.noaa.gov/data-access/,Journal of Geophysical Research: Atmospheres,Climate reconstruction using data assimilation of water-isotope ratios from ice cores,NOAA Paleoclimatology
10.1080/00987913.1993.10764201,71313 Paleoclimate Data Record Editor World Data Center--A for Paleoclimatology NOAA Paleoclimatology Program National Geophysical,Serials Review,Climate and Global Change Serials and Internet Discussion Lists,NOAA Paleoclimatology
10.1029/2004JD004933,time series are available on the World Data Center for Paleoclimatology/NOAA Paleoclimatology Program web site. 2.3. Reanalysis,Journal of Geophysical Research,Forcing of the Asian monsoon on the Tibetan Plateau: Evidence from high-resolution ice core and tropical coral records,NOAA Paleoclimatology
10.1080/15275920903347545,"International Tree-Ring Data Bank (ITRDB), operated and main-  tained by the NOAA Paleoclimatology Program and World Data Center",Environmental Forensics,Use of Dendrochronology and Dendrochemistry in Environmental Forensics: Does It Meet the Daubert Criteria?,NOAA Paleoclimatology
10.1007/s00334-008-0194-2,available through the authors or at the latin American pollen data base (NOAA Paleoclimatology Program). Values are plotted,Vegetation History and Archaeobotany,"Late-glacial and Holocene climate dynamics at the steppe/forest ecotone in southernmost Patagonia, Argentina: the pollen record from a fen near Brazo Sur, Lago Argentino",NOAA Paleoclimatology
10.1007/s00468-011-0605-3,"Bank (ITRDB) held at the World Data Center for Paleoclimatology website (NOAA Paleoclimatology Program, http://www.ncdc.noaa.gov/paleo/treering.html).",Trees,Araucaria araucana tree-ring chronologies in Argentina: spatial growth variations and climate influences,NOAA Paleoclimatology
10.1046/j.1365-2699.2000.00428.x,"S. P. (1995) Lake status records from Europe: data base documentation. NOAA paleoclimatology Publications Series Report,",Journal of Biogeography,Late Quaternary biomes of Canada and the eastern United States,NOAA Paleoclimatology
10.1002/2014GB005007,sources: ÔøΩÔøΩÔøΩÔøΩÔøΩÔøΩ18O (NGRIP): World Data Center for Paleoclimatology and NOAA Paleoclimatology Program (ftp://ftp.ncdc.noaa.gov/pub/data/,Global Biogeochemical Cycles,Carbon isotope ratios suggest no additional methane from boreal wetlands during the rapid Greenland Interstadial 21.2,NOAA Paleoclimatology
10.1016/j.geothermics.2016.06.009,"http://www.bordersrailway.co.uk/news/2013/april/mining-remediationworks-will-help-bring-line-one-step-closer.aspx (accessed 29.06.15). NOAA, 2013. NOAA Paleoclimatology Borehole Data Sets. Available",Geothermics,"Unravelling the relative contributions of climate change and ground disturbance to subsurface temperature perturbations: Case studies from Tyneside, UK",NOAA Paleoclimatology
10.1002/2015GL067317,"data/paleo/icecore/trop/belukha/belukha2004.txt.], World Data Center for Paleoclimatology, Boulder and NOAA Paleoclimatology Program. An, Z., et al. (2012),",Geophysical Research Letters,Large Holocene summer temperature oscillations and impact on the peopling of the northeastern Tibetan Plateau,NOAA Paleoclimatology
10.1016/j.quaint.2004.01.030,"S.P., 1995. Lake status record from Europe: data base documentation. NOAA Paleoclimatology Publication Series Report",Quaternary International,Paleohydrological fluctuations and steppe vegetation during the last glacial maximum in the central Ebro valley (NE Spain),NOAA Paleoclimatology
10.1029/2005GL022685,"ITCZ, J. Clim., 6, 2162 ‚Äì 2174. √Ä√Ä√Ä√Ä√Ä√Ä√Ä√Ä√Ä√Ä√Ä√Ä√Ä√Ä√Ä√Ä√Ä√Ä√Ä√Ä√Ä√Ä D. M. Anderson, NOAA Paleoclimatology Program, 325 Broadway, Boulder,",Geophysical Research Letters,Solar influence on the Indian summer monsoon during the Holocene,NOAA Paleoclimatology
10.1029/eost2007EO40,encouraged to apply. Application receipt no later than 2 November 2007. NOAA Paleoclimatology Physical Scientist Vacancy.,"Eos, Transactions American Geophysical Union","Eos, Transactions, American Geophysical Union Volume 88, Number 40, 2 October 2007",NOAA Paleoclimatology
10.1130/0091-7613(1992)020<1071:menavc>2.3.co;2,"18 ka: No-analogs and the future Jonathan T. Overpeck Robert S. Webb NOAA Paleoclimatology Program, 325 Broadway, Boulder,",Geol,Mapping eastern North American vegetation change of the past 18 ka: No-analogs and the future,NOAA Paleoclimatology
10.1016/j.yqres.2004.05.002,"Siberia and the Russian Far East: A Palynological and Radiocarbon Database. NOAA Paleoclimatology and North East Science Center,",Quaternary Research,"Response to Grosswald and Hughes (2004), Brigham-Grette et al. (2003). ‚ÄúChlorine-36 and 14C chronology support a limited last glacial maximum across central Chukotka, northeastern Siberia, and no Beringian ice sheet,‚Äù and, Gualtieri et al. (2003), ‚ÄúPleistocene raised marine deposits on Wrangel Island, northeastern Siberia: implications for Arctic ice sheet history‚Äù",NOAA Paleoclimatology
10.1016/j.revpalbo.2008.12.005,"and Environmental Sciences, Lanzhou University, Lanzhou 730000, China b NOAA Paleoclimatology Program and University of",Review of Palaeobotany and Palynology,Environmental change implied by the relationship between pollen assemblages and grain-size in N.W. Chinese lake sediments since the Late Glacial,NOAA Paleoclimatology
10.1016/S0012-821X(99)00171-5,"Union and Mongolia: Documentation of the Second Version of the Data Base, NOAA Paleoclimatology Publications Series Report",Earth and Planetary Science Letters,Climate in northern Eurasia 6000 years ago reconstructed from pollen data,NOAA Paleoclimatology
10.1016/j.quageo.2012.07.006,previous studies were contributed to the Amino Acid Racemization Database of NOAA Paleoclimatology (http://www.ncdc.noaa.gov/paleo/aar.html),Quaternary Geochronology,Amino acid racemization in mono-specific foraminifera from Quaternary deep-sea sediments,NOAA Paleoclimatology
10.1016/j.geomorph.2011.02.002,elevation on the Colorado Plateau from the last glacial to the present. NOAA Paleoclimatology Paleo Slide Set. http://www.ncdc.,Geomorphology,"Spatial, temporal and geographic considerations of the problem of rock varnish diagenesis",NOAA Paleoclimatology
10.1111/j.1600-0706.2012.20655.x,"JRN (in particular J. Yao), KBS, KNZ SEV, SGS. CVO data are archived by NOAA paleoclimatology program, and the TEA data",Oikos,"Seasonal, not annual precipitation drives community productivity across ecosystems",NOAA Paleoclimatology
10.1007/s10342-013-0700-7,from the International Tree-Ring Data Bank (ITRDB; website hosted by the NOAA Paleoclimatology Program and World Data Center,European Journal of Forest Research,Radial growth variations of black pine along an elevation gradient in the Cazorla Mountains (South of Spain) and their relevance for historical and environmental studies,NOAA Paleoclimatology
10.1029/2005JC003243,"from NSF-Earth System History (TMQ, OCE-9727414; FWT, OCE-971054) and NOAA-Paleoclimatology Program (TMQ, NA76GP0505;",Journal of Geophysical Research,Coral-based climate variability in the Western Pacific Warm Pool since 1867,NOAA Paleoclimatology
10.1016/j.yqres.2010.12.005,western Anatolia. Treering data from some sites were obtained from the NOAA Paleoclimatology International Tree-Ring Data,Quaternary Research,Tree-ring reconstructions of May‚ÄìJune precipitation for western Anatolia,NOAA Paleoclimatology
10.1016/j.gloplacha.2014.08.005,"1016/j.gloplacha.2014.08.005. The FM temperature reconstruction data will be available via NOAA Paleoclimatology, World Data Center for Paleoclimatology",Global and Planetary Change,Late winter temperature response to large tropical volcanic eruptions in temperate western North America: Relationship to ENSO phases,NOAA Paleoclimatology
10.1002/2014PA002696,KA  451   Paleoceanography  10.1002/2014PA002696  Acknowledgments Data are available at NOAA paleoclimatology data repository. Research,Paleoceanography,Progressive shoaling of the equatorial Pacific thermocline over the last eight glacial periods,NOAA Paleoclimatology
10.1080/02508060608691914,"drought of 1987-1989 spread over 36 percent of the United States continent (NOAA Paleoclimatology Program, 2000). Recently,",Water International,Spatial Characterization of Droughts in the Conchos River Basin Based on Bivariate Frequency Analysis,NOAA Paleoclimatology
10.1111/gcb.14294,ta-access/paleoclimatology-data/datasets/tree-ring) at the National Oceanic and Atmospheric Administration (NOAA) Paleoclimatology Program and World Data Center,Global Change Biology,Drought timing influences the legacy of tree growth recovery,NOAA Paleoclimatology
10.1002/2014JD022585,atmosp.physics.utoronto.ca/~peltier/ data.php). AMOC data were downloaded from NOAA Paleoclimatology databases. Reanalysis data,Journal of Geophysical Research: Atmospheres,Asynchronous variation in the East Asian winter monsoon during the Holocene,NOAA Paleoclimatology
10.1016/j.foreco.2013.03.040,"and Represented? 2008 Paleoclimate Uncertainties Workshop White Paper, NOAA Paleoclimatology Program. Trieste, Italy, <http://www.ncdc.noaa.gov/paleo/reports/trieste2008/treerings.pdf>. Buckley,",Forest Ecology and Management,A comparison of times series approaches for dendroecological reconstructions of past canopy disturbance events,NOAA Paleoclimatology
10.1016/j.quageo.2016.10.004,"reserved.  geochronology data, including the growing number of datasets now archived by NOAA Paleoclimatology (ncdc.noaa.gov/paleo/ aar.html;",Quaternary Geochronology,Converting A/I values (ion exchange) to D/L values (reverse phase) for amino acid geochronology,NOAA Paleoclimatology
10.1002/jqs.1450,Siberia and the Russian Far East: A Palynological and Radiocarbon Database. NOAA Paleoclimatology and North East Science Center:,Journal of Quaternary Science,Glaciers and climate in Pacific Far NE Russia during the Last Glacial Maximum,NOAA Paleoclimatology
10.1002/wcc.149,"312:1872. 77. Cook E, Krusic P. The North American Drought Atlas. Boulder, CO: NOAA Paleoclimatology; 2004. 78. Luterbacher J,",Wiley Interdisciplinary Reviews: Climate Change,Climate models as a test bed for climate reconstruction methods: pseudoproxy experiments,NOAA Paleoclimatology
10.1029/2001GL014278,"Climate Diagnostics Center, Boulder, Colorado, USA  Connie A. Woodhouse NOAA Paleoclimatology Program, Boulder, Colorado,",Geophysical Research Letters,Multidecadal streamflow regimes in the interior western United States: Implications for the vulnerability of water resources,NOAA Paleoclimatology
10.1016/j.yqres.2015.11.004,all of the time-series data shown in Figure 4 and is available through NOAA Paleoclimatology. Supplementary data to this,Quaternary Research,"Holocene glacier fluctuations inferred from lacustrine sediment, Emerald Lake, Kenai Peninsula, Alaska",NOAA Paleoclimatology
10.1029/94PA00444,"address: PALEO@mail.ngdc.noaa.gov)W; orld Data Center-Afor Paleoclimatology, NOAA Paleoclimatology Program, National GeophysicalData",Paleoceanography,Editorial: Archiving data at the World Data Center-A for Paleoclimatology,NOAA Paleoclimatology
10.1016/j.jhydrol.2004.11.003,"obtained from the Denver Water Board and are available online from the NOAA Paleoclimatology Branch (NOAA, 2003a).   D.M.",Journal of Hydrology,"Tree-ring footprint of joint hydrologic drought in Sacramento and Upper Colorado river basins, western USA",NOAA Paleoclimatology
10.1029/2005GC001211,"Center for Paleoclimatology at the National Climatic Data Center (NCDC), NOAA Paleoclimatology Program, Boulder, Colorado,","Geochemistry, Geophysics, Geosystems",Late Neogene history of deepwater ventilation in the Southern Ocean,NOAA Paleoclimatology
10.1016/S0012-8252(98)00027-0,"series report no. 4, 58 pp. World Data Center‚ÄîA for Paleoclimatology, NOAA Paleoclimatology Program, Boulder, CO, USA.",Earth-Science Reviews,"Neogene and Quaternary development of the neotropical rain forest: the forest refugia hypothesis, and a literature overview",NOAA Paleoclimatology
10.1016/S0277-3791(05)80001-0,"Sciences Brown University Providence, RI 02912, U.S.A. Jonathan Overpeck NOAA Paleoclimatology Program 325 Broadway Boulder,",Quaternary Science Reviews,Foreword,NOAA Paleoclimatology
10.1016/j.quascirev.2006.01.014,"research. The tools for such a database have been provided, courtesy of the NOAA Paleoclimatology Program‚Äôs World Data Centre.",Quaternary Science Reviews,Midges and palaeotemperature reconstruction‚Äîthe North American experience,NOAA Paleoclimatology
10.1007/s00468-013-0951-4,this manuscript. We also wish to thank Dr. William E. Wright and the NOAA Paleoclimatology International Tree-Ring Data,Trees,Tree-ring response of subtropical tree species in southeast China on regional climate and sea-surface temperature variations,NOAA Paleoclimatology
10.1029/eost2005EO26,Employing a Highly Qualified Staff That Reflects the Diversity of Our Nation. NOAA Paleoclimatology Database Programmer. The,"Eos, Transactions American Geophysical Union","Eos, Transactions, American Geophysical Union Volume 86, Number 26, 28 June 2005",NOAA Paleoclimatology
10.1016/j.palaeo.2004.04.001,"Union and Mongolia: Documentation of the Second Version of the Database. NOAA Paleoclimatology Publications Series Report,","Palaeogeography, Palaeoclimatology, Palaeoecology","Holocene vegetation and climate of the Alashan Plateau, NW China, reconstructed from pollen data",NOAA Paleoclimatology
10.1016/j.quascirev.2008.10.013,Union and Mongolia: Documentation of the Second Version of the Data Base. NOAA Paleoclimatology Publications Series Report,Quaternary Science Reviews,Holocene environments and climate in the Mongolian Altai reconstructed from the Hoton-Nur pollen and diatom records: a step towards better understanding climate dynamics in Central Asia,NOAA Paleoclimatology
10.1080/10549811.2014.973605,database that recorded central Greenland temperatures was secured through NOAA Paleoclimatology Program and World Data Center,Journal of Sustainable Forestry,Exploring the Early Anthropocene Burning Hypothesis and Climate-Fire Anomalies for the Eastern U.S.,NOAA Paleoclimatology
10.1016/j.ecoinf.2010.04.002,DBF in the continental United States. 2.2. Data 2.2.1. Field data The NOAA Paleoclimatology Program distributes archives,Ecological Informatics,Investigating phenological changes using MODIS vegetation indices in deciduous broadleaf forest over continental U.S. during 2000‚Äì2008,NOAA Paleoclimatology
10.1016/j.quaint.2012.11.029,"from the Former Soviet Union and Mongolia: Data Base Documentation. In: NOAA Paleoclimatology Publications Series Report,",Quaternary International,"Basin morphology and seismic stratigraphy of Lake Kotokel, Baikal region, Russia",NOAA Paleoclimatology
10.1080/15275920601180487,maintained by the National Oceanographic and Atmospheric Administration (NOAA) Paleoclimatology Program and World Data Center,Environmental Forensics,Applied Dendroecology and Environmental Forensics. Characterizing and Age Dating Environmental Releases: Fundamentals and Case Studies,NOAA Paleoclimatology
10.1016/j.catena.2011.05.005,Union and Mongolia: Documentation of the Second Version of the Data Base. NOAA Paleoclimatology Publications Series Report,CATENA,"Holocene geomorphological processes and soil development as indicator for environmental change around Karakorum, Upper Orkhon Valley (Central Mongolia)",NOAA Paleoclimatology
10.1006/qres.1999.2075,"the North American Pollen Database (National Geophysical Data Center, NOAA Paleoclimatology Program). Diagrams were plotted",Quaternary Research,"Integrating Stalagmite, Vertebrate, and Pollen Sequences to Investigate Holocene Vegetation and Climate Change in the Southern Midwestern United States",NOAA Paleoclimatology
10.1002/2014PA002630,Burdekin River reconstructions are lodged with AIMS Data Centre and the NOAA Paleoclimatology Data Center. J.M.L. conceived,Paleoceanography,Evidence for suppressed mid-Holocene northeastern Australian monsoon variability from coral luminescence,NOAA Paleoclimatology
10.1016/j.quaint.2006.10.020,"(data from the World Data Center for Paleoclimatology, Boulder and the NOAA Paleoclimatology Program) and the benthic diatoms",Quaternary International,"A 14kyr record of the tropical Andes: The Lago Chungar√° sequence (18¬∞S, northern Chilean Altiplano)",NOAA Paleoclimatology
10.1016/j.quascirev.2016.02.010,"be included in an updated version of the database and will posted at NOAA-Paleoclimatology. OC: organic carbon, TOC:",Quaternary Science Reviews,Holocene climate change in Arctic Canada and Greenland,NOAA Paleoclimatology
10.1016/j.palaeo.2012.09.032,"in the pollen concentrates extraction, and also thank the members of NOAA's Paleoclimatology Branch for accepting Dr.","Palaeogeography, Palaeoclimatology, Palaeoecology","Millennial-scale erosion rates in three inland drainage basins and their controlling factors since the Last Deglaciation, arid China",NOAA Paleoclimatology
10.1016/j.palaeo.2010.06.005,be archived with the National Oceanic and Atmospheric Administration (NOAA Paleoclimatology at http://www.ncdc.noaa.gov/,"Palaeogeography, Palaeoclimatology, Palaeoecology",Gulf of Maine shells reveal changes in seawater temperature seasonality during the Medieval Climate Anomaly and the Little Ice Age,NOAA Paleoclimatology
10.1002/2016GL068487,"manuscript, ITRDB contributors for making their data available through the NOAA Paleoclimatology Program, and T. Schneider",Geophysical Research Letters,"Five centuries of U.S. West Coast drought: Occurrence, spatial distribution, and associated atmospheric circulation patterns",NOAA Paleoclimatology
10.1016/j.palaeo.2009.05.007,Mongolia: documentation of the second version of the data base. No. 5 in NOAA Paleoclimatology Publications Series Report.,"Palaeogeography, Palaeoclimatology, Palaeoecology","Holocene environmental changes in the Ugii Nuur basin, Mongolia",NOAA Paleoclimatology
10.1016/j.marmicro.2013.02.004,measurements will be made available online in SedDB (www.seddb.org) and at the NOAA Paleoclimatology archive (http://www.ncdc.noaa.gov/ paleo/paleocean.html).,Marine Micropaleontology,Surface water hydrography of the Kuroshio Extension during the Pliocene‚ÄìPleistocene climate transition,NOAA Paleoclimatology
10.1016/j.quascirev.2017.03.013,"Major Ions Data. World Data Center for Paleoclimatology, Boulder and NOAA Paleoclimatology Program. ftp://ftp.ncdc.noaa.gov/pub/data/paleo/icecore/trop/belukha/belukha2004.txt. An,",Quaternary Science Reviews,Influence of the Indian monsoon and the subtropical jet on climate change on the Tibetan Plateau since the late Pleistocene,NOAA Paleoclimatology
10.1029/2004WR003350,available through the National Oceanic and Atmospheric Administration (NOAA) Paleoclimatology Data Bank. The information,Water Resources Research,Climate precursors of multidecadal drought variability in the western United States,NOAA Paleoclimatology
10.1111/j.1502-3885.2000.tb01205.x,"records from the former Soviet Union and Mongolia, database documentation. NOAA Paleoclimatology Publications Series Report",Boreas,"Holocene vegetation and climate changes in Hoton-Nur basin, northwest Mongolia",NOAA Paleoclimatology
10.1029/2000GB001286,"obtainedfrom the U.S. National Oceanographiacnd Atmospheric Administration (NOAA) Paleoclimatology Data Center, and we acknowledgethe",Global Biogeochemical Cycles,"Sphagnum peatland distribution in North America and Eurasia during the past 21,000 years",NOAA Paleoclimatology
10.1016/S0921-8181(98)00036-8,"1994. Lake status records from the Former Soviet Union and Mongolia, NOAA Paleoclimatology Publications Series Report,",Global and Planetary Change,Implications of lake level variations at 6 ka and 18 ka in mainland Asia,NOAA Paleoclimatology
10.1029/2010PA002050,"reconstructions, 21 annually resolved proxy climate series were selected from the NOAA Paleoclimatology database (http://www. ncdc.noaa.gov/paleo/paleo.html).",Paleoceanography,Great Barrier Reef coral luminescence reveals rainfall variability over northeastern Australia since the 17th century,NOAA Paleoclimatology
10.1029/2011GL048280,better during both LIG and the Holocene. Records were obtained through the NOAA Paleoclimatology World Data Center (www.ngdc.noaa.,Geophysical Research Letters,The role of ocean thermal expansion in Last Interglacial sea level rise,NOAA Paleoclimatology
10.1016/j.gr.2014.02.004,"Union and Mongolia. Documentation of the Second Version of the Data Base. NOAA Paleoclimatology Publications Series Report,",Gondwana Research,The fluctuating Aral Sea: A multidisciplinary-based history of the last two thousand years,NOAA Paleoclimatology
10.1016/S0277-3791(02)00025-2,"Publications Series Report No. 2. World Data Center-A for Paleoclimatology. NOAA Paleoclimatology Program. Boulder, CO, 274pp.",Quaternary Science Reviews,Parallel climate and vegetation responses to the early Holocene collapse of the Laurentide Ice Sheet,NOAA Paleoclimatology
10.1016/j.quaint.2006.01.007,Union and Mongolia: Documentation of the Second Version of the Data Base. NOAA Paleoclimatology Publications Series Report,Quaternary International,Natural and anthropogenic rapid changes in the Kara-Bogaz Gol over the last two centuries reconstructed from palynological analyses and a comparison to instrumental records,NOAA Paleoclimatology
10.1139/cjfr-2016-0308,Antarctica ice core 227 data (World Data Center for Paleoclimatology and NOAA Paleoclimatology Program); 228 combined for,Canadian Journal of Forest Research,Comparative growth trends of five northern hardwood and montane tree species reveal divergent trajectories and response to climate,NOAA Paleoclimatology
10.1029/eost2005EO25,"[turpin@lsce.saclay.cea.fr]. Review of applications will begin on June 30, 2005. NOAA Paleoclimatology Database Programmer. The","Eos, Transactions American Geophysical Union","Eos, Transactions, American Geophysical Union Volume 86, Number 25, 21 June 2005",NOAA Paleoclimatology
10.1016/j.quascirev.2007.10.017,Union and Mongolia: documentation of the second version of the data base. NOAA Paleoclimatology Publications Series Report,Quaternary Science Reviews,Holocene moisture evolution in arid central Asia and its out-of-phase relationship with Asian monsoon history,NOAA Paleoclimatology
10.1029/94EO00801,"on an earlier meeting held at Lamont in late 1991, cosponsored by the NOAA Paleoclimatology Program and NASA/GISS. With","Eos, Transactions American Geophysical Union",Predicting future climate,NOAA Paleoclimatology
10.1016/j.palaeo.2014.06.001,90 years. All data are available in the Ô¨Årst author's web site and the NOAA Paleoclimatology Data Center. 4. Results 4.1.,"Palaeogeography, Palaeoclimatology, Palaeoecology",Links between southwestern tropical Indian Ocean SST and precipitation over southeastern Africa over the last 17kyr,NOAA Paleoclimatology
10.1016/j.palaeo.2009.07.020,"Bauer, B., 2009. Tree Rings: Ancient Chronicles of Environmental Change. NOAA Paleoclimatology. http://www.ncdc.noaa.gov/paleo/slideset/tree_rings.html. Worbes,","Palaeogeography, Palaeoclimatology, Palaeoecology",Dendroclimatological reconstructions in South America: A review,NOAA Paleoclimatology
10.1016/j.revpalbo.2005.05.001,"Publication Series Report No. 4. World Data Center-A for Paleoclimatology. NOAA Paleoclimatology Program, Boulder, CO. 58 pp. Lauer,",Review of Palaeobotany and Palynology,"Holocene climatic and environmental change from pollen records of lakes Zempoala and Quila, central Mexican highlands",NOAA Paleoclimatology
10.1016/j.gca.2015.09.032,"Extraction CO2 Data, in World Data Center for Paleoclimatology, Boulder and NOAA Paleoclimatology Program. Keeling, R. F., Piper,",Geochimica et Cosmochimica Acta,Quantifying uncertainty of past pCO2 determined from changes in C3 plant carbon isotope fractionation,NOAA Paleoclimatology
10.1016/j.quascirev.2015.10.021,metadata for all versions of the Arctic Holocene database are available at NOAA Paleoclimatology (http://ncdc.noaa.gov/paleo/study/15444). In,Quaternary Science Reviews,Holocene climate changes in eastern Beringia (NW North America) ‚Äì A systematic review of multi-proxy evidence,NOAA Paleoclimatology
10.1002/joc.1216,Northern Hemisphere temperature reconstruction is available through the NOAA Paleoclimatology World data center (WDC) link:,International Journal of Climatology,Temperature and precipitation variability in the European Alps since 1500,NOAA Paleoclimatology
10.1016/j.palaeo.2007.10.005,"S.P., 1995. Lake status record from Europe: Data base documentation. NOAA Paleoclimatology Publication Series Report","Palaeogeography, Palaeoclimatology, Palaeoecology",Vegetation changes and hydrological fluctuations in the Central Ebro Basin (NE Spain) since the Late Glacial period: Saline lake records,NOAA Paleoclimatology
10.4319/lo.1996.41.5.0890,"by NSF grants (ATM 9005875-02, ATM 94-1438 1, and BSR 86-149 16), the NOAA Paleoclimatology Program (NA36GP0302) and a",Limnology and Oceanography,"Century scale paleoclimatic reconstruction from Moon Lake, a closed-basin lake in the northern Great Plains",NOAA Paleoclimatology
10.1002/jqs.2626,Mongolia: documenta-  tion of the second version of the database. In NOAA Paleoclimatology Publications Series Report,Journal of Quaternary Science,"Late Pleistocene-Holocene records from Lake Ulaan, southern Mongolia: implications for east Asian palaeomonsoonal climate changes",NOAA Paleoclimatology
10.1016/j.epsl.2015.05.042,"acknowledge the researchers that developed the datasets used here, and the NOAA Paleoclimatology and Pangaea databases. JDS",Earth and Planetary Science Letters,An 800-kyr record of global surface ocean Œ¥18O and implications for ice volume-temperature coupling,NOAA Paleoclimatology
10.1029/95RG01035,"1991-1994  Paleoclimatology and climate system dynamics  Jonathan T. Overpeck1 NOAA Paleoclimatology Program, Boulder, Colorado  Introduction  (PMIP),",Reviews of Geophysics,Paleoclimatology and climate system dynamics,NOAA Paleoclimatology
10.1002/env.2142,"Raton, FL. Cook ER, Krusic P. 2004. The North American Drought Atlas. NOAA Paleoclimatology: Boulder, CO. Cook ER, Anchukaitis",Environmetrics,Defining spatial comparison metrics for evaluation of paleoclimatic field reconstructions of the Common Era,NOAA Paleoclimatology
10.1016/j.quascirev.2003.08.005,"Publications Series Report No. 2. World Data Center-A for Paleoclimatology. NOAA Paleoclimatology Program. Boulder, CO, USA,",Quaternary Science Reviews,Comparison of North-American pollen-based temperature and global lake-status with CCCma AGCM2 output at 6ka,NOAA Paleoclimatology
10.1002/2014PA002657,feedback on this work. Data presented in this paper are available on the NOAA Paleoclimatology Data website (http://www.ncdc.noaa.,Paleoceanography,Southwest Atlantic water mass evolution during the last deglaciation,NOAA Paleoclimatology
10.1016/j.gloplacha.2015.12.005,processes. Raw charcoal data will be made available through submission to the NOAA Paleoclimatology database upon publication.  date,Global and Planetary Change,Late Holocene anthropogenic and climatic influences on the regional vegetation of Mexico's Cuenca Oriental,NOAA Paleoclimatology
10.1046/j.1365-2699.2000.00432.x,"S. P. (1995) Lake status records from Europe: data base documentation. NOAA Paleoclimatology Publications Series Report,",Journal of Biogeography,"Pollen-based reconstructions of Japanese biomes at 0, 6000 and 18,000 14C yr bp",NOAA Paleoclimatology
10.1016/j.dendro.2016.03.006,assistance. Tree-ring data from Kyrgyzstan and Pakistan were obtained from the NOAA Paleoclimatology International Tree-Ring Data,Dendrochronologia,"Towards improving the Central Asian dendrochronological network‚ÄîNew data from Tajikistan, Pamir-Alay",NOAA Paleoclimatology
10.1029/2006GL027507,"Tibetan Plateau [Thompson et al., 2000], obtained at decadal resolution (NOAA Paleoclimatology, http://www.ncdc.noaa.gov/",Geophysical Research Letters,Increased Eurasian-tropical temperature amplitude difference in recent centuries: Implications for the Asian monsoon,NOAA Paleoclimatology
10.1029/2003JD004213,of information was the individual pollen records obtainable from the NOAA Paleoclimatology Program (http://www.ngdc.noaa.gov/,Journal of Geophysical Research: Atmospheres,On the influence of land cover on early Holocene climate in northern latitudes,NOAA Paleoclimatology
10.1029/1999JD900182,"simulationusinga general circulationmodel,  of EnergyNIGEC program,and the NOAA Paleoclimatology  Nature. 311, 24-29, 1984. JoussaumSe.,R.",Journal of Geophysical Research: Atmospheres,"Climatic controls on interannual variability of precipitation Œ¥ 18 O: Simulated influence of temperature, precipitation amount, and vapor source region",NOAA Paleoclimatology
10.1029/eost2007EO41,"position is filled. A Non-discriminatory, Affirmative Action Employer. NOAA Paleoclimatology Physical Scientist Vacancy.","Eos, Transactions American Geophysical Union","Eos, Transactions, American Geophysical Union Volume 88, Number 41, 9 October 2007",NOAA Paleoclimatology
10.1016/j.quaint.2006.10.024,Sciences (http://www.wdc-mare.org/ PangaVista?query=@Ref26570) and at NOAA Paleoclimatology (http://www.ncdc.noaa.gov/paleo/paleo.html).,Quaternary International,Dynamics of the millennial-scale sea surface temperature and Patagonian Ice Sheet fluctuations in southern Chile during the last 70kyr (ODP Site 1233),NOAA Paleoclimatology
10.1016/B978-0-12-374739-6.00121-4,Websites http://www.ncdc.noaa.gov NOAA Satellite and Information Service: NOAA Paleoclimatology ‚Äì Speleothem data sets. http://www.vulcanospeleology.org,Treatise on Geomorphology,6.22 Morphology of Speleothems in Primary (Lava-) and Secondary Caves,NOAA Paleoclimatology
10.1002/2014GC005497,"China (41272208). The data for this paper will be available for free at NOAA‚Äôs Paleoclimatology data center.  References An,","Geochemistry, Geophysics, Geosystems",Apparent timing and duration of the Matuyama-Brunhes geomagnetic reversal in Chinese loess,NOAA Paleoclimatology
10.1080/00330124.2011.574088,values are within the range of medians reported for this species by the NOAA Paleoclimatology Program (see http://www.ncdc.noaa.gov/paleo/treering/cofecha/speciesdata.html).  two,The Professional Geographer,Radial Growth and Increased Water-Use Efficiency for Ponderosa Pine Trees in Three Regions in the Western United States,NOAA Paleoclimatology
10.1006/qres.1996.0016,from the Former Soviet Union and Mongolia: Data Base Documentation.‚Äô‚Äô NOAA Paleoclimatology Publications Series Report,Quaternary Research,Late Quaternary Lake-Level Record from Northern Eurasia,NOAA Paleoclimatology
10.1016/j.gloplacha.2011.07.006,records from the former Soviet Union and Mongolia: data base documentation. NOAA Paleoclimatology Publications Series Report,Global and Planetary Change,Arctic river discharge trends since 7ka BP,NOAA Paleoclimatology
10.1139/cjes-2017-0223,"Andrews, J.T. 2011b. Nares Strait HLY03-05GC Holocene Sediment Data. NOAA Paleoclimatology. Jennings, A.E., Andrews,",Canadian Journal of Earth Sciences,The variability of Baffin Bay seafloor sediment mineralogy: the identification of discrete glacial sediment sources and application to Late Quaternary downcore analysis,NOAA Paleoclimatology
10.1002/joc.1186,of NOAA‚Äôs National Climatic Data Center has begun collaborating with NOAA‚Äôs Paleoclimatology section to incorporate pre-instrumental,International Journal of Climatology,A new model for quantifying climate episodes,NOAA Paleoclimatology
10.1046/j.1365-2699.2000.00427.x,S. P. (1995) Lake status records from Europe: data base documentation. NOAA Paleoclimatology Publications Series Report,Journal of Biogeography,"Biomes of western North America at 18,000, 6000 and 0 14C yr bp reconstructed from pollen and packrat midden data",NOAA Paleoclimatology
10.1046/j.1365-2699.2000.00430.x,S. P. (1995) Lake status records from Europe: data base documentation. NOAA Paleoclimatology Publications Series Report,Journal of Biogeography,"Pollen-based biome reconstruction for southern Europe and Africa 18,000 yr bp",NOAA Paleoclimatology
10.1029/2011GL049644,"1900‚Äì2009, respectively. Reconstructions of AMO and PDO were obtained from NOAA‚Äôs Paleoclimatology website http:// www.ncdc.noaa.gov/paleo/recons.html.",Geophysical Research Letters,Decadal prediction of Colorado River streamflow anomalies using ocean-atmosphere teleconnections,NOAA Paleoclimatology
10.1111/gcb.12663,"superimposed on GISP2 Ice Core Temperature (Alley, 2004) obtained through NOAA Paleoclimatology Program and World Data Center",Global Change Biology,Is climate an important driver of post-European vegetation change in the Eastern United States?,NOAA Paleoclimatology
10.4319/lo.1996.41.5.0882,manuscript. This work was supported by grants from NSF (ATM 9005875-02) and the NOAA Paleoclimatology Program (NA36GP0302).  lake-level,Limnology and Oceanography,Paleolimnological records of climatic change in North America,NOAA Paleoclimatology
10.1002/jqs.2806,Statistics version 22. The palaeoclimate data are available from the NOAA Paleoclimatology website (www.ncdc.noaa.gov/data-access/,Journal of Quaternary Science,Quantitative palaeotemperature estimates based on fossil chydorid ephippia: calibration and validation of a novel method for northern lakes,NOAA Paleoclimatology
10.1016/j.atmosres.2016.11.013,"published by the World Data Center for Paleoclimatology, Boulder and NOAA Paleoclimatology Program (ftp://ftp.ncdc.noaa.gov/pub/data/",Atmospheric Research,Spatial patterns of ENSO's interannual influences on lilacs vary with time and periodicity,NOAA Paleoclimatology
10.1002/2014PA002731,"obtained from the World Data Center for Paleoclimatology, Boulder, and the NOAA Paleoclimatology Program (data set name: North",Paleoceanography,Aeolian process and climatic changes in loess records from the northeastern Tibetan Plateau: Response to global temperature forcing since 30‚Äâka,NOAA Paleoclimatology
10.1016/j.quascirev.2015.07.012,"Stable isotope data and age models for this paper are available online at NOAA's Paleoclimatology Data database.  References  Alley,",Quaternary Science Reviews,Termination-II interstadial/stadial climate change recorded in two stalagmites from the north European Alps,NOAA Paleoclimatology
10.1016/j.gloplacha.2004.12.013,"Siberia and the Russian Far East: A Palynological and Radiocarbon Database. NOAA Paleoclimatology and North East Science Center,",Global and Planetary Change,History of freshwater runoff across the Laptev Sea (Arctic) during the last deglaciation,NOAA Paleoclimatology
10.1016/j.epsl.2007.10.007,Union and Mongolia: documentation of the second version of the data base. NOAA Paleoclimatology Publications Series Report,Earth and Planetary Science Letters,Satellite- and pollen-based quantitative woody cover reconstructions for northern Asia: Verification and application to late-Quaternary pollen data,NOAA Paleoclimatology
10.1016/S0031-0182(00)00029-8,"S.P., 1995. Lake Status Records from Europe: Data Base Documentation. NOAA Paleoclimatology Program, Boulder. Yu, G.,","Palaeogeography, Palaeoclimatology, Palaeoecology","Reconstruction of lake-level changes in lake Xinias, central Greece, during the last 40 000 years",NOAA Paleoclimatology
10.1016/S0277-3791(98)00016-X,"records from the former Soviet Union and Mongolia: Data base documentation. NOAA Paleoclimatology Publications Series Report,",Quaternary Science Reviews,The climate and biomes of Europe at 6000yr BP comparison of model simulations and pollen-based reconstructions,NOAA Paleoclimatology
10.1016/j.quascirev.2007.09.012,records from the former Soviet Union and Mongolia: data base documentation. NOAA Paleoclimatology Publications Series Report,Quaternary Science Reviews,River inflow and salinity changes in the Caspian Sea during the last 5500 years,NOAA Paleoclimatology
10.1080/789610162,"acknowledge F. H. Schweingruber, W. E. S. Henock, and M. L. Parker and the NOAA Paleoclimatology Program for the use of chronologies",Polar Geography,"Tree-ring Analysis of Five Picea Glauca- Dominated Sites from the Interior Boreal Forest in the Shakwak Trench, Yukon Territory, Canada",NOAA Paleoclimatology
10.1016/j.rgg.2018.04.007,"and Mongolia. Documentation of the Second Version of the Database, in: NOAA Paleoclimatology Publications Series. Report",Russian Geology and Geophysics,Intermediate lakes of the Chulym and Kargat river valleys and their role in the evolution of the Lake Chany basin,NOAA Paleoclimatology
10.1080/01916122.1998.9989512,"warehouses. Current on-line databases, most of which are maintained by the NOAA Paleoclimatology Program, include the North",Palynology,Abstracts of the proceedings of the 30th annual meeting of the American association of stratigraphic palynologists,NOAA Paleoclimatology
10.1002/hyp.11188,centers. ACKNOWLEDGEMENTS Streamflow reconstructions will be made available at the NOAA Paleoclimatology website (www.ncdc.noaa.gov/data‚Äêaccess/paleoclimatology‚Äêdata),Hydrological Processes,An interbasin comparison of tree-ring reconstructed streamflow in the eastern United States,NOAA Paleoclimatology
10.1890/06-0795.1,"and summer sea ice (blue) extended far south into the North Atlantic (NOAA, paleoclimatology program). The location of",Ecological Applications,CLIMATE CHANGE AND THE MOLECULAR ECOLOGY OF ARCTIC MARINE MAMMALS,NOAA Paleoclimatology
10.1029/2005PA001256,acknowledge the Indonesian Institute of Sciences (LIPI) and contributors to the NOAA Paleoclimatology Data Bank. Some plots were,Paleoceanography,The reconstructed Indonesian warm pool sea surface temperatures from tree rings and corals: Linkages to Asian monsoon drought and El Ni√±o-Southern Oscillation,NOAA Paleoclimatology
10.1016/j.foreco.2011.11.026,"(negative) values, respectively. All climate proxies were acquired from the NOAA Paleoclimatology Program (http:// www.ncdc.noaa.gov/paleo/recons.html,",Forest Ecology and Management,"Climatic and human influences on fire regimes in mixed conifer forests in Yosemite National Park, USA",NOAA Paleoclimatology
10.1016/S0031-0182(99)00143-1,"sediments. Nature 313, 105‚Äì107. Imbrie, J., DuÔ¨Äy, A., 1993. A SPECMAP archive. NOAA Paleoclimatology Program. Natal Geophysics","Palaeogeography, Palaeoclimatology, Palaeoecology",Dune activity as a record of late Quaternary aridity in the Northern Kalahari: new evidence from northern Namibia interpreted in the context of regional arid and humid chronologies,NOAA Paleoclimatology
10.1111/j.1502-3885.1995.tb00778.x,Soviet Union and Mongolia: Data Base Documcntation. World Data Center-NOAA. Paleoclimatology Publications Series Report,Boreas,Holocene changes in atmospheric circulation patterns as shown by lake status changes in northern Europe,NOAA Paleoclimatology
10.1016/j.quascirev.2018.05.001,"obtained from the World Data Center for Paleoclimatology, Boulder and NOAA Paleoclimatology Program (available online",Quaternary Science Reviews,Holocene-scale fire dynamics of central European temperate spruce-beech forests,NOAA Paleoclimatology
10.1016/j.gloplacha.2018.06.004,Ecuadorian and Gal√°pagos lakes. The data from c-k was downloaded from the NOAA paleoclimatology data server.  (June 2015‚ÄìMay,Global and Planetary Change,Paleo-ENSO revisited: Ecuadorian Lake Pallcacocha does not reveal a conclusive El Ni√±o signal,NOAA Paleoclimatology
10.1016/j.quascirev.2012.06.020,"Publications Series Report No. 2, World Data Center-A for Paleoclimatology. NOAA Paleoclimatology Program. Boulder CO, 274 pp. ter",Quaternary Science Reviews,Present-day variability and Holocene dynamics of permafrost-affected lakes in central Yakutia (Eastern Siberia) inferred from diatom records,NOAA Paleoclimatology
10.1016/S0277-3791(98)00011-0,"(1994) Lake status records from the Former Soviet Union and Mongolia, NOAA Paleoclimatology Publications Series Report,",Quaternary Science Reviews,Evaluation of modelled regional water balance using lake status data a comparison of 6ka simulations with the NCAR CCM,NOAA Paleoclimatology
10.1016/S0277-3791(05)80010-1,"DURING THE LAST DEGLACIATION David M. Anderson* and Robert C. Thunelll*NOAA Paleoclimatology Program, 325 Broadway, Boulder,",Quaternary Science Reviews,The oxygen-isotope composition of tropical ocean surface water during the last deglaciation,NOAA Paleoclimatology
10.1002/wcc.42,"York: Academic Press; 1976, 567. NCDC. National Climatic Data Center. NOAA Paleoclimatology Tree Ring. Available at: http://www.ncdc.",Wiley Interdisciplinary Reviews: Climate Change,Dendroclimatology: extracting climate from trees,NOAA Paleoclimatology
10.1016/j.jeem.2015.11.005,through 2011 using instrumental records. Data can be recovered from the NOAA paleoclimatology database,Journal of Environmental Economics and Management,Long-run changes in radiative forcing and surface temperature: The effect of human activity over the last five centuries,NOAA Paleoclimatology Database
10.1029/eost2005EO24,"31, 2005. Florida State University is an Equal Opportunity Employer. NOAA Paleoclimatology Database","Eos, Transactions American Geophysical Union","Eos, Transactions, American Geophysical Union Volume 86, Number 24, 14 June 2005",NOAA Paleoclimatology Database
10.1002/gdj3.89,"scientific papers and theses. Besides personal archives and contributions, NOAA‚Äôs Paleoclimatology database",Geoscience Data Journal,A database of Holocene temperature records for north‚Äêeastern North America and the north‚Äêwestern Atlantic,NOAA Paleoclimatology Database
10.1016/j.quageo.2014.08.003,"from Curry et al., 2011; Zachos et al., 2001; original data from the NOAA Paleoclimatology Database).",Quaternary Geochronology,"Amino acid geochronology of gastropod-bearing Pleistocene units in Illinois, central USA",NOAA Paleoclimatology Database
10.1029/2019JC015979,improved the original manuscript. Data in this paper can be found at NCEI/NOAA Paleoclimatology database,Journal of Geophysical Research: Oceans,Pre to post‚Äêbomb 14 C history from the west side of Palawan Island: insights into oceanographic changes in the South China Sea,NOAA Paleoclimatology Database
10.1016/j.gloplacha.2018.07.003,archives. These studies were additionally identiÔ¨Åed by searching the NOAA Paleoclimatology Database,Global and Planetary Change,A global doubling of dust emissions during the Anthropocene?,NOAA Paleoclimatology Database
10.1029/2009GL039558,selected North Atlantic paleoclimate records of SST available on the NOAA Paleoclimatology database,Geophysical Research Letters,Variable oceanic influences on western North American drought over the last 1200 years,NOAA Paleoclimatology Database
10.1002/2013GL059076,"under grant agreement no. 603521, project PREFACE. We also thank the NOAA Paleoclimatology database",Geophysical Research Letters,Marine-based multiproxy reconstruction of Atlantic multidecadal variability,NOAA Paleoclimatology Database
10.1016/j.gloplacha.2015.02.003,Labrador Sea. Acknowledgments The data from this study are available at the NOAA Paleoclimatology Database,Global and Planetary Change,Quantitative reconstruction of Holocene temperatures across the Canadian Arctic and Greenland,NOAA Paleoclimatology Database
10.1002/2014JD022585,atmosp.physics.utoronto.ca/~peltier/ data.php). AMOC data were downloaded from NOAA Paleoclimatology databases.,Journal of Geophysical Research: Atmospheres,Asynchronous variation in the East Asian winter monsoon during the Holocene,NOAA Paleoclimatology Database
10.1029/eost2005EO26,Employing a Highly Qualified Staff That Reflects the Diversity of Our Nation. NOAA Paleoclimatology Database,"Eos, Transactions American Geophysical Union","Eos, Transactions, American Geophysical Union Volume 86, Number 26, 28 June 2005",NOAA Paleoclimatology Database
10.1029/2010PA002050,"reconstructions, 21 annually resolved proxy climate series were selected from the NOAA Paleoclimatology database",Paleoceanography,Great Barrier Reef coral luminescence reveals rainfall variability over northeastern Australia since the 17th century,NOAA Paleoclimatology Database
10.1029/eost2005EO25,"[turpin@lsce.saclay.cea.fr]. Review of applications will begin on June 30, 2005. NOAA Paleoclimatology Database","Eos, Transactions American Geophysical Union","Eos, Transactions, American Geophysical Union Volume 86, Number 25, 21 June 2005",NOAA Paleoclimatology Database
10.1016/j.gloplacha.2015.12.005,processes. Raw charcoal data will be made available through submission to the NOAA Paleoclimatology database,Global and Planetary Change,Late Holocene anthropogenic and climatic influences on the regional vegetation of Mexico's Cuenca Oriental,NOAA Paleoclimatology Database
10.1029/2008PA001702,NUTRIENT SUPPLY IN THE EEP  PA4213  bulk d15N. All data are available at NOAA‚Äôs WDS for Paleoclimatology,Paleoceanography,Nitrogen isotopic evidence for deglacial changes in nutrient supply in the eastern equatorial Pacific,NOAA/WDS for Paleoclimatology
10.1016/j.earscirev.2023.104639,s://www.pangaea.de/) or the NOAA World Data Service for Paleocli¬≠ matology (https://www.ncei.noaa.gov/products/paleoclimatology) a),Earth-Science Reviews,Inorganic geochemistry of lake sediments: A review of analytical techniques and guidelines for data interpretation,www.ncei.noaa.gov/products/paleoclimatology
