10.1111/j.1745-4514.1995.tb00523.x,"ACID CONVERSION TO A YELLOW PRODUCT(S) BY THE HEMOGLOBLIN/H,OZ SYSTEM’ VARDA KAHN, PINHAS LINDNER and VARDA ZAKIN Department",Journal of Food Biochemistry,KOJIC ACID CONVERSION TO A YELLOW PRODUCT(S) BY THE HEMOGLOBLIN/H 2 O 2 SYSTEM,VARDA
10.1111/ane.12366,"atrial ﬁbrillation. JAMA 2012;307:1952–8. 10. DAGRES N, NIEUWLAAT R, VARDAS PE et al. Genderrelated differences in presentation, treatment,",Acta Neurologica Scandinavica,Outcome of men and women after atrial fibrillation and stroke,VARDA
10.1179/174582110X12871342860207,"in ecclesiastical art. A medallion with 32 Pakeistas V. D. Muziejaus vardas’, Tiesa, 27 August 1940. 33 For example, in 1942 the Russian",Central Europe,Constructing National Identity: The Image of the Medieval Grand Duchy of Lithuania in Lithuanian Art from the 1920s to the 1990s,VARDA
10.1016/0008-8749(90)90107-3,"10/24/89; accepted 1l/28/89.) FRANCESCA LEVI-SCHAFFER, YOSEPH MEKORI, VARDA SEGAL, AND HENRY N. CLAMAN. Histamine Release from Mouse and Rat",Cellular Immunology,Papers to appear in forthcoming issues,VARDA
10.1002/fedr.19740850703,"coronah L., C. orientdie MILL.C,. elegans PANC., C. globosa LAMKu.nd C. varda L., combined by UHROV~HRABBTO(1V9A36) in the 2 series of Luteue",Feddes Repertorium,Beiträge zur Kenntnis der Sippenstruktur einiger Arten der Gattung Coronilla L. unter besonderer Berücksichtigung der Series Luteae Uhr. und der Series Roseae Uhr. 1. Teil,VARDA
10.1139/p87-106,"KR~STENSSJO. NSo.und Vib. 103, 487 (1985). 6. V. K. VARADAanNd V. V. VARDA(NEditors). Acoustic, electromagnetic, and elastic wave scattering-focus",Canadian Journal of Physics,Electromagnetic scattering by a perfectly conducting elliptic disk,VARDA
10.1016/0008-8749(90)90317-K,"1O/24/89; accepted 1l/28/89.) FRANCESCA LEVI-SCHAFFER, YOSEPH MEKORI, VARDA SEGAL, AND HENRY N. CLAMAN. Histamine Release from Mouse and Rat",Cellular Immunology,Papers to appear in forthcoming issues,VARDA
10.3846/16487788.2012.753677,VGTU tarybos narys; 1996 m. suteiktas profesoriaus pedagoginis mokslo vardas. 1998–2001 m. – VGTU Transporto mokslo instituto tarybos pirmininkas.,Aviation,Vilniaus aerodromo automatizuotos antžeminio eismo stebėjimo ir kontrolės sistemos saugos tikslų analizė,VARDA
10.1016/0024-3205(79)90276-5,"6049-6055 (1969) .  9 . S . N . PANTSRALIS, A. G . RARARLIS, D . ALERIOU, E . VARDAS and T . VAhAES,  Amer . _J . _Hum . Genet . _22 184-193 (1970)",Life Sciences,"Trisomy 21 (Down's Syndrome) glutathione peroxidase, hexose monophosphate shunt and I.Q.",VARDA
10.1080/00233608608604122,repstavar som har utformats på ett »horderliknande» sātt skulle ha varit varda en presentation — det kortfattade omnämnandet av några funtar,Konsthistorisk Tidskrift/Journal of Art History,Litteratur,VARDA
10.1111/j.0065-001X.2004.00012.x,"Zachos  1994)  (Andreou et alii 1996)  H. W MACEDONIA, AND THE AREA W OF THE AXIOS/VARDAS RIVER  No. Site-name  Position in landscape; Architect. remains  Tumuli",Acta Archaeologica,SEDENTARY VERSUS NOMADIC LIFE-STYLES: The 'Middle Helladic People' in southern Balkan (late 3rd & first Half of the 2nd Millennium BC),VARDA
10.1111/j.1096-3642.1878.tb00466.x,"a rugose, tuberculated rih running diagonally across from before back~varda, nd are 0th errvise irrcgularly sculptured in a rugose manner.",The Transactions of the Zoological Society of London,IX. A Monograph of the Ostracoda of the Antwerp Crag,VARDA
10.1080/01621459.1999.10473879,"Statistical Association, December 1999  f(Bly) that varpX-DA{h(B)} = varDA {h(B)} = varf{h(B)}. Furthermore, the conditional variance of",Journal of the American Statistical Association,Parameter Expansion for Data Augmentation,VARDA
10.3846/16487788.2012.753678,VGTU tarybos narys; 1996 m. suteiktas profesoriaus pedagoginis mokslo vardas. 1998–2001 m. – VGTU Transporto mokslo instituto tarybos pirmininkas.,Aviation,Lietuvos oro erdvės struktūros tobulinimas,VARDA
10.1139/y81-035,"(Silvernlan et al. 197B%r. 1970b;  D-galactose. 'The G2 carrier W ~ Sput fol~varda\ tlae Silverman 19741, 1977). vitinn~in H I 2 (Silver-raxar-a  n-aajor",Canadian Journal of Physiology and Pharmacology,Glucose reabsorption in the kidney,VARDA
10.1016/0014-4827(83)90395-6,"237-245 Stimulation of Sialyltransferase Activity of Melanoma Cells by Retinoic Acid VARDA DEUTSCH and REUBEN LOTAN* Department of Biophysics, The Weizman",Experimental Cell Research,Stimulation of sialyltransferase activity of melanoma cells by retinoic acid,VARDA
10.1016/0043-1354(78)90154-9,"i.d. x 30 mm formed from disposable Pasteur pipets, was packed with l~varda's alloy that had been sized to 100 to 140 mesh and washed 10 to",Water Research,A rapid automated system for the analysis of dissolved total organic nitrogen in aqueous solutions,VARDA
10.1179/itc.1993.11.1.393,"di Bettina: ""Una povera puta da ben, anca. che la sia bela, nissun la varda. Per mardiarse [sic!], ghe vol do cosse: 0 assae bezzi, 0 poca",Italian Culture,Book Reviews,VARDA
10.1016/j.jmedhist.2007.10.005,"Graz, 1955), 57e70. 64 PVL, vol. 1, 13. 65 E. Gudavicius, ‘‘‘Lietuvos’’ vardas XI a.eXII a. I puse_s sˇaltiniuose’, Lietuvos TRS Mokslu˛ akademijos",Journal of Medieval History,The year 1009: St Bruno of Querfurt between Poland and Rus',VARDA
10.5175/JSWE.2010.334800002,"veterans. Health Affairs, 28(3), 771–782. castaneda, l. W., harrell, M. c., varda, d. M.,  hall, K. c., beckett, M. K., & stern, s. (2008). deployment",Journal of Social Work Education,GUEST EDITORIAL: UNIQUE CHALLENGES OF WAR IN IRAQ AND AFGHANISTAN,VARDA
10.1111/j.1745-4514.1995.tb00521.x,"CONVERSION TO A YELLOW PRODUCT(@ VIA THE HORSERADISH PEROXIDASE/H202SYSTEM' VARDA KAHN2, PINCHAS LINDNER and VARDA ZAKIN Department",Journal of Food Biochemistry,KOJIC ACID CONVERSION TO A YELLOW PRODUCT(S) VIA THE HORSERADISH PEROXIDASE/H 2 O 2 SYSTEM,VARDA
10.1080/03461238.1929.10406178,"500000000000, sedan hiinsyn tagits till att kvin-  norna kanske endast aro varda halften sa mycket som mannen.  Skall man gora dylika kalkyler?",Scandinavian Actuarial Journal,Litteraturanmälningar,VARDA
10.1080/21658005.2015.1051834,"Basanavičiumi. Čia turbūt svarbu buvo ir tai, kad žymaus draugijos nario vardas iš tolimojo užsienio kėlė pačios Draugijos vertę, ji atrodė reikšmingesnė",Zoology and Ecology,Gamtotyriniai pradmenys Lietuvių mokslo draugijos narių veikloje,VARDA
10.1016/0277-9536(89)90195-0,positive linear agreement in all 13 life areas investigated [24].  497   498 VARDA SOSKOLNE and ATARA KAPLAN DE-NOIJR  Few studies have also addressed,Social Science & Medicine,The psychosocial adjustment of patients and spouses to dialysis treatment,VARDA
10.1111/j.1540-8159.1998.tb01204.x,"E. MARKETOU, FRAGISKOS I. PARTHENAKIS, NIKOS E. MEZILIS, and PANOS E. VARDAS From the Cardiology Department, University Hospital of Heraklion,",Pacing and Clinical Electrophysiology,Intravenous Propafenone Versus Intravenous Amiodarone in the Management of Atrial Fibrillation of Recent Onset: A Placebo-Controlled Study,VARDA
10.1111/j.1540-8159.1994.tb02353.x,"Sustained Ventricular Tachycardia MICHAEL ELDAR, DAN OHAD, AMIR BOR, NIRA VARDA-BLOOM, DAVID K. SWANSON,* and ALEXANDER BATTLER From the Neufeid",Pacing and Clinical Electrophysiology,A Closed-Chest Pig Model of Sustained Ventricular Tachycardia,VARDA
10.1517/14728214.12.1.23,"Ugandans, and South Africans. J. Infect. Dis. (2003) 188(8):1171-1180. 78. VARDAS E, BUTTO S, GLASHOFF R, MALNATI MS, POLI G, CLERICI M: Preparing",Expert Opinion on Emerging Drugs,Problems and emerging approaches in HIV/AIDS vaccine development,VARDA
10.1111/j.1545-5300.2001.4010100015.x,"Smoking: Toward a Family Consultation Model* MICHAEL J. ROHRBAUGH, Ph.D.† VARDA SHOHAM, Ph.D.‡ SARAH TROST, M.A.‡ MYRA MURAMOTO, M.D.§ RODNEY",Family Process,Couple Dynamics of Change-Resistant Smoking: Toward a Family Consultation Model*,VARDA
10.1080/00233603508603191,"krone"" och en ""Maria krone"".2 Tva ytterst dyrbara kronor, bada av guld och varda respektive 1 000 och 73 stockholmska mark, voro gavor av Erik",Konsthistorisk Tidskrift/Journal of Art History,Prolegomena till ett studium av det kyrkliga guld‐ och silversmidet i Sverige,VARDA
10.1111/j.1600-0404.1982.tb03144.x,"induced by immunization to gangliosides GREGORKYONAT',HALINAOFFNER', VARDA LEV-RAM3, ODED COHEN3, MICHAESLCHWARTZ4, IRUN R. COHEN3 AND BEN-AMISELA' An",Acta Neurologica Scandinavica,Abnormalities in brain myelin of rabbits with experimental autoimmune multiple sclerosis-like disease induced by immunization to gangliosides,VARDA
10.1080/07409710.2018.1490374,"vol. 21, no. 1, 2008, pp. 27–40. Huuva, Greta. Nature is my kitchen. VARDA, 2014. Isacsson, Lotta. “V€arnar om traditioner” [Cherishing Traditions].",Food and Foodways,Indigenous reflexivity and resistance in global food activism: The case of Sápmi,VARDA
10.1111/j.1469-8137.1994.tb03975.x,Helianthemum and Terfezia is enhanced by low iron in the growth medium  BY VARDA KAGAN-ZUR\ ERAN RAVEH^ SMADAR LISCHIXSKY^ AND NURIT ROTH-BEJERANO'^ ',New Phytologist,Initial association between Helianthemum and Terfezia is enhanced by low iron in the growth medium,VARDA
10.1080/01419870701568866,"Education Should Bang on the Table’, Kav Haofek, no. 22, March SCHWARTZ, VARDA 1999 Natania Weekly, 8 January SCOTT, JAMES C. 1985 Weapons of",Ethnic and Racial Studies,Multicultural society and everyday cultural racism: second generation of Ethiopian Jews in Israel's ‘crisis of modernization’,VARDA
10.1080/00233604508603387,"till formin icke blott for forfattarna, utan aven for arbeten som tiro varda att utgivas i ny upplaga. Man talar om den franska bokens spridande",Konsthistorisk Tidskrift/Journal of Art History,Aktualiteter,VARDA
10.1016/0047-6374(90)90142-3,"Ltd.  27  ISOLATION AND IDENTIFICATION OF AGING-RELATED cDNAS IN THE MOUSE  VARDA FRIEDMAN, JAMES WAGNER, and DAVID B. DANNER* Laboratory of Molecular",Mechanisms of Ageing and Development,Isolation and identification of aging-related cDNAs in the mouse,VARDA
10.1517/14656566.4.8.1215,"environment. A 20-year follow-up will soon be submitted for publication. 81. VARDAS E, KREIS S: Isolation of measles virus from a naturally-immune,",Expert Opinion on Pharmacotherapy,IgG avidity to distinguish secondary from primary measles vaccination failures: prospects for a more effective global measles elimination strategy,VARDA
10.1080/00043079.1984.10788212,"dea mirando da 'veder, e se scoperze el capo, el populo charo adio che varda questa reverentia inzenocchiato laudal Sancto San Marco sta fra",The Art Bulletin,The Moors of the Clock Tower of Venice and Their Sculptor,VARDA
10.1016/0008-8749(74)90069-0,Allotypic Determinants and Morphology of Spleen Lymphocytes. ( 1l/16/73). VARDA ROTTER AND NATHAX TRAININ. Thymus Cell Population Exerting a Regulatory,Cellular Immunology,Papers to appear in forthcoming issues,VARDA
10.1002/ghg.1492,"Da ⎤⎦  (4)  ( )Var Δ | Dp  (5)  ( ) ( )= EDa|Dp ⎡⎣Var Δ | Dp , Da ⎤⎦ + VarDa|Dp ⎡⎣E Δ | DP , Da ⎤⎦  ( ) ( )The term VarDa|Dp",Greenhouse Gases: Science and Technology,Efficient data-worth analysis for the selection of surveillance operation in a geologic CO 2 sequestration system,VARDA
10.1016/S0367-1615(17)31242-9,"DELWICHE, C. C., 1951. J. BioI. Chern. 189, 177. - 5. COMMONER, BARRY und VARDA NEHARI, 1953. J. Gen. PhysioI. 36 (6), 791. - 6. LALORAYA, M.",Flora oder Allgemeine Botanische Zeitung,Die Wirkung einer Infektion mit Cucurbita-Mosaikvirus auf den Gehalt an freien Aminosauren und organischen Säuren von Cucurbita-pepo-Blättern Eine chromatographische Untersuchung,VARDA
10.1111/dmcn.12778_4,"SEGEL*, HILLA BEN-PAZI*, SHARON ZELIGSON, AVIVA FATAL-VALEVSKI, ADI ARAN, VARDA GROSS-TSUR, NIRA SHNEIBAUM, DORIT SHMUELI, DORIT LEV, SHIRA PERLBERG,",Developmental Medicine & Child Neurology,Head and upper body movements while turning during walking in children with cerebral palsy,VARDA
10.1016/0008-8749(74)90107-5,Mice Bearing Primary Moloney Sarcoma Virus-Induced Tumors. (11/19/73). VARDA ROTTER AND NATHAN TRAININ. Thymus Cell Population Exerting a Regulatory,Cellular Immunology,Papers to appear in forthcoming issues,VARDA
10.1111/j.1540-8167.2006.00621.x,"M.D.,∗ CHUNSHAN LU, M.D.,∗ XIAOKUI HE, M.D.,∗ XIAOHUI LIU, M.D.,∗ PANOS E. VARDAS, M.D., PH.D.,† and CHANGSHENG MA, M.D.∗ From the ∗Department",Journal of Cardiovascular Electrophysiology,Achievement of Pulmonary Vein Isolation in Patients Undergoing Circumferential Pulmonary Vein Ablation: A Randomized Comparison Between Two Different Isolation Approaches,VARDA
10.1046/j.1540-8167.2001.00800.x,"ELEFTHERIOS M. KALLERGIS, M.D., DESPINA N. DERMITZAKI, M.D.,* and PANOS E. VARDAS, M.D., PH.D. From the Departments of Cardiology and *Anesthesiology,",Journal of Cardiovascular Electrophysiology,Sinus Pacemaker Function after Cardioversion of Chronic Atrial Fibrillation: Is Sinus Node Remodeling Related with Recurrence?,VARDA
10.3109/08039489309096697,inventeringen var att fa en uppfattning o m huruvida dessa patienter kunde vardas utanfiir den psykiatriska virdorganisationen eller om de hade,Nordic Journal of Psychiatry,Utveckling genom aweckling Omstruktureringen av den vuxenpsykiatriska varden i Bohuslandstinget 1984–1991,VARDA
10.1517/14656566.2.11.1877,"81:995-998. 61. KOCHIADAKIS GE, IGOUMENDIS NE, PARTHENAKIS FI, CHLOUVERAKIS GI, VARDAS PE: Amiodarone versus propafenone for conversion of chronic atrial",Expert Opinion on Pharmacotherapy,Amiodarone - waxed and waned and waxed again,VARDA
10.3109/00016355909011236,"3. Nygren, J u l i u s Angust: RAdgivare angAende basta sattet a t t vArda och bevara tandernas friskhct etc. (The Best Way t o Protect and",Acta Odontologica Scandinavica,The Effect of Calcium Hydroxide Upon Human Serum Proteins,VARDA
10.1016/0304-4181(92)90016-R,"hafsiglingar-mcnn engir Icidar-stein Fpann tlma i Nordr-laondom.]  Peir hlodo par varda es bloted h&de verct, ok kaollodo Floki-varda.",Journal of Medieval History,Precursors to Peregrinus: The early history of magnetism and the mariner's compass in Europe,VARDA
10.3133/ofr5774,--Pu.rt of tlov ot Juecee Riftr llDd ita bendvater tr1butari.. ntera Ec!varda 11Matone in B<l1cones f a ul t zone vb1c h croasea baa1D Juat,Open-File Report,Texas floods of September and October 1955,VARDA
,(kort/ landkort/landabref) upphafsold utkulnadur4  p+nm nm nm nf am  vad varda vatn vatnafraedi vatnaset vatnaskil vatnasvid vatnsgildi snaevar8,Open-File Report,Icelandic-English glossary of selected geoscience terms,VARDA
10.1080/00806760108601168,"Barbro Nilsson Fröken Hedengrahn sâg som sin livsuppgift att fostra oeh varda de barn, som kom frân byarna till skolhemmet. Jag träffade aldrig",Scando-Slavica,"Man — male — female: About “classes”, “individuais”, and “instances”",VARDA
10.1016/0008-8749(74)90228-7,"Regulatory Function in the Immune Response of Mice to Polyvinyl Pyrrolidone  VARDA ROTTER AND NATHAN TRAININ 1 Department of Cell Biobgy, The Weizmann",Cellular Immunology,Thymus cell population exerting a regulatory function in the immune response of mice to polyvinyl pyrrolidone,VARDA
10.1080/03057268808559949,"Rinehart and Winston, 1978. Reprinted; New York: Warbel and Peck, 1986. BAR, VARDA. 'Comparison of the Development of Ratio Concepts in Two Domains'",Studies in Science Education,Learning Science and the Science of Learning,VARDA
10.1111/j.1600-0749.1992.tb00002.x,"Rate of DL-DOPA Oxidation by Mushroom Tyrosinase FERNANDO SCHVED AND VARDA KAHN Department of Food Science, Agricultural Research Organization,",Pigment Cell Research,Effect of Different Isomers of Dihydroxybenzoic Acids (DBA) on the Rate of DL-DOPA Oxidation by Mushroom Tyrosinase,VARDA
10.1111/j.1365-2869.2010.00868.x,"SIMANTIRAKIS, C. MERMIGIS, D. ARFANAKIS, S. CHRYSOSTOMAKIS, E. KALLERGIS, P. VARDAS, E. VLACHAKI, N. SIAFAKAS and S. SCHIZA University General Hospital,",Journal of Sleep Research,Abstracts,VARDA
10.1111/j.0954-6820.1974.tb02530.x,"1968. LUNDMAN, T., MOGENSEN, L. & ORINIUS, E.: Datajournal for patienter som vardas p9 hjirtinfarktavdelning. SvensRa CardioloRforeni~~ReS~tfo.ckholm,",Acta Medica Scandinavica,References,VARDA
10.1080/00043079.1971.10790467,"di 20. Fo san Bernardin, el qual zorno per parte presa in Pregadi si varda, ne Ii oficii senta, Et eri fu messo la palla granda di l'altar",The Art Bulletin,Titian in the Frari,VARDA
10.1111/j.0954-6820.1895.tb00664.x,"levkocytinf~ltrationernaoch de homogena inlagringarna i cellerna, som kunna vara varda att narmare studeras i sammanhang med liknande ifrlln andra tumiirer.",Nordiskt Medicinskt Arkiv,Om käksvulster: med nrsprnng ifrån tand-epitelgroddlisten.,VARDA
10.1016/0042-6822(80)90086-0,"Human Cord Blood Lymphocytes by EBV’  MIRIAM MARGALITH,* DAPHNA MANOR, VARDA USIELI, AND NATAN GOLDBLUM  Chanock CenterfiVirology,  Hebrew",Virology,Phosphonoformate inhibits synthesis of epstein-barr virus (EBV) capsid antigen and transformation of human cord blood lymphocytes by EBV,VARDA
10.1016/S0076-6879(71)18053-6,"Department o] Biochemistry, University oJ Tennessee, Knoxville, Tennessee VARDA KAHN (115), Volcani Institute, Rehovoth, Israel ROLAND G. KAbLEN",Methods in Enzymology,"Contributors to volume XVIII, part b",VARDA
10.1111/j.1477-4658.2005.00084.x,"fasc. ‘Rinaldo Rio’, testimony of 5 November 1585. 27 ‘Rinaldo diceva varda ste oche volendo intender deli done che acompagnavano [il sacramento]’,",Renaissance Studies,"The gossiping tongue: oral networks, public life and political culture in early modern Venice*",VARDA
10.3846/20297955.2012.753686,"(1912–1988) gimimo. Lietuvos gamtos apsaugos draugijos Garbės knygoje jo vardas buvo įrašytas greta prof. Tado Ivanausko, Viktoro Bergo ir kitų",Journal of Architecture and Urbanism,Kraštovaizdžio architektą Antaną Taurą (1912–1988) prisimenant,VARDA
10.1111/j.0954-6820.1871.tb00794.x,"erforderliga, som ock nt,t de medicinskn studierna och examina for kviunor varda bestiimda till omfnttning och beskaffenbet fullkomligt lika med",Nordiskt Medicinskt Arkiv,Kvinnan såsom läkare,VARDA
10.1002/widm.11,creation with online design history available through the TPH diagram. VARDA is a prototype semivisual editor for the ARD+ diagrams implemented,Wiley Interdisciplinary Reviews: Data Mining and Knowledge Discovery,A study of methodological issues in design and development of rule-based systems: proposal of a new approach,VARDA
10.1196/annals.1385.015,"Domestic Violence in Israel Changing Attitudes VARDA MUHLBAUER School of Management and Business Administration, Netanya",Annals of the New York Academy of Sciences,Domestic Violence in Israel: Changing Attitudes,VARDA
10.1002/bscb.19770860305,"Pr0tein.Re.s. 5874-91 (1975).  16. S. Fermandjean, S . Tran-Dinh, J. %varda, E . Sala, R. Mermet-Bouvier, E. Bricas and P. F r o mageot; Biochim.Biophys.Acta",Bulletin des Sociétés Chimiques Belges,Glycyl Methylene Chemical Shift Non-Equivalence in Small Peptides. Diasteriomers of Leu-Gly-Phe,VARDA
10.1002/fedr.201100029,"– Csiblava (WIERZBICHL, BP). – Caras Severin (PAPP, I). – Bihar, Rev (VARDA, BP, PAPP I). – Krassoszöreny, Staverlak (JAVORKA, BP). – Zam",Feddes Repertorium,Revision und Phylogenie der Arten der Gattung Melica L. (Poaceae) in Eurasien und Nordafrika,VARDA
10.1111/j.1600-0749.1992.tb00781.x,"Rate of DL-DOPA Oxidation by Mushroom Tyrosinase FERNANDO SCHVED AND VARDA KAHN Department of Food Science, Agricultural Research Organization,",Pigment Cell Research,"Synergism Exerted by 4-Methyl Catechol, Catechol, and Their Respective Quinones on the Rate of DL-DOPA Oxidation by Mushroom Tyrosinase",VARDA
10.1016/j.mad.2004.08.013,of the conference was in the framework of activities of the SHALOM and VARDA YORAN Institute for Human Genome Research at Tel Aviv University.,Mechanisms of Ageing and Development,The voyage to healthy longevity: from experimental models to the ultimate goal,VARDA
10.1002/sce.3730710411,"Comparison of the Development of Ratio Concepts in - Two Domains  VARDA BAR The Amos de-Shalit Science Teaching Centre in Israel, The",Science Education,Comparison of the development of ratio concepts in two domains,VARDA
10.1016/0008-8749(75)90048-9,"Reaction Expressed by Increased Response to Polyvinylpyrrolidone (PVP)’  VARDA ROTTER AND NATHAN  TRAININ  2  Department of Cell Biology, The",Cellular Immunology,Elimination of suppressor T-cells in mice undergoing a graft-versus-host reaction expressed by increased response to polyvinylpyrrolidone (PVP),VARDA
10.1111/j.1540-8159.1994.tb02393.x,"Arrhythmias in Hypertensive Patients with Normal Electrocardiograms PANOS E. VARDAS, EMMANUEL N. SIMANDIRAKIS, FRAGISKOS I. PARTHENAKIS, EMMANUEL",Pacing and Clinical Electrophysiology,Study of Late Potentials and Ventricular Arrhythmias in Hypertensive Patients with Normal Electrocardiograms,VARDA
10.1016/S0010-4655(03)00519-8,"program consists of a main routine and four subroutines ATOM, KLAI, TERMAI, VARDAS. The tasks of the main routine are: reading the input data, generating",Computer Physics Communications,A program for generating configuration state lists in many-electron atoms,VARDA
10.1111/j.0954-6820.1907.tb00036.x,"an-  stalter for sinnessjuka, dar sPdan befattning blifvit eller kan varda  for kvinnoafdelning sarskildt inrgttad, dock ej att emottaga",Nordiskt Medicinskt Arkiv,Nordische medizinische Literatur 1907,VARDA
10.1111/j.0954-6820.1890.tb00917.x,"och  metodik. BILLROTHmSetod iir, enligt httns llsikt, den mest efterfoljans-  varda med nllgra smiirre modifikationer, sLsom anvandande af RYDY-  QIERS",Nordiskt Medicinskt Arkiv,Nordisk medicinsk literatur från år 1890: Andra kvartalet,VARDA
10.1111/j.1540-8167.2009.01627.x,"M.D.,∗ RONGHUI YU, M.D.,∗ RIBO TANG, M.D.,∗ YING TIAN, M.D.,∗ PANOS E. VARDAS, M.D., Ph.D.,† and CHANGSHENG MA, M.D.∗ From the ∗Department",Journal of Cardiovascular Electrophysiology,Mechanisms of Arrhythmia Recurrence After Video-Assisted Thoracoscopic Surgery for the Treatment of Atrial Fibrillation: Insights from Electrophysiological Mapping and Ablation,VARDA
10.1111/j.1477-4658.2007.00467.x,"l’improviso recercari e moteti? no ve digo; de esprimer el vostro conceto? varda la gamba . . . co fasseu a sonar un credo in sol per semiton,",Renaissance Studies,"Madonna Bellina, ‘astounding’ Jewish musician in mid-sixteenth-century Venice",VARDA
10.1111/j.1540-8159.2000.tb06768.x,"REVIEW Nonpharmacological Treatment of Atrial Fibrillation: A Heretic's Appraisal P.E. VARDAS From the Cardiology Department, University Hospital of Heraklion,",Pacing and Clinical Electrophysiology,Nonpharmacological Treatment of Atrial Fibrillation: A Heretic's Appraisal,VARDA
10.1016/0014-4827(90)90239-7,"with Development and in Vitro Aging TAKAHIRO KUNISADA,’ DAVID B. DANNER? VARDA FRIEDMAN, AND EDWARD L. SCHNEIDER Laboratory ofMolecular Genetics,",Experimental Cell Research,Increased susceptibility to SV40 transformation with development and in vitro aging,VARDA
10.1139/v66-193,"~@-HYDROXY-~-OXA-~(Y-ESATNRDAN3Ea,l7@-DIHYDROXY-4-OXA- 5ct-ESTRANE J . T. ED\VARDA N D J.-3.1. FERLAND D e p o r t n ~ e ~olft Chemistry, M ~ G i",Canadian Journal of Chemistry,"STEREOCHEMICAL STUDIES: VI. REACTIONS OF 3β-HYDROXY-4-OXA-5α-ESTRANE AND 3α,17β-DIHYDROXY-4-OXA-5α-ESTRANE",VARDA
10.1080/0015587X.1986.9716377,"homosexuality. A brief one-page Appendix points out selected terms, e.g. VARDA, to see or observe, from Romany VARTER (to watch). Hence 'How",Folklore,Folklore and Male Homosexuality,VARDA
10.1111/nrm.12072,"2016 MANAGING INTERACTING POPULATIONS UNDER TIME SCALE SEPARATION GIANNIS VARDAS* and ANASTASIOS XEPAPADEAS* External Researcher, Athens University",Natural Resource Modeling,MANAGING INTERACTING POPULATIONS UNDER TIME SCALE SEPARATION,VARDA
10.1111/j.1600-0749.1998.tb00707.x,"Article N-Acetyl-L-Tyrosine(NAT) as a Substrate for Mushroom Tyrosinase VARDA KAHN AND NOAH BEN-SHALOM Departmentof Food Science, AgriculturalResearch",Pigment Cell Research,N-Acetyl-L-Tyrosine (NAT) as a Substrate for Mushroom Tyrosinase,VARDA
10.1080/00497878.1999.9979286,http://www.tandfonline.com/loi/gwst20 Flying through southern France: Sans toit ni loi by agnès varda Ruth A. Hottell To cite this article: Ruth A. Hottell (1999) Flying,Women's Studies,Flying through southern France: Sans toit ni loi by agnès varda,VARDA
10.1016/j.ajog.2003.10.224,"TATIANA NANOVSKAYA1, ILONA NEKHAYEVA1, OLGA  BERG-ASHER1, ARIEL MANY1, VARDA DEUTCH2, JOSEPH LESSING1,  ZHARIKOVA1, GARY HANKINS1, MAHMOUD",American Journal of Obstetrics and Gynecology,Role of P-glycoprotein in transplacental transfer of methadone,VARDA
10.1139/z56-018,"clecurved a t the tip, whereas that of jucundz~s is distinctly curved ~lp\varda t the tip. The egg stall; of takomae is attached to the center",Canadian Journal of Zoology,A REVISION OF THE NEARCTIC CTENISCINI (HYMENOPTERA: ICHNEUMONIDAE): II. ACROTOMUS HLGR. AND SMICROPLECTRUS THOM.,VARDA
10.1016/j.compbiomed.2022.105964,[2] PSIGAN (2020) [30] SIFA (2020) [21] ARL-GAN (2021) [16] SASAN (2021) [31] VarDA (2021) [65] Cui et al. (2021) [66] DSANet (2022) [33] UNetDSBN,Computers in Biology and Medicine,A bidirectional multilayer contrastive adaptation network with anatomical structure preservation for unpaired cross-modality medical image segmentation,VARDA
10.1080/01956051.2015.1095610,Pushing Daisies: Critical Essays on the Bryan Fuller Series (2011).  AGNÈS VARDA: INTERVIEWS Ed. T. Jefferson Kline. Jackson: University of Mississippi,Journal of Popular Film and Television,"Family Films in Global Cinema: The World Beyond Disney, Ed. Noel Brown and Bruce Babington. London: I.B. Tauris, 2015. 270 pp.",VARDA
10.1179/itc.1994.12.1.97,"ha volesto, per farme saver che no me vole giozo de ben, azo che no me varda pi drio"" (4.5).) When lulio returns the second time, Valeria tells",Italian Culture,La Venexiana: Amorous Seduction and The Art of “Experimentar”,VARDA
10.1080/080387401753355344,"blev and vart, the preterite forms of two different verbs bli(va) and varda, both with the meaning become and, as passive-forming auxiliary,",NORA - Nordic Journal of Feminist and Gender Research,Men and women in language change. A Swedish case study,VARDA
10.1080/01629778800000141,"mona g~jiens (Riga, 1935) and LOcija Blul~is, ""Paiaizliedzigais Dieva varda kalps. Profesora K~x[a Kundzi~a atcerei,"" Universitas No. 51 (New",Journal of Baltic Studies,An assessment of demographic development in the Baltic states,VARDA
10.1080/01629779300000191,"Soviet Slave Labor], New York: Gr'amatu Draugs, 1956;Pasaules revolacijas varda [In the Name of World Revolution], New York: Gr'amatu Draugs,",Journal of Baltic Studies,Voices from the gulag: A review essay,VARDA
10.1111/j.1365-2923.1986.tb01370.x,"and evaluation D. A. SIDERIS, P. TSOUNA-HADJIS, S. T. TOUMANIDIS, P. E. VARDAS & S. D. MOULOPOULOS Department of Clinical Therapeutics, University",Medical Education,"Attitudinal educational objectives at therapeutic consultation: measures of performance, educational approach and evaluation",VARDA
10.1016/0014-4827(90)90248-9,"FERTIG, G., 208 FLICKINGER, KELLY S., 189 FLORES, JOSEPHINE, 177 FRIEDMAN, VARDA, 222 FURUNO, KOJI, 261 FURLJTANI, AKI, 227  G  GARCIA-BELLIDO,  ANTONIO,",Experimental Cell Research,Author index for volume 189,VARDA
10.1016/0008-8749(90)90155-K,"SCODRAS, J. M., 352,368 SCOTT, DAVID W., 527 SCULLEY, THOMAS B., 47 SEGAL, VARDA, I46 SELL, STEWART, 483,497 SHARABI, YEDIDA, 260 SHIIBA, KENICHI,",Cellular Immunology,Author index for volume 127,VARDA
10.1002/clc.4960190110,"Interval in CardiacAmyloidosis FRANGISKIO. PSARTHENAKIS, M.D.. PANOS E. VARDAS, M.D., PH.D., LOUKIANWOISD I S , M.D., ATHANASIODSRITSAMS.,D.,"" PETKOSNIHOYAVNOPOULMO.DS.",Clinical Cardiology,QT interval in cardiac amyloidosis,VARDA
10.1002/dta.228,"calcium salt and oHydroxy atorvastatin calcium salt were purchased from VARDA Biotech Ltd, Mumbai, India. Acetic acid and formic acid was procured",Drug Testing and Analysis,Simultaneous estimation of atorvastatin and its two metabolites from human plasma by ESI-LC-MS/MS,VARDA
10.1517/14728214.10.2.311,"KOCHIADAKIS G, IGOUMENIDIS N, MARKETOU M, KALEBOUBAS M, SIMATIRAKIS E, VARDAS P: Low dose amiodarone and sotalol in the treatment of recurrent,",Expert Opinion on Emerging Drugs,New antiarrhythmic agents for atrial fibrillation and atrial flutter,VARDA
10.1111/j.1365-2621.1981.tb15343.x,"Some Biochemical Properties of Soluble and Bound Potato Tuber Peroxidase VARDA KAHN, SARAH GOLDSHMIDT, JACOB AMIR and RINA GRANIT  - ABSTRACT Soluble",Journal of Food Science,Some Biochemical Properties of Soluble and Bound Potato Tuber Peroxidase,VARDA
10.1038/sj.bjp.0706709,"9270–9275. RIVOLTA, I., ABRIEL, H., TATEYAMA, M., LIU, H., MEMMI, M., VARDAS, P., NAPOLITANO, C., PRIORI, S.G. & KASS, R.S. (2001). Inherited",British Journal of Pharmacology,Molecular basis of ranolazine block of LQT-3 mutant sodium channels: evidence for site of action,VARDA
10.1016/j.cgh.2008.03.010,"THEODOROPOULOU,* AEKATERINI SFIRIDAKI,‡ PANTELIS OUSTAMANOLAKIS,* EMANOUEL VARDAS,* AEKATERINI LIVADIOTAKI,‡ AEKATERINI BOUMPAKI,* GREGORIOS PASPATIS,*",Clinical Gastroenterology and Hepatology,Genetic Risk Factors in Young Patients With Ischemic Colitis,VARDA
10.1111/j.1467-6435.1999.tb00577.x,"6: 53-63. Ejsterlin, R.A., R.A. Pollack, and h1.L. \Vachter (1980). To\varda hlore General hlodel of Fertility Determination:EndogenousPreferencesand",Kyklos,A Theory of Population Growth When Women Really Count,VARDA
10.1517/14712598.4.5.683,"recombinant adenoviral vector. Anti-Cancer Res. (1998) 18:1357-1360. 111. VARDA-BLOOM N, SHAISH A, GONEN A et al.: Tissue-specific gene therapy",Expert Opinion on Biological Therapy,Tissue-specific promoters for cancer gene therapy,VARDA
10.1016/j.cmpb.2017.08.016,"E-mail addresses: dimﬁlos@auth.gr (D. Filos), ioanna@med.auth.gr (I. Chou- varda), tachmatzidis@gmail.com (D. Tachmatzidis), vvassil@med.auth.gr",Computer Methods and Programs in Biomedicine,Beat-to-beat P-wave morphology as a predictor of paroxysmal atrial fibrillation,VARDA
10.1111/j.1540-8159.1997.tb03564.x,"Node Chronotropy: An Echocardiographic and Cardiopulmonary Study  P.E. VARDAS, E.N. SIMANTIRAKIS, F.I. PARTHENAKIS, S.I. CHRYSOSTOMAKIS, E.I.",Pacing and Clinical Electrophysiology,AAIR Versus DDDR Pacing in Patients with Impaired Sinus Node Chronotropy: An Echocardiographic and Cardiopulmonary Study,VARDA
10.1111/j.1540-8159.1991.tb02822.x,"Atriai Synchronous Ventricular VDD Pacing GEORGE TH. VROUCHOS and PANOS E. VARDAS From the Cardiology Department, University of Crete Medical School,",Pacing and Clinical Electrophysiology,Sensing Through the Esophagus for Temporary Atrial Synchronous Ventricular VDD Pacing,VARDA
10.1111/j.1755-618X.1987.tb01075.x,"Marxism or Marxist Feminism: A Debate. Garamond Press, 1985, $4.95, paper VARDA BURSTYN and DOROTHY E. SMITH,W o m e n , Class, Family and t h",Canadian Review of Sociology/Revue canadienne de sociologie,Book Reviews/Comptes rendus,VARDA
10.1111/j.1600-0749.1995.tb00669.x,"Oxidation of DL-DOPA, Norepinephrine, and Dopamine by Mushroom Tyrosinase VARDA KAHN Department of Food Science, Agricultural Research Organization,The",Pigment Cell Research,"Effect of Kojic Acid on the Oxidation of DL-DOPA, Norepinephrine, and Dopamine by Mushroom Tyrosinase",VARDA
10.1111/j.0954-6820.1876.tb00681.x,"hydropatiska badformer, s i l val som af svala luftbacl och strfllande solbad varda fhklarade genom Je olika hudre- -telsernas Ofverenssthnimande",Nordiskt Medicinskt Arkiv,Bidrag till kännedomen om klimat och bad vid Sverges vestkust,VARDA
10.1111/j.1467-8365.1985.tb00168.x,"MDXVI. 62 'Fo san Bernardin, eI qual zorno per parte presa di Pregadi si varda, ne Ii oficii senta. Et eri fu messo la palla granda di I'altar",Art History,GIORGIONE'S TEMPESTA AND TITIAN'S ASSUNTA IN THE CONTEXT OF THE CAMBRAI WARS,VARDA
10.1002/jcp.21048,"Regulating Mitochondrial Function GALIT YEHEZKEL,1 SALAH ABU-HAMAD,1 AND VARDA SHOSHAN-BARMATZ1,2* 1Department of Life Sciences, Ben-Gurion University",Journal of Cellular Physiology,An N-terminal nucleotide-binding site in VDAC1: Involvement in regulating mitochondrial function,VARDA
10.1111/j.1365-2621.1977.tb12622.x,"Hebrew University of Jerusalem Faculty of Agriculture, Rehovot. Israel and VARDA KAHN Div. of Food Technology, ARO, The Volcani Center, Bet Dagan,",Journal of Food Science,EVALUATION OF BROWNING POTENTIAL IN AVOCADO MESOCARP,VARDA
10.1111/j.1365-2621.1978.tb02398.x,"MEANS OF PREVENTING SUGAR ACCUMULATION DURING STORAGE AT 4°C  JACOB AMIR, VARDA KAHN and MIRIAM UNTERMAN  ABSTRACT Temporary anoxia (about 20",Journal of Food Science,TEMPORARY ANOXIA AS A MEANS OF PREVENTING SUGAR ACCUMULATION DURING STORAGE AT 4°C,VARDA
10.1002/sce.3730730409,"Children’s Views about the Water Cycle  VARDA BAR The Amos De Shalit Center for Science Education Research,",Science Education,Children's views about the water cycle,VARDA
10.1080/00233608608604096,"och bred och sättas högt upp under valvet, pâ det sä mycket bättre rum varda matte till föromtalte beläten (dvs. smâbilderna) sä ock till vapen",Konsthistorisk Tidskrift/Journal of Art History,Hur Sturarnas gravmonument i Uppsala skulle göras,VARDA
10.1080/00233608008603942,"förtjuserskas bud» (Ovidius) avstått från stridsman, som sin dräkt väl varda och skönhet, och som vid klubban, som nu ligger orörd bakom hans",Konsthistorisk tidskrift/Journal of Art History,Vermeer och van Veens Amorum Emblemata,VARDA
10.1080/00043079.2016.1178532,"fenestre per pompa, per honor e per vanagloria, che tutta la zente i varda laudando chi ha fatto tal preda”; and Knauer, “Fishing with Cormorants,”",The Art Bulletin,Painting at the Threshold: Pictures for Doors in Renaissance Venice,VARDA
10.1111/j.0954-6820.1870.tb00200.x,"dilrutbfver, hvaremot PA sjukafdelningen inom barnhuset fiketriidesvis vArdas barn, som ilnnu ej uppn%tt 4 Ar, och sailedes tillhsra just den",Nordiskt Medicinskt Arkiv,Meddelanden från pediatriska kliniken å Allmänna barnhuset i Stockholm för år 1868,VARDA
10.1111/j.1745-4514.1991.tb00140.x,"2,4,5-TRIHYDROXYBUTYROPHENONE(2,4,5-THBP)’ AS A SUBSTRATE FOR MUSHROOM TYROSINASEb VARDA KAHN.‘ DAVID T. OSUGA.’ and JOHN R. WHITAKER’ ‘Department of Food",Journal of Food Biochemistry,"2, 4, 5-TRIHYDROXYBUTYROPHENONE (2, 4, 5-THBP) a AS A SUBSTRATE FOR MUSHROOM TYROSINASE",VARDA
10.1080/13921843.1979.10553170,"kaimavardis veikiausiai yra modifikuotas senovinis, dabar jau uzmirstas, ezero vardas. Lietuvoje apstu kaimavardziч, susidedanciч is priesdelio ant-",Geodezijos Darbai,KRAŠTOVARDŽIO LIETUVA ETIMONO KILMĖS IR SEMANTIKOS KLAUSIMU,VARDA
10.1111/j.2041-5370.2011.00020.x,"latter individual is also introduced as a martam, ‘workman’ (Old Persian *varda-). This is a rare term, apparently used only for individuals directly",Bulletin of the Institute of Classical Studies,"OF TAPYROI AND TABLETS, STATES AND TRIBES: THE HISTORICAL GEOGRAPHY OF PASTORALISM IN THE ACHAEMENID HEARTLAND IN GREEK AND ELAMITE SOURCES",VARDA
10.3109/08039489309095023,"enligt.DSM- 111-R - men inte, som vi pipekat ovan, enligt DSM-111. Patienten vardas alltsa p i psyk klin drygt 6 minader efter nybesoket pa mottagningen",Nordic Journal of Psychiatry,“Crisis reactions” as problems in differential diagnosis at a community mental health center Is the DSM-III-R useful in the diagnostic procedure?,VARDA
10.1111/j.1467-968X.1945.tb00210.x,"dont l’origine iranienne est manifeste, par un compose mp. *vard-pat < *varda-pati “ maitre de pratique ”,titre religieux oii vard- reprdsente",Transactions of the Philological Society,ETUDES IRANIENNES,VARDA
10.1016/S0002-9378(01)80323-9,"GALIT SHEFFER-MIMOUNI MDt, SHAUL DOLLBERG MD2, MICHAEL KUPFERMINC MDt, VARDA DEUTSCH PHD:~,  Wood Johnson Medical School/Saint Peter's University",American Journal of Obstetrics and Gynecology,290 Patterns of resistance to ampicillin in early-onset neonatal infections,VARDA
10.1016/j.ajog.2003.10.222,"TATIANA NANOVSKAYA1, ILONA NEKHAYEVA1, OLGA  BERG-ASHER1, ARIEL MANY1, VARDA DEUTCH2, JOSEPH LESSING1,  ZHARIKOVA1, GARY HANKINS1, MAHMOUD",American Journal of Obstetrics and Gynecology,Elevated plasma level of factor VIII among women with severe pregnancy complications,VARDA
10.1179/mon.2006.54.1.018,nuoli svola sensa parola vita lisiera (...) Le stele fisse dal sielo varda una nuvola tarda che la svanisse. 31  While jotting down these,Monumenta Serica,THE LIFELONG FASCINATION OF POET BIAGIO MARIN (1891-1985) FOR CHINESE POETRY AND TAOIST PHILOSOPHY,VARDA
10.1016/0020-7519(88)90033-1,"F. BARBET,* ANTHONY J. MUSOKE,~.JOSEPHM. KATENDE,~ FRED KURANGIRWA,$ VARDA SHKAP,~EUGENE PIPANO,~WILLIAM C. DAVIS* and TRAVIS C. MCGUIRE” *",International Journal for Parasitology,"Recognition of conserved surface protein epitopes on Anaplasma centrale and Anaplasma marginale isolates from Israel, Kenya and the United states",VARDA
10.1111/j.1550-7408.1965.tb01836.x,"and a Bleached Euglena gracilis*  JACOB J. BLUM, JOACHIM R. SOMMER and VARDA KAHN Department of Physiology arid Pathology, Duke Gniversity",The Journal of Protozoology,An Electron Microscopic Study of the Final and Initial Forms of Plasmodium gallinaceum in Thin Sections of Infected Tissue Cultures*,VARDA
10.1080/0305569760020301,"COLOURED WAVE AS AN IDEOLOGY In a little publication—'Vad ar bra varderingar varda?' ('What is the value of good values?') (Cavefors, 1972)—Goran",Educational Studies,The Rose Coloured Wave in Swedish Pedagogy∗,VARDA
10.1111/j.1540-8159.1997.tb06788.x,"GHRYSSOSTOMAKIS, EMMANUIL G. MANIOS, DAPHNE K. KOUNALl, and PANOS E. VARDAS From the Cardiology Department, University Hospital of Heraklion,",Pacing and Clinical Electrophysiology,"Autonomic Nervous System Activity During Tilt Testing in Syncopal Patients, Estimated by Power Spectral Analysis of Heart Rate Variability",VARDA
10.1016/0008-8749(90)90334-N,"(Received 7/27/89; accepted 1O/7/89.) FRANCESCA LEVI-SCHAFFER, YOSEPH MEKORI, VARDA SEGAL, AND HENRY N. CLAMAN. Histamine Release from Mouse and Rat",Cellular Immunology,Papers to appear in forthcoming issues,VARDA
10.1517/14712598.4.12.1911,"cell-specific gene expression in vivo. Gene Ther. (2000) 7:368-376. 72. VARDA-BLOOM N, SHAISH A, GONEN A et al.: Tissue-specific gene therapy",Expert Opinion on Biological Therapy,Vascular-targeted cancer gene therapy,VARDA
10.1111/j.1540-8159.2000.tb00772.x,"SIMANTIRAKIS, FRAGISKOS I. PARTHENAKIS, EMMANUEL G. MANIOS, and PANOS E. VARDAS From the Cardiology Department, ileraklion University Hospital,",Pacing and Clinical Electrophysiology,Autonomic Nervous System Activity Before and During Episodes of Myocardial Ischemia in Patients with Stable Coronary Artery Disease During Daily Life,VARDA
10.1111/j.1540-8159.1996.tb03242.x,"KANOUPAKIS, EMMANUEL G. ZURIDAKIS, EMMANUEL I. SKALIDIS, and PANOS E. VARDAS From the Cardiology Department, Heraklion University Hospital,",Pacing and Clinical Electrophysiology,Effect of Transdermal Scopolamine on Heart Rate Variability in Patients with Severe Coronary Heart Disease,VARDA
10.1111/dmcn.12778_3,"SEGEL*, HILLA BEN-PAZI*, SHARON ZELIGSON, AVIVA FATAL-VALEVSKI, ADI ARAN, VARDA GROSS-TSUR, NIRA SHNEIBAUM, DORIT SHMUELI, DORIT LEV, SHIRA PERLBERG,",Developmental Medicine & Child Neurology,Adaptive seating systems in children with severe cerebral palsy across ICF-CY domains: a systematic review,VARDA
10.1111/dmcn.12778_2,"SEGEL*, HILLA BEN-PAZI*, SHARON ZELIGSON, AVIVA FATAL-VALEVSKI, ADI ARAN, VARDA GROSS-TSUR, NIRA SHNEIBAUM, DORIT SHMUELI, DORIT LEV, SHIRA PERLBERG,",Developmental Medicine & Child Neurology,Going around in circles: evaluation of the Wizzybug loan scheme,VARDA
10.1111/j.0954-6820.1865.tb00019.x,"framglng kronta bemodanden att hoja den obstetriska lakarebildningen iiro varda allt erkdnnande, sf inlade han likval en annu storre fortjenst",Medicinskt Archiv,"Om Allmänna Barnbördshuset i Stockholm och den dermed i samband stäende Obstetriska undervisningen, dess uppkomst och utveckling",VARDA
10.1111/j.1540-8159.1999.tb00415.x,"KANAKARAKI, M.E. MARKETOU, F.I. PARTHENAKIS, E.M. KANOUPAKIS, and P.E. VARDAS From the Cardiology Department, University Hospital of Heraklion,",Pacing and Clinical Electrophysiology,Impact of Chronic DDD Pacing on Time-Domain Indexes of Heart Rate Variability in Patients with Hypertrophic Obstructive Cardiomyopathy,VARDA
10.1111/j.1540-8159.1998.tb01187.x,"PARTHENAKIS, MARINA K. KANAKARAKI, EMMANOUEL M. KANOUPAKIS, and PANOS E. VARDAS From the Cardiology Department, Heraklion University Hospital,",Pacing and Clinical Electrophysiology,QT Variability Before and After Episodes of Nonsustained Ventricular Tachycardia in Patients with Hypertrophic Cardiomyopathy,VARDA
10.1111/j.1545-5300.2012.01388.x,Couple-Focused Intervention for Health-Compromised Smokers MICHAEL J. ROHRBAUGH* VARDA SHOHAM* JANE A. SKOYEN* MICHAELINE JENSEN† MATTHIAS R. MEHL* We,Family Process,"We-Talk, Communal Coping, and Cessation Success in a Couple-Focused Intervention for Health-Compromised Smokers",VARDA
10.1111/j.1365-2621.1977.tb01213.x,"Div. of Food  VARDA KAHN Technology, Agricultural Research Organization The Volcani",Journal of Food Science,SOME BIOCHEMICAL PROPERTIES OF POLYPHENOLOXIDASE FROM TWO AVOCADO VARIETIES DIFFERING IN THEIR BROWNING RATES,VARDA
10.1080/00343404.2012.672727,"the network that shape actors’ behaviours and responses (DE LEON and VARDA, 2009). Measuring effectiveness in policy networks Measuring the",Regional Studies,Managing Complexity and Uncertainty in Regional Governance Networks: A Critical Analysis of State Rescaling in England,VARDA
10.1111/j.1545-5300.2009.01267.x,"Further Evidence of ‘‘Symptom-System Fit’’? MICHAEL J. ROHRBAUGH, PH.D. nw VARDA SHOHAM, PH.D. n EMILYA. BUTLER, PH.D.w BRANT P. HASLER, PH.D.",Family Process,Affective Synchrony in Dual- and Single-Smoker Couples: Further Evidence of “Symptom-System Fit”?,VARDA
10.1002/pd.1970080911,"Wanders et al. (1988), adapted to amniotic cells and CV. The amniotic cell  VARDA BARASH*O, RLY ELPELEGT, RUTHSHEFFERH$,ANNAM A N D E L ~ and RONALJD.A.",Prenatal Diagnosis,Measurement of 3-hydroxy-3-methylglutaryl-CoA lyase activity in amniotic cells and in chorionic villi,VARDA
10.1111/j.1745-4514.1990.tb00832.x,TERT-BUTYLCATECHOLQUINONEONTHERATEOF DL-DOPA OXIDATION BY MUSHROOM TYROSINASE' VARDA KAHN Department of Food Science Agricultural Research Organization The,Journal of Food Biochemistry,SYNERGISM EXERTED BY 4-TERT-BUTYLCATECHOL AND TERT-BUTYLCATECHOL QUINONE ON THE RATE OF DL-DOPA OXIDATION BY MUSHROOM TYROSINASE,VARDA
10.1111/j.1745-4514.1996.tb00555.x,"2,4,5-TRMYDROXYBUTYROPHENONE(2,4,5-THBP) ON THE RATE OF DL-DOPA OXIDATION BY MUSHROOM TYROSINASEl VARDA KAHN and VARDA ZAKIN Department of Food Science",Journal of Food Biochemistry,"EFFECT OF 2,3,4-TRIHYDROXYACETOPHENONE (2,3,4-THAP) AND 2,4,5-TRIHYDROXYBUTYROPHENONE (2,4,5-THBP) ON THE RATE OF DL-DOPA OXIDATION BY MUSHROOM TYROSINASE",VARDA
10.1080/00233607808603914,"livet i stadskärnan styr ombyggnaden. - AT. 224. Cronstedt, Rudolf, Att varda och vidareanvända forsvarets hus  Arkitekttidningen 1975:14, s.",Konsthistorisk tidskrift/Journal of Art History,Svensk kunsthistorisk bibliografi 1975,VARDA
10.1016/0038-0717(87)90009-5,"Kjeidahf digests. Soil nitrate was determined by distillation with De varda’s alloy, of 2 MKCf extracts. ‘*N analyses were performed using",Soil Biology and Biochemistry,The effect of defoliation on growth and N2 fixation by Medicago sp. Grown alone or with ryegrass,VARDA
10.1016/0042-6822(80)90330-X,"28  TWEETEN,  KATHLEEN  A., 104,  514  U UEDA, M., 101, 440 UETAKE, HISAO, 105, 328 USIELI, VARDA, 102, 226  V  VAIDYA, AKHIL B., 103, 167, 104,  279  VALLBRACHT,  ANGELIKA,  107,  452  VAN",Virology,Cumulative author index for volumes 100–107,VARDA
10.1016/0042-6822(80)90118-X,"reserved.   478 TOOTHMAN, PENELOPE, 133, 147, 161 TROXLER, DAVID H., 28 U USIELI, VARDA, 226 V VAN GRIENSVEN, L. J. L. D., 234 VEACH, RUTH ANN, 370 VERMA,",Virology,Author index for volume 102,VARDA
10.1016/S0008-8749(75)80062-1,Antigen-induced MIF Production by Guinea Pig Immune Lymphocytes in Vitro (2/4/75). VARDA ROTTER AND NATHAN TRAININ. Elimination of Suppressor T-Cells in,Cellular Immunology,Papers to appear in forthcoming issues,VARDA
10.1111/j.1540-8159.1996.tb03243.x,"ZURIDAKIS, AMALIA T. ROMBOLA, STAVROS I. GHRYSOSTOMAKIS, and PANOS E. VARDAS From the Cardiology Department, Heraklion University Hospital,",Pacing and Clinical Electrophysiology,Is There Increased Sympathetic Activity in Patients with Mitral Valve Prolapse?,VARDA
10.1080/05786967.2013.11834731,"afra sufas-dar da§ta ve vay mast-e carda ve sar..._,o aCika te dal-a varda farmuni-pac-a-ma patame daso farmuni-pac-a-ma nistami harso da§o",Iran,The Caspian Dialect of Kujūr in the Central Alborz,VARDA
10.1080/00233604908603464,"bli huvudsak, huvuduppgift. Huvuduppgiften för museet skall vara att varda och visa sina egna samlingar, tid efter annan okade med fullödiga",Konsthistorisk Tidskrift/Journal of Art History,Museernas uppgift,VARDA
10.1111/famp.12202,"Alcohol Use KELLY E. RENTSCHER* EMILY C. SORIANO† MICHAEL J. ROHRBAUGH*,‡ VARDA SHOHAM* MATTHIAS R. MEHL* Communal coping—a process in which romantic",Family Process,"Partner Pronoun Use, Communal Coping, and Abstinence during Couple-Focused Intervention for Problematic Alcohol Use",VARDA
10.1111/j.1745-4514.1996.tb00575.x,"D R O X N O (~2,4,5-THBP) AS A SUBSTRATE FOR HORSERADISH PEROXIDASE' VARDA KAHN and VARDA ZAKIN Department of Food Science",Journal of Food Biochemistry,"2,4,5-TRIHYDROXYBUTYROPHENONE (2,4,5-THBP) AS A SUBSTRATE FOR HORSERADISH PEROXIDASE",VARDA
10.1111/j.1745-4514.1990.tb00824.x,"Biology, The Pennsylvania State Unit,ersih, University Park, PA 16802. and VARDA KAHN2 Department of Food Science, Agricultural Research Organization, The",Journal of Food Biochemistry,ABILITY OF VARIOUS CHEMICALS TO REDUCE COPPER AND TO INACTIVATE MUSHROOM TYROSINASE,VARDA
10.1111/j.1745-4514.1999.tb00028.x,OXIDATION OF 0-DIHYDROXY- AND TRIHYDROXYPHENOLS BY MUSHROOM TYROSINASE VARDA KAHN Department of Food Science Agricultural Research Organization The,Journal of Food Biochemistry,EFFECT OF ACETOHYDROXAMIC ACID (AHA) AND SALICYLHYDROXAMIC ACID (SHAM) ON THE OXIDATION OF o-DIHYDROXY- AND TRIHYDROXYPHENOLS BY MUSHROOM TYROSINASE,VARDA
10.1111/j.1365-2621.1976.tb14378.x,",Div. of Food  VARDA KAHN Technology, Agricultural Research Organization The Volwni",Journal of Food Science,EFFECT OF SOME PHENOLIC COMPOUNDS ON THE OXIDATION OF 4-METHYL CATECHOL CATALYZED BY AVOCADO POLYPHENOLOXIDASE,VARDA
10.1046/j.1460-9592.2002.01061.x,"SKALIDIS, EMMANUEL N. SIMANTIRAKIS, STAVROS I. CHRYSOSTOMAKIS, and PANOS E. VARDAS From the Cardiology Department, University Hospital of Heraklion,",Pacing and Clinical Electrophysiology,Electrocardiographic Appearance of Old Myocardial Infarction in Paced Patients,VARDA
10.1080/00253359.1921.10655036,"'Varnaggel' means 'guarding-nail or pin,'  and is compounded of O.N. 'varda,' to guard or protect, and  'nagli,' pin-etym. Engl. 'nail.' ""  I",The Mariner's Mirror,SHETLANDIC FISH HOOKS,VARDA
10.1007/BF02265330,"ASSAY FOR DETECTION OF ANTIBODIES AGAINST BESNOITIA BESNOITI IN CATTLE VARDA SHKAP1, HANNA UNGAR-WA~RON1, E. PIPANO 1 and C. GREENBLATr ~ Kimron",Tropical Animal Health and Production,Enzyme linked immunosorbent assay for detection of antibodies againstBesnoitia besnoiti in cattle,VARDA
10.1016/j.jand.2016.07.027,"TROCKE http://dx.doi.org/10.1016/j.jand.2016.07.027  Georgia—JUDITH H. BODNER, BONNIE S. HUTCHINSON, TERAH CULLEN MORRIS, VIRGINIA A. VARDA Hawaii—ELSIE S. OTA, PAULINE S. SUMIDA Illinois—MARGARET W. JURGENS,",Journal of the Academy of Nutrition and Dietetics,Members Celebrate 50 Years with the Academy,VARDA
10.1111/j.0954-6820.1882.tb01269.x,"medgifver den principieln riktigheten af att sinnessjuka straffilngar skulle vardas siirskildt for sig i sjukvlrdsafdelningar, som vore annex till",Nordiskt Medicinskt Arkiv,Nordisk medicinsk literatur från år 1881,VARDA
10.1002/jcp.1041570211,"Cycle Activity and Expression of Prohibitin mRNA  A. JANE 1. ROSKAMS, VARDA FRIEDMAN, CARLA M. W O O D , LISA WALKER, GARRISON A. OWENS, D",Journal of Cellular Physiology,Cell cycle activity and expression of prohibitin mRNA,VARDA
10.1111/j.1540-8159.1990.tb02078.x,"Unexplained Syncope ADAM P. FITZPATRICK, CHRISTOPHER M. TRAVILL, PANOS E. VARDAS, WILLIAM N. HUBBARD. ANGUS WOOD, ANN INGRAM, and RICHARD SUTTON From",Pacing and Clinical Electrophysiology,Recurrent Symptoms after Ventricular Pacing in Unexplained Syncope,VARDA
10.1111/amet.12630,"You must show the skills that were relevant in that most recent job. VARDA. And what isn’t relevant, then I just erase it? MOIRA. Sadly,",American Ethnologist,"Employing the CEO of Me, Inc.: US corporate hiring in a neoliberal age",VARDA
10.1139/p66-138,"electrical s ~ ~ p p liyndustry, edited by J. 5. Forrest, 1'. R. I-Io~varda, nd D. J. Littler (Butterworth, London), pp. 553-564. I-Ie.ir.~R,",Canadian Journal of Physics,MEASUREMENTS OF ANISOTROPIC PLASMAS USING A TURNSTILE MULTIPLE-PROBE POLARIMETER,VARDA
10.1139/b67-052,"sub-  merged in agar.  FIG. 32. Portion of young hypha with both o~rt\varda n d baclcward directed branches.  Living, on agar.  NOTE: Figs.",Canadian Journal of Botany,"TRICHOSPORONOIDES OEDOCEPHALIS N. GEN., N. SP: I. MORPHOLOGY, DEVELOPMENT, AND TAXONOMIC POSITION",VARDA
10.1016/0024-3205(82)90059-5,"OSTWALDand D.H. MACLENNAN J. Bio-T. Chem. 249, 5867-5871 (1974). 56. P. VARDAS, S. WASI, H.Z. MOVATand J.B. HAY Nature 293, 583-585 (1981).",Life Sciences,Calcium binding proteins and cellular regulation,VARDA
10.1111/j.1745-4514.2000.tb00709.x,"SALICYLHYDROXAMICACID (SHAM) ON DL-DOPA OXIDATION BY MUSHROOM TYROSINASE AND BY NaIO, VARDA KAHN and VARDA ZAKIN Department of Food Science",Journal of Food Biochemistry,EFFECT OF SALICYLHYDROXAMIC ACID (SHAM) ON DL-DOPA OXIDATION BY MUSHROOM TYROSINASE AND BY NaIO 4,VARDA
10.1111/j.1745-4549.1985.tb00694.x,POLYSTYRENE PACKAGING MATERIALS INTO FOOD SIMULANTS JOSEPH MILTZ and VARDA ROSEN-DOODY' Department of Food Engineering and Biotechnology,Journal of Food Processing and Preservation,MIGRATION OF STYRENE MONOMER FROM POLYSTYRENE PACKAGING MATERIALS INTO FOOD SIMULANTS,VARDA
10.3846/13921541.2011.591484,statybos dirbtuvių būta antrapus Nemuno ties Kaunu – nuo to ir Aleksoto vardas atsiradęs. Ne visas nuo Kauno iki Dancigo vandens kelias buvo,Geodesy and Cartography,Lietuvos Keliai Senuosiuose Žemėlapiuose,VARDA
10.4073/csr.2013.7,"family therapy. Retrieved August 2012 from http://www.u.arizona.edu/~varda/FRL/Abstracts/Shachar.pdf Szapocznik, J., & Williams, R. A. (2000).",Campbell Systematic Reviews,Brief Strategic Family Therapy (BSFT) for Young People in Treatment for Non‐Opioid Drug Use: A Systematic Review,VARDA
10.1080/13921843.1994.10553267,"mokslt,~ kandidato laipsnis. 1963 m. I.Liesiui suteikiamas mokslinis docento vardas. 19fi3 1969 m. doc. I.Liesis vadovavo geodezijos katedrai, vёliau",Geodezijos Darbai,Kronika,VARDA
10.1002/neu.480251109,".Dcv. Bruin Rex 7 5 3 1-37. NAKAGAWARAA, ,, ARIMA-NAKAGAWARAM, ., SCA- VARDA, N. J., AZAR, c.G., CANTORA, . B., and BRO- DEUR, G. hl.( 1993).",Journal of Neurobiology,Neurotrophic factor therapy for nervous system degenerative diseases,VARDA
10.1111/j.1151-2916.1938.tb15752.x,"values from their insoluble minerals. GIUSEPPE DE  16, 1935).  G.M.H. VARDA. U. S. 2,104,295, Jan. 4, 1938 (Oct. 12, 1934).  Manufacture of",Journal of the American Ceramic Society,CERAMIC ABSTRACTS,VARDA
10.1002/hep.23972,"1420, 1423  DEUFFIC-BURBAN, SYLVIE  750  DEUTSCH, MELANIE  1007  DEUTSCH, VARDA  1702  DEV, ANOUK  1791  DEVEAUX, VANESSA  1525  DEVEREAUX, MICHAEL",Hepatology,Author index,VARDA
10.1080/00233603808603283,"intresserat välvilligt som pittoreska staffagefigurer eller som varelser, varda att karikeras, som ""lustiga djur"". De målade också för sina kunder",Konsthistorisk Tidskrift/Journal of Art History,Litteratur,VARDA
10.1016/S0002-9378(01)80324-0,"GALIT SHEFFER-MIMOUNI MDt, SHAUL DOLLBERG MD2, MICHAEL KUPFERMINC MDt, VARDA DEUTSCH PHD:~,  Wood Johnson Medical School/Saint Peter's University",American Journal of Obstetrics and Gynecology,291 Risk of fetal death in singleton gestations in the United States: Are extremes of maternal age an indication for antepartum testing?,VARDA
10.1080/00210860903306010,"make do with the less desirable, bearded wine server (sa¯qı¯-yi rı¯sh-a¯varda).78 4. The Turk as aggressor. In an anecdote mentioned earlier,",Iranian Studies,To be Feared and Desired: Turks in the Collected Works of ‘Ubayd-i Zākānī,VARDA
10.1016/0277-9536(95)00215-4,"HEALTH BEHAVIOURS AND PSYCHOLOGICAL DISTRESS IN HIGH AND LOW RISK AREAS IN ISRAEL VARDA SOSKOLNE, MARIO BARAS, HAVA PALTI and LEON EPSTEIN Department",Social Science & Medicine,"Exposure to missile attacks: The impact of the Persian Gulf War on physical health, health behaviours and psychological distress in high and low risk areas in Israel",VARDA
10.1111/j.1095-8312.2001.tb01393.x,"Koch. SERGE1 VOLIS',2*,BAHTIYOR YAKUBOV3T, IRINA SHULGINA', DAVID WARD2$, VARDA ZUR' and SAMUEL MENDLINGER' The Institutes for Applied Research,",Biological Journal of the Linnean Society,"Tests for adaptive RAPD variation in population genetic structure of wild barley, Hordeum spontaneum Koch.",VARDA
10.1111/dmcn.12182,"Prader–Willi syndrome: experience of a national referral centre TAL GILBOA1 | VARDA GROSS-TSUR1,2 1 Child Neurology Unit, Shaare Zedek Medical Center,",Developmental Medicine & Child Neurology,Epilepsy in Prader-Willi syndrome: experience of a national referral centre,VARDA
10.1111/dmcn.13321,"infants with hemiplegia: a randomized trial RENA CHAMUDOT1, SHULA PARUSH1, VARDA GROSSTSUR2 1School of Occupational Therapy, Faculty of Medicine,",Developmental Medicine & Child Neurology,Orthopedics,VARDA
10.1111/dmcn.13322,"infants with hemiplegia: a randomized trial RENA CHAMUDOT1, SHULA PARUSH1, VARDA GROSSTSUR2 1School of Occupational Therapy, Faculty of Medicine,",Developmental Medicine & Child Neurology,Infants,VARDA
10.1016/0020-708X(78)90126-6,"through-out the dis-   756  Technical notes  N- 13 AMMONIA PRODUCTION  PUNP  De VARDA's WASTE ALLOY  iATc0LLEcT,0. 'METERING PUMP  FIG. 4. Apparatus",The International Journal of Applied Radiation and Isotopes,"The synthesis of 13N labeled ammonia, dinitrogen, nitrite, and nitrate using a single cyclotron target system",VARDA
10.1111/pace.12662,"HERCULES E. MAVRAKIS, M.D., PH.D.,* NIKI E. MALLIARAKI, M.D.,† and PANOS E. VARDAS, M.D., PH.D.* From the *Department of Cardiology; and †Laboratory",Pacing and Clinical Electrophysiology,Electrophysiological and Electroanatomical Mapping of the Right Atrium in Persistent Atrial Fibrillation: Relation to Collagen Turnover,VARDA
10.1111/j.1467-9582.1993.tb00837.x,"However, impersonal se in Paduan does not license be at ak4* (47) El se ze varda. (‘he refl. is looked-at’) (48) Se ga balk tuta la note. (‘refl.",Studia Linguistica,TOWARD A MODULAR THEORY OF AUXILIARY SELECTION,VARDA
10.1111/j.1365-2621.1987.tb05896.x,Characterization of Starch Isolated from Avocado Seeds VARDA KAHN  ABSTRACT Starch granules of avocado seedswere oval shaped,Journal of Food Science,Characterization of Starch Isolated from Avocado Seeds,VARDA
10.1016/B978-0-08-042276-3.50020-3,"17 Features of the Trophic Action of Polya mines GAD M. GILAD and VARDA H. GILAD  Neuropsychiatry  Branch,  Washington, DC 20032,  NIMH",Trophic Regulation of the Basal Ganglia,Features of the Trophic Action of Polyamines,VARDA
10.1007/BF02859131,"branch angle. Southeast. For. Exp. Sta., Research Note No. 167, 2 pp. VARDA•, Y. 1953. Study of the auxin factor in epinastic and hyponastie",The Botanical Review,Formation and function of compression wood in gymnosperms,VARDA
10.1111/j.1550-7408.1992.tb01311.x,"r n  c a l v e s f e d colostrum. HANNA B I N , EUGENE P I P A N O , VARDA  SHKAP, YURI KRIGEL a n d SHOSHANA FRANKENBURG,  Parasitology",The Journal of Protozoology,ABSTRACTS,VARDA
10.3133/pp545C,18 inches. Figure 16 shows that lateral displace~nentsand slumping to~varda frec face occurred with inovement to the right. Fractures normal,Professional Paper,"Effects of the earthquake of March 27, 1964, on the Alaska highway system: Chapter C in The Alaska earthquake, March 27, 1964: effects on transportation, communications, and utilities",VARDA
10.1080/00253359.1934.10655733,"Qyesta nave sera la merchandantia. S' ti vol saver butar el chostado, varda chomo son questa e poi ti fara anche ti.  These are the measures",The Mariner's Mirror,VENETIAN NAVAL ARCHITECTURE about 1550,VARDA
10.1016/S0950-3536(89)80030-7,"University of Sydney, Westmead Hospital, Westmead, NSW 2145, Australia. VARDA DEUTSCH PhD, Research Associate, Department of Hematology, Hadassah",Baillière's Clinical Haematology,Contributors to this issue,VARDA
10.2752/175169713X13673499387082,"tundra, and the White Sea.  Keywords: Arctic, cairn, inuksuit, seid, varda, hakur, navigation, simulacra, stone construction  Introduction",Time and Mind,"Stone Cairns and Simulacra: Navigation, Folklore, and Tradition in the Arctic",VARDA
10.1080/03585522.1985.10408051,"consumption in the 19th and 20th centuries.) S. 27. Kurki, Hannele, ""Att varda myndig forklarad och beriittigad att sitt gods sjelf varda",Scandinavian Economic History Review,"Select bibliography of contributions to economic and social history appearing in Scandinavian books, periodicals and year-books, 1984",VARDA
10.1111/j.0954-6820.1869.tb00011.x,"elilnde. I ruinmet bredvid de starropererade, nAgon gAng i samma sal, vArdas de andre utvgrtes patienterna, betjenas af samma personal och",Nordiskt Medicinskt Arkiv,Om. orsakerna till Starrextraktioners misslyckande,VARDA
10.1080/00043079.1966.10790216,parte de driedo Quatro balconl conrespondenll a quelli Sono falli che varda sopra la corte predilla perho hanno rechiesto el mageo ms. Marin,The Art Bulletin,Titian's Ceiling in the Scuola Di San Giovanni Evangelista,VARDA
10.1016/S0002-9378(02)80053-9,"ASTHMATIC MOTHERS. GALIT SHEFFER-MIMOUNI1, YOAV LITTNER2, DROR MANDEL2, VARDA DEUTSCH3, SHAUL DOLLBERG2, FRANCIS MIMOUNI2, 1Lis Maternity Hospital,",American Journal of Obstetrics and Gynecology,POSTER SESSION IV,VARDA
10.1016/0040-1951(88)90083-2,(C.  COSTABELLA  MAERINS  COL RODELLA I”  r  7  S NICOLO  CONTRIN  VERNEL  FEDAIA  SOURA SASS  VARDA  ALTIF? DI CHERZ II”  Km 1-0.5  9~lOpjg-j  11  12pj7  13(]  Fig.,Tectonophysics,The Middle Triassic magmatic-tectonic arc development in the Southern Alps,VARDA
10.1016/0008-8749(90)90121-7,"Graft-vs-Host Splenocytes FRANCESCA LEVI-SCHAFFER,* YOSEPH A. MEKORI,~ VARDA SEGAL,* AND HENRY N. CLAMAN* *Department ofPharmacology, The Hebrew",Cellular Immunology,Histamine release from mouse and rat mast cells cultured with supernatants from chronic murine graft-vs-host splenocytes,VARDA
10.1016/S0035-9203(01)90015-X,"12.0 10.3 13.0 5.4 4.6 1.0 1.1 16.5 0.7 3.3 1.3 0.7   496 et al., 1998; VARDAS et al., 1999). No evidence supporting a role for sexual transmission",Transactions of the Royal Society of Tropical Medicine and Hygiene,"Hepatitis B and C infections, human immunodeficiency virus and other sexually transmitted infections among women of childbearing age in Côte d'Ivoire, West Africa",VARDA
10.1111/j.1399-3054.1979.tb01692.x,"Particulate-Bound Polyphenol Oxidase in Avocado  Mesocarp  : •,  OSNAT SHARON and VARDA KAHN Division of Food Technology, Agricultural Research Organization,",Physiologia Plantarum,The Intracellular Location of Particulate-Bound Polyphenol Oxidase in Avocado Mesocarp,VARDA
10.1046/j.1365-2141.1998.01055.x,"procedure MARJORIE PICK,1 ARNON NAGLER,3 DAN GRISARU,2 AMIRAM ELDOR1 AND VARDA DEUTSCH1 1The Haematology Institute and 2Department of Obstetrics",British Journal of Haematology,Expansion of megakaryocyte progenitors from human umbilical cord blood using a new two-step separation procedure,VARDA
10.1111/j.0954-6820.1876.tb00676.x,"samt den exercis med firrbinderivagnar m, m. dylikt, hvilket alt kan varda anordnadt af v e d e r b h n d e bef%l.   UNDERVISNIRGS- OCH MEDICINALVASENDEU",Nordiskt Medicinskt Arkiv,"Kortfattet Fremstilling af de Forandringer, som fra 1873 til 1876 ere foregåede med Hensyn til det medicinske Undervisnings- og Examensväsen og med Hensyn til Medicinalforholdenes administrative Ordning i Danmark, Sverge og Norge",VARDA
10.1080/00141844.1992.9981444,"intact, inviolate, protected, pure, sacred, immune, safe, secure. Ad varda meant ""to warrant, guarantee, answer for"". To vardamuch or little",Ethnos,Law and literature in medieval iceland*,VARDA
10.1111/j.1365-2923.1983.tb00659.x,"of repeated student failure S. D. MOULOPOULOS, D. A. SIDERIS AND P. E. VARDAS Department of Clinical Therapeutics, School of Medicine, Athens",Medical Education,Difficulty and discrimination capacity of examinations estimated on the basis of repeated student failure,VARDA
10.1111/jgh.12363_3,"increases detection rate of gastric and colorectal cancers Presenting Author: VARDA SHALEV Additional Authors: YARON KINAR, NIR KALKSTEIN, PINCHAS",Journal of Gastroenterology and Hepatology,Print Only,VARDA
10.1080/0309190031000111380,"G., LEES, P., KANOUPAKIS, E., IGOUMENIDIS, E., CHLOUVERAKIS, G., and VARDAS, P., 1997, Reproducibility of time domain indexes of heart rate",Journal of Medical Engineering & Technology,Reproducibility of heart rate variability from short-term recordings during five manoeuvres in normal subjects,VARDA
10.3109/08039489609081398,"21. Hansson L. VArdmilio for usvkotiska uatienter. Undersokning vid en"" vArda;d&ing i fund. (In Swedish) IFS Bull 1991 (2):6-17. 22. Caplan",Nordic Journal of Psychiatry,The ward atmosphere of a psychiatric day care unit on the basis of occupational therapy: Characteristics and development during a 5-year period,VARDA
10.1016/S0006-3495(87)83246-0,"NERVOUS SYSTEM MYELINATED AXONS REVEALED BY THE CALCIUM INDICATOR FURA-2 VARDA LEv-RAM* AND AMIRAM GRINVALD*$ *Department ofNeurobiology, the",Biophysical Journal,Activity-dependent calcium transients in central nervous system myelinated axons revealed by the calcium indicator Fura-2,VARDA
10.1080/00806767708600717,"slavėnų senovė, Tauta ir žodis 1, Kaunas 1923, 30: Latvių žemės gyv. vietos vardas Muna . . . gali būti suomiškas : suom.. muna ""kiaušis"".) 7 Darauf,",Scando-Slavica,Zur deutung einiger nordkurländischer ortsnamen,VARDA
10.1111/j.1540-8159.1997.tb06800.x,"INTRODUCTION Europace '97: An Organizer's Eye View PANOS K. VARDAS i ' l u m I I H ! (:L!r-ilinln<^\ iJiiparliiifiit, I•ni\Ti;siiv",Pacing and Clinical Electrophysiology,Europace'97: An Organizer's Eye View,VARDA
10.3109/08039489309096695,"stimuli staller p i en finns tillgangliga, och 3) dessa krau ar utmaningar, varda investering och engagemang.>>Det salutoeenetiska synssattet ger",Nordic Journal of Psychiatry,Salutogenesis — protective factors for individuals brought up in a high-risk environment with regard to the risk for a psychiatric or social disorder,VARDA
10.1111/j.1745-4514.1994.tb00514.x,KOJIC ACID ON THE OXIDATION OF TRIHYDROXYPHENOLS BY MUSHROOM TYROSINASE' VARDA KAHN2 and VARDA ZAKIN Department of Food Science,Journal of Food Biochemistry,EFFECT OF KOJIC ACID ON THE OXIDATION OF TRIHYDROXYPHENOLS BY MUSHROOM TYROSINASE,VARDA
10.1111/j.1365-2621.1983.tb05107.x,"Activities: _ Comparison Between Six Avocado Cultivars OSNAT SHARON-RABER and VARDA KAHN  ABSTRACT Enzymatic activites (polyphenoloxidase, catalase",Journal of Food Science,"Avocado Mesocarp; Browning Potential, Carotenoid Content, Polyphetiol Oxidase, Catalase and Peroxidase Activities: Comparison Between Six Avocado Cultivars",VARDA
10.1111/j.0954-6820.1865.tb00018.x,"Ragnilda Halso-Brunn m&  tned en skicklig IMedicinae Doctor, sisom Intendent varda forsedd.  Hvilket vederborande till underdinig efterrattelse lander.",Medicinskt Archiv,Vattenkuranstalten i Söderköping,VARDA
10.1111/j.1550-7408.1965.tb01837.x,"and a Bleached Euglena gracilis*  JACOB J. BLUM, JOACHIM R. SOMMER and VARDA KAHN Department of Physiology arid Pathology, Duke Gniversity",The Journal of Protozoology,"Some Biochemical, Cytological, and Morphogenetic Comparisons Between Astasia longa and a Bleached Euglena gracilis *",VARDA
10.1007/BF00039339,"right where the best are to be found, while  Famlkx . Monoculture 1968  VarDa  in cm2  180  170 014 012  011  01  160  013  015  04  018  019  150",Euphytica,The evaluation of selections of white clover (Trifolium repens L.) inmonoculture and in mixture with grass,VARDA
10.1111/j.1745-4514.2000.tb00039.x,"AND-3,4DIHYDROXYPHENYLACETICACID AS SUBSTRATES FOR MUSHROOM TYROSINASE VARDA KAHN, NOAH BEN-SHALOM and VARDA ZAKIN Department",Journal of Food Biochemistry,"p-HYDROXYPHENYLACETIC ACID AND-3,4-DIHYDROXYPHENYLACETIC ACID AS SUBSTRATES FOR MUSHROOM TYROSINASE",VARDA
10.1111/j.1540-8159.1998.tb01165.x,"FRAGISKOS L PARTHENAKIS, EMMANUEL G. MANIOS, EMMANUEL MARKIANOS, and PANOS E. VARDAS From the Cardiology Department, University Hospital of Heraklion,",Pacing and Clinical Electrophysiology,The Effect of DDD Pacing on Ergospirometric Parameters and Neurohormonal Activity in Patients with Hypertrophic Obstructive Cardiomyopathy,VARDA
10.1111/j.1540-8159.1996.tb04195.x,"COLUMN A Computer Database for a Cardiology Clinic p. J. LEES and P. E. VARDAS From the Computer Section, Cardiology Department, University",Pacing and Clinical Electrophysiology,A Computer Database for a Cardiology Clinic,VARDA
10.1111/j.1540-8159.1997.tb06801.x,"Selection Process  PHILIP J. LEES, GREGORY GHLOUVERAKIS, AND PANOS E. VARDAS From the Computer Section, Cardiology Department, University",Pacing and Clinical Electrophysiology,Marks and Angles: Views on the Abstract Selection Process,VARDA
10.1080/21658005.2014.884308,Medicinos fakulteto Histologijos auditorijai suteiktas P. B. Šivickio vardas (įkurta vardinė P. B. Šivickio auditorija). Akademiko P. B. Šivickio,Zoology and Ecology,Žaiginio Pranciškaus Šivickio mokykla ir jos ryšiai su Ekologijos instituto mokslininkais,VARDA
10.1002/ijch.196500059,"between  MICHAEL CAIS  cymantrene and N-bromosuccinimide  POLES, L. A., VARDA USIELI  The reaction of cyclic sulfites with magnesium halides  and",Israel Journal of Chemistry,Proceedings of the XXXV Meeting of the Israel Chemical Society,VARDA
10.1080/00233608808604200,Slöjdföreningen planerade anda uppföran- på Wilhelm Bergs initiativ ansågs varda att införliva med det av en ny skolbyggnad. Stadsfullmäktige biföll,Konsthistorisk Tidskrift/Journal of Art History,Röhsska konstslöjdmuseets tillkomst och första donatorer,VARDA
10.1111/j.1540-8159.2000.tb07044.x,"CHRYSOSTOMAKIS, HERCULES E. MAVRAKIS, MICHAIL D. KALEBOUBAS, and PANOS E. VARDAS From the Cardiology Department, University Hospital of Heraklion,",Pacing and Clinical Electrophysiology,"Amiodarone, Sotalol, or Propafenone in Atrial Fibrillation: Which Is Preferred to Maintain Normal Sinus Rhythm?",VARDA
10.1016/0304-4203(96)00034-5,See text.   218 K.-K. Liu et al. /Marine Chemistry 54 (1996) 273-292  varda’s alloy at a yield of 93%. This is consistent with the findings,Marine Chemistry,The nitrogen isotopic composition of nitrate in the Kuroshio Water northeast of Taiwan: evidence for nitrogen fixation as a source of isotopically light nitrate,VARDA
10.1016/j.annepidem.2006.10.013,"Several Global Patterns and Different Etiologies GABRIEL CHODICK, PHD, VARDA SHALEV, MD, IRIS GOREN, MD, AND PETER D. INSKIP, SCD  PURPOSE:",Annals of Epidemiology,Seasonality in Birth Weight in Israel: New Evidence Suggests Several Global Patterns and Different Etiologies,VARDA
10.1111/j.1467-9582.1954.tb00503.x,to’  N  ‘flail’  G  ‘blunt’  G  ‘to curtail’ Prs. sg. 1  ‘verse’  G  rugGa kolGa tarGa konDi aiDiZ varDa toinBi kiirBin v6rZi  N P rd2kka -N P liollikn P tarlrka N P koiitti,Studia Linguistica,On Quantity in Estonian‘,VARDA
10.1111/j.1365-2621.1985.tb13288.x,"o-Dihydroxyphenolase Activity of Polyphenol Oxidase of Mushroom, Avocado, and Banana VARDA KAHN  ABSTRACT Casein hydrolyzate and bovine serum albumin did",Journal of Food Science,"Effect of Proteins, Protein Hydrolyzates and Amino Acids on o-Dihydroxyphenolase Activity of Polyphenol Oxidase of Mushroom, Avocado, and Banana",VARDA
10.1111/j.1745-4514.1997.tb00219.x,"DERIVATIVES ON THE RATE OF DL-DOPA OXIDATION BY MUSHROOM TYROSINASE' VARDA KAHN, NOACH BEN-SHALOM and VARDA ZAKIN Department",Journal of Food Biochemistry,EFFECT OF BENZOIC ACID AND SOME OF ITS DERIVATIVES ON THE RATE OF DL-DOPA OXIDATION BY MUSHROOM TYROSINASE,VARDA
10.1080/09503119208576988,". infra lera mia H, e si e là una lore de piere pizola e redonda che varda de Salamon ala ponta de Milach mia nil de ver levante. Item da",Al-Masaq,The Maltese Toponomy in three ancient Italian portulans (1296–1490) 1,VARDA
10.1016/0042-6822(80)90091-4,"1~0~,245 TOOTHMAN,~ENELOPE,133,147, 161 TROXLER,DAVID H.,28 U USIELI, VARDA, 226 V VANGRIENSVEN,L.J. L. D.,234 VERMA, INDER M.,234 VOGT, MARGUERITE,234",Virology,"Author index for volume 102, number 1",VARDA
10.1111/j.1467-9582.1971.tb00577.x,"form for [vat], vart, ‘became’,the third person singular preterite of varda, ‘become’). If Markey’s base forms without /r/-segments were accepted",Studia Linguistica,OBSERVATIONS ON TEXAS-SWEDISH PHONOLOGY,VARDA
10.1111/j.1467-9582.1969.tb00871.x,"C, e.g. gjort, ‘done’;in other standard usage, the only examples are, varda ‘to become’ (optional) and atiidja ‘hire’ (Cf. Appendix to Data). 116   MORPHOPHONEMICS",Studia Linguistica,MORPHOPHONEMICS OF THE STRONG VERB IN FORMAL LITERARY SWEDISH,VARDA
10.1111/eos.12313,"1667– 1682. 17. ROGUIN A, SCHWITTER J, VAHLHAUS C, LOMBARDI M, BRUGADA J, VARDAS P, AURICCHIO A, PRIORI S, SOMMER T. Magnetic resonance imaging",European Journal of Oral Sciences,Risk of electromagnetic interference induced by dental equipment on cardiac implantable electrical devices,VARDA
10.1080/00233604508603382,"sam ""huruvida detar Boccaccios renassans  gar under namnet romantique varda nagot och icke snarare Aretinos, Tizians och   Tecknaren Bertil",Konsthistorisk Tidskrift/Journal of Art History,Tecknaren bertil lybeck,VARDA
10.1002/jctb.5000190502,"slioultl be iiiipregnnteil witli n:agncsiiitii nitrntc, wliicli is nfter\varda coitvertecl iiito ii spnritigly solithlc doiiblc stilt by cspowre to",Journal of the Society of Chemical Industry,A monthly record for all interested in chemical manufactures: Part 2,VARDA
10.1080/10428190701635528,"proportion of regulatory T cells in the peripheral blood of patients with CLL VARDA R. DEUTSCH, SIGI KAY, YAIR HERISHANU, BORIS TARTAKOVSKY, ELIZABETH",Leukemia & Lymphoma,Abstracts from the XII International Workshop on CLL,VARDA
10.1111/1467-8705.00083,"around parlyaring [chatting ] with our sisters [gay acquaintances ], varda [look at ] the bona cartes [nice genitals ] on the butch homie",Critical Quarterly,Language: Polari,VARDA
10.1002/hep.20929,"K.  1002  MANGIA, ALESSANDRA  85, 849, 1234  MANG, MA M.  549  MANHAIM, VARDA  1190  MANI, ALIREZA  544, LB16  MANNANT, PAUL-REGIS  572  MANN,",Hepatology,Indexes,VARDA
10.1111/j.1745-4514.1994.tb00501.x,"KOJIC ACID ON THE OXIDATION OF O-DIHYDROXYPHENOLSBY MUSHROOM TYROSINASE' VARDA KAHN, PINCHAS LINDNER and VARDA ZAKIN Department",Journal of Food Biochemistry,EFFECT OF KOJIC ACID ON THE OXIDATION OF o-DIHYDROXYPHENOLS BY MUSHROOM TYROSINASE,VARDA
10.1111/j.1550-7408.1991.tb04786.x,"Babesia o v i s i n v i t r o . FELISA GALKEH, EUGENE PIPANO. LEG FISk. VARDA 5HI:AP and ISRAEL YERUHAR. Department of Parasitolouv. The Kimron",The Journal of Protozoology,German Section Society of Protozoologists 9th Annual Meeting,VARDA
10.1111/j.1550-7408.1982.tb04028.x,". 122 Cultivation of Besnoitia besnoiti i n tick cell culture SAMISH, M . , VARDA SHKAP, E . PIPANO & CHANA BIN The Kimron V e t e r i n a r y I",The Journal of Protozoology,"PROGRAM AND ABSTRACTS Thirty-fourth Annual Meeting of the SOCIETY OF PROTOZOOLOGISTS held in conjunction with THE AMERICAN SOCIETY OF ZOOLOGISTS Hyatt Regency Hotel, Dallas, Texas 27-30 December 1981",VARDA
10.1046/j.1460-9592.2001.01827.x,"MARKETOU, EMMANUEL N. SIMANTIRAKIS, EMMANUEL G. MANIOS, and PANOS E. VARDAS From the Cardiology Department, Heraklion University Hospital,",Pacing and Clinical Electrophysiology,Electrical Storm Due to Amiodarone Induced Thyrotoxicosis in a Young Adult with Dilated Cardiomyopathy: Thyroidectomy as the Treatment of Choice,VARDA
10.1111/j.1540-8159.1994.tb03827.x,"During Postural Tilt in Patients with Syncope of Unknown Origin PANOS VARDAS, GEORGE KOGHIADAKIS, ALEXANDROS ORFANAKIS, MIGHAIL KALAITZAKIS,",Pacing and Clinical Electrophysiology,Intraindividual Reproducibility of Heart Rate Variability Before and During Postural Tilt in Patients with Syncope of Unknown Origin,VARDA
10.1111/j.1471-6712.1997.tb00461.x,"attitudes and imitation. Leiden: Brill, 1989: 227-48. 14. Samuelsson M. Att vArda sjalvmordsnara patienter. Studier av sjalvmordsrisk och personalattityder",Scandinavian Journal of Caring Sciences,Nurses' Attitudes to Attempted Suicide Patients,VARDA
10.1002/sce.3730780204,"Hewson, Section Editors  Children’s Concepts about Weight and Free Fall  VARDA BAR, BARBARA ZINN, and RIVKA GOLDMUNTZ The Amos de Shalit Science",Science Education,Children's concepts about weight and free fall,VARDA
10.1007/BF02859133,plasmolyzed basally (Reuter 1953). The normal apical ptasmolysis of Dryopteris varda cells is not affected even if the cell contents are stratified,The Botanical Review,Fern gametophytes as experimental material,VARDA
10.1080/00905992.2017.1354835,"Accessed August 10, 2016. http://nra.lv/  latvija/172817-reirs-latvijas-varda-paraksta-stambulas-konvenciju.htm.  Republic of Latvia Ministry",Nationalities Papers,Negotiating gendered transnationalism and nationalism in post-socialist Latvia,VARDA
10.1111/j.1540-8159.1998.tb00152.x,"ROMBOLA, NIKOS E. IGOUMENIDIS, GREGORY I. GHLOUVERAKIS, and PANOS E. VARDAS From the Cardiology Department, University Hospital of Heraklion,",Pacing and Clinical Electrophysiology,Reproducibility of Tilt Table Testing in Patients With Vasovagal Syncope and Its Relation to Variations in Autonomic Nervous System Activity,VARDA
10.1016/j.annepidem.2009.10.007,"PHD, ANTHONY D. HEYMANN, MBBS, SHIRA FLASH, MSC, EHUD KOKIA, MD, AND VARDA SHALEV, MD PURPOSE: In recent years, there is a growing body of",Annals of Epidemiology,Persistence with Statins and Incident Cataract: A Population-Based Historical Cohort Study,VARDA
10.1046/j.1460-9592.2001.00863.x,"ECTOR, ANTHONY F. RICKARDS, LUKAS KAPPENBERGER, CECILIA LINDE, PANOS VARDAS, ALI OTO, MASSIMO SANTINI, and RICHARD SUTTON, ON BEHALF OF THE",Pacing and Clinical Electrophysiology,The World Survey of Cardiac Pacing and Implantable Cardioverter Defibrillators: Calendar Year 1997 - Europe,VARDA
10.1111/j.1550-7408.1991.tb04787.x,"Babesia o v i s i n v i t r o . FELISA GALKEH, EUGENE PIPANO. LEG FISk. VARDA 5HI:AP and ISRAEL YERUHAR. Department of Parasitolouv. The Kimron",The Journal of Protozoology,Israeli Section Society of Protozoologists,VARDA
10.1016/j.ajog.2003.10.223,"TATIANA NANOVSKAYA1, ILONA NEKHAYEVA1, OLGA  BERG-ASHER1, ARIEL MANY1, VARDA DEUTCH2, JOSEPH LESSING1,  ZHARIKOVA1, GARY HANKINS1, MAHMOUD",American Journal of Obstetrics and Gynecology,Maternal sickle trait is not associated with a decrease in birth weight,VARDA
10.1111/j.1745-4514.1993.tb00469.x,"OF O-DIHYDROXYPHENOLSBY MUSHROOM TYROSINASE AND BY SODIUM PERIODATE' VARDA KAHN, FERNANDO SCHVED and PINCHAS LINDNER Dept. of Food Science,",Journal of Food Biochemistry,EFFECT OF MALTOL ON THE OXIDATION OF o-DIHYDROXYPHENOLS BY MUSHROOM TYROSINASE AND BY SODIUM PERIODATE,VARDA
10.1046/j.1460-9592.2001.01289.x,"KALEBOUBAS, NIKOS E. IGOUMENIDIS, EMMANUEL I. SKALIDIS, and PANOS E. VARDAS From the Cardiology Department, University Hospital of Heraklion,",Pacing and Clinical Electrophysiology,Electrocardiographic Diagnosis of Acute Myocardial Infarction in the Presence of Ventricular Paced Rhythm,VARDA
10.1111/j.1540-8159.1991.tb05084.x,"Natural History of Sinus Node Chronotropy in Paced Patients P.E. VARDAS, A. FITZPATRICK, A. INCRAM, C M . TRAVILL, G. THEODORAKIS, W.",Pacing and Clinical Electrophysiology,Natural History of Sinus Node Chronotropy in Paced Patients,VARDA
10.1002/sctm.15-0327,"Fetal Chorionic Villi Mesenchymal Stem Cells from Human Term Placenta VARDA S. SARDESAI,a ABBAS SHAFIEE,a,b NICHOLAS M. FISK,a,c REBECCA A.",STEM CELLS Translational Medicine,Avoidance of Maternal Cell Contamination and Overgrowth in Isolating Fetal Chorionic Villi Mesenchymal Stem Cells from Human Term Placenta,VARDA
10.1111/j.1745-4514.1991.tb00422.x,"2,3-DIHYDROXYBENZOIC ACID AS A SUBSTRATE FOR MUSHROOM TYROSINASE’** FERNANDO SCHVED and VARDA KAHN3 Department of Food Science Agricultural Research Organization lhe",Journal of Food Biochemistry,"2,3-DIHYDROXYBENZOIC ACID AS A SUBSTRATE FOR MUSHROOM TYROSINASE 2",VARDA
10.1111/j.1745-4514.1998.tb00256.x,"ON THE HYDROXYLATIONOF LTYROSINE AND TYRAMINE BY MUSHROOM TYFtOSINASE' VARDA KAHN', NOAH BEN SHALOM and VARDA ZAKIN Dept.",Journal of Food Biochemistry,EFFECT OF KOJIC ACID ON THE HYDROXYLATION OF L-TYROSINE AND TYRAMINE BY MUSHROOM TYROSINASE,VARDA
10.3846/20297955.2012.679772,"įstatymas (2008-05-08, Nr. 1733). Lotmanas, J.; Uspenskis, B. 2004. Mitas – vardas – kultūra, in Lotman, J. Kultūros semiotika (sud. A. Sverdiolas).",Journal of Architecture and Urbanism,Kultūros paveldo vertinimo metodologinės perspektyvos bendrųjų mokslinių paradigmų kaitos kontekste,VARDA
10.1517/14656566.1.1.81,"10:229-234. 72. KOCHIADAKIS GE, IGOUMENIDIS NE, PARTHENAKIS FI, CHLOUVERAKIS GI, VARDAS PE: Amiodarone versus propafenone for conversion of chronic atrial",Expert Opinion on Pharmacotherapy,Pharmacotherapy of atrial fibrillation,VARDA
10.1080/00437956.1963.11659788,"kal~  Iori i  kala/  (""I lower, you lower,"" etc.)  /mi vardo  ti ti vardi  lu varda  as  noialtri  vard~mo  voialtri  vard~  Iori i  varda/  (""I",<i>WORD</i>,The Segmental Phonemes of Venetian and their Classification,VARDA
10.1111/stul.12127,"and comments. All errors remain my responsibility. 1 The forms vara ti, varda ti, and ara ti are all admitted in the variety under examination.",Studia Linguistica,Italian Discourse Markers: The Case of Guarda te *,VARDA
10.1080/02648725.2006.10648067,"haelnatopoietic cells. Journal ofGene Medicine 6 (6),631-641. N\VANEGBO, E. t VARDAS, E., GAO, W. ET AL. (2004). Prevalence of neutralizing antibodies",Biotechnology and Genetic Engineering Reviews,Development of Group B Adenoviruses as Gene Transfer Vectors,VARDA
10.3109/08039489209103314,"inom psykiatrin, som patient och som terapeut. Dessa synpunkter ar val varda att ta fasta PA. Det ar ocksl mycket gladjande att Nordisk Psykiatrisk",Nordic Journal of Psychiatry,Letters to the editor,VARDA
10.3109/10428199509107908,"Autologous Peripheral Blood Stem Cell Transplantation ARNON NAGLER,’ VARDA R. DEUTSCH.2 GABOR VARADI.1 MARJORIE PICK, AMIRAM ELDOR2 and SHIMON",Leukemia & Lymphoma,Recombinant Human Interleukin-6 Accelerates In-Virto Megakaryocytopoiesis and Platelet Recovery Post Autologous Peripheral Blood Stem Cell Transplantion,VARDA
10.1111/j.1600-0749.1997.tb00475.x,"DL-DOPA,Dopamine, N-Acetyldopamine (NADA), and Norepinephrine by Mushroom Tyrosinase VARDA KAHN AND NOAH BEN-SHALOM Department of Food Science,Agricultural",Pigment Cell Research,"Effect of Maltol on the Oxidation of DL-DOPA, Dopamine, N-Acetyldopamine (NADA), and Norepinephrine by Mushroom Tyrosinase",VARDA
10.1111/1468-0424.12248,"memory struggles. Aldona Vilutiene˙ and Juozas Saujauskas’s Isˇtark mano varda˛. Tauro apygardos partizanų vardynas (Vilnius: Dzˇiugas, 1999)",Gender & History,From Partisan Warfare to Memory Battlefields: Two Women's Stories about the Second World War and Its Aftermath in Lithuania,VARDA
10.1016/j.ajog.2003.10.221,"TATIANA NANOVSKAYA1, ILONA NEKHAYEVA1, OLGA  BERG-ASHER1, ARIEL MANY1, VARDA DEUTCH2, JOSEPH LESSING1,  ZHARIKOVA1, GARY HANKINS1, MAHMOUD",American Journal of Obstetrics and Gynecology,Does the station of the fetal head in obstructed labor affect the risk of persistent postpartum stress urinary incontinence? A prospective study of 100 women one year after their first delivery,VARDA
10.1111/j.1550-7408.1971.tb03406.x,"from a virulent field strain grown in tissue culture.* E. PIPANO and VARDA ISRAEGDepartment of Parasitology, Kimron Veterinary Institute,",The Journal of Protozoology,ABSTRACTS,VARDA
10.1111/1467-9566.12343,"Omsorgsrationalitet. In Eliasson, R. (ed.) Omsorgens skiftningar – Begreppet, varda- gen, politiken, forskningen. Lund: Studentlitteratur. Wibberley,",Sociology of Health & Illness,Navigating the field of temporally framed care in the Danish home care sector,VARDA
10.1111/j.1365-2923.1983.tb00660.x,"process and final qualification of medical students D . A. SIDERIS, P. E . VARDAS AND S. D. MOULOPOULOS Department of Clinical Therapautics, School",Medical Education,Admission process and final qualification of medical students,VARDA
10.1111/dmcn.12778_5,"SEGEL*, HILLA BEN-PAZI*, SHARON ZELIGSON, AVIVA FATAL-VALEVSKI, ADI ARAN, VARDA GROSS-TSUR, NIRA SHNEIBAUM, DORIT SHMUELI, DORIT LEV, SHIRA PERLBERG,",Developmental Medicine & Child Neurology,Go for the cause: significant copy number variations in cryptogenic cerebral palsy,VARDA
10.1007/s11695-015-1744-1,"LAPATSANIS(3), Christos NIKOLAIDIS(2), Dimitrios KONSTA NTINOU(2), Konstantinos VARDAS(2), Nikolaos ROUKOUNAKIS(2), Dimitrios MANGANAS(2), Vasileios",Obesity Surgery,Abstracts of IFSO-APC2015,VARDA
10.1016/S0950-3536(89)80033-2,Megakaryocyte function and dysfunction  AMIRAM ELDOR ISRAEL VLODAVSKY VARDA DEUTSCH RICHARD F. LEVINE  It has been known for 80 years that,Baillière's Clinical Haematology,2 Megakaryocyte function and dysfunction,VARDA
10.3133/ofr95807,(kort/ landkort/landabref) upphafsold utkulnadur4  p+nm nm nm nf am  vad  nn  varda  nf  vatn  nn  vatnafraedi  nf  vatnaset  nn  vatnaskil  nn  vatnasvid  nn  vatnsgildi  nn+  snaevar8  nm  vatnshver3  nm  vedrun  nf  vedur  nn  vegur  nm  ver  nn  vestur1,Open-File Report,Icelandic-English glossary of selected geoscience terms,VARDA
10.1002/tera.1045,"Rat Embryonic Antioxidant Defense Mechanism in Diabetic Culture Medium VARDA ZAKEN,1 RON KOHEN,2 AND ASHER ORNOY1* 1Department of Anatomy and",Teratology,Vitamins C and E improve rat embryonic antioxidant defense mechanism in diabetic culture medium,VARDA
10.1080/01629778.2016.1269445,"that the Latvians are a full-ﬂedged people (‘Latviešu tauta ir tauta ši varda īsta nozīme’, in Tevija 1942, 3). The same attitude can be found",Journal of Baltic Studies,German man or Latvian Dvina? National self-perceptions and identities of Hugo Wittrock and Harry Marnitz in Riga 1941–1943/44,VARDA
10.1007/s10763-004-6826-9,"IBTISAM AZAIZA, VARDA BAR and IGAL GALILI∗ LEARNING ELECTRICITY IN ELEMENTARY SCHOOL ABSTRACT.",International Journal of Science and Mathematics Education,Learning Electricity in Elementary School,VARDA
10.1111/j.1745-4514.1999.tb00019.x,"OXIDATION OF 0-DIHYDROXY - AND TRIHYDROXYPHENOLS BY MUSHROOM TYROSINASE VARDA KAHN, NOAH BEN-SHALOM AND VARDA ZAKIN Department",Journal of Food Biochemistry,EFFECT OF BENZENESULFINIC ACID ON THE OXIDATION OF o-DIHYDROXY - AND TRIHYDROXYPHENOLS BY MUSHROOM TYROSINASE,VARDA
10.1111/j.1745-4514.1999.tb00018.x,"OXIDATION OF 0-DIHYDROXY- AND TRIHYDROXYPHENOLS BY MUSHROOM TYROSINASE VARDA KAHN, NOAH BEN-SHALOM and VARDA ZAKIN Department",Journal of Food Biochemistry,"EFFECT OF HYDROXYLAMINE, p-AMINOBENZOIC ACID AND p-AMINOSALICYLIC ACID ON THE OXIDATION OF O-DIHYDROXY- AND TRIHYDROXYPHENOLS BY MUSHROOM TYROSINASE",VARDA
10.1111/j.1745-4514.1990.tb00833.x,"2,3,4-TRIHYDROXYACETOPHENONE(2,3,4-THAP) AS A SUBSTRATE FOR MUSHROOM TYROSINASE'  VARDA KAHN Department of Food Science, Agricultural Research Organization",Journal of Food Biochemistry,"2,3,4-TRIHYDROXYACETOPHENONE (2,3,4-THAP) AS A SUBSTRATE FOR MUSHROOM TYROSINASE",VARDA
10.1080/00233606208603652,"hundra kyrkornas ö 39(1961), s. 127 —134· Ν i h 1 é n, John, Bevara — varda — skapa. Kulturvärdena och landets nya ansikte. — Bygd och natur",Konsthistorisk Tidskrift/Journal of Art History,Svensk Konsthistorisk bibliografi 1961,VARDA
10.1111/j.1540-8167.2005.40727.x,"M.SC.,∗,† ANTONIOS TZEDAKIS, M.SC.,∗ EMMANOUEL MANIOS, M.D.,§ PANAYIOTIS VARDAS, M.D., PH.D., F.E.S.C., F.A.C.C.,§ and NICHOLAS GOURTSOYIANNIS,",Journal of Cardiovascular Electrophysiology,Anticipation of Radiation Dose to the Conceptus from Occupational Exposure of Pregnant Staff During Fluoroscopically Guided Electrophysiological Procedures,VARDA
10.1016/0008-8749(74)90089-6,Determinants and  Morphology of Spleen Lymphocytes. (1 l/16/73).  341   VARDA ROTTER AND NATHAN TRAININ. Thymus Cell Population Exerting a Regulatory,Cellular Immunology,Papers to appear in forthcoming issues,VARDA
10.1111/j.1095-8339.1894.tb02417.x,column is 5 line long ; the beak of the rostellum projects slightly down\varda ; the anterior cap is pointed in front and has a slight median,"Journal of the Linnean Society of London, Botany",A Contribution to the Flora of Eastern Tropical Africa.,VARDA
10.1111/j.1745-4514.1999.tb00006.x,"AND 3,4-DIHYDROXYPHENYLPROPIONIC ACID (3,4-DPPA) AS SUBSTRATES FOR MUSHROOM TYROSINASE VARDA KAHN. NOAH BEN-SHALOM and VARDA ZAKIN Department",Journal of Food Biochemistry,"p-HYDROXYPHENYLPROPIONIC ACID (PHPPA) AND 3,4-DIHYDROXYPHENYLPROPIONIC ACID (3,4-DPPA) AS SUBSTRATES FOR MUSHROOM TYROSINASE",VARDA
10.1016/S0002-9378(01)80322-7,"GALIT SHEFFER-MIMOUNI MDt, SHAUL DOLLBERG MD2, MICHAEL KUPFERMINC MDt, VARDA DEUTSCH PHD:~,  Wood Johnson Medical School/Saint Peter's University",American Journal of Obstetrics and Gynecology,289 Labor does not affect the neonatal absolute nucleated red blood cell count,VARDA
10.2113/gsecongeo.3.1.77,"as Coburnwhereit crossesPryor Creek, and can be seenextendingsoutheast•vardas a prominentcliffmaking sandstonefor a distanceof 5 or 6 miles.",Economic Geology,Southern extension of the Kootenai and Montana coal-bearing formations in northern Montana,VARDA
10.1080/00233607008603776,"egen leda inför tidens ond-  Hânings Söttmade Ord att jag ma i Snillet varda ska, under vilka de bâda levde dagligen och stund-  Salig, Min",Konsthistorisk tidskrift/Journal of Art History,En originell variant av C. A. Ehrensvärds Poetens Historia,VARDA
10.1111/j.0954-6820.1870.tb00161.x,"m sjukdoniens r l t t a art, gro ej stillsynta ibland spsda barn, som vArdas inom barnhus. H&r antaga n I m l i g e n till fiiljd af flere",Nordiskt Medicinskt Arkiv,Meddelanden från pediatriska kliniken å All-männa barnhuset i Stockholm för år 1868,VARDA
10.1111/j.1540-8167.2002.tb01949.x,"S23  Geographic Differences of Pacemaker Implant Rates in Europe  PANOS E. VARDAS, M.D., PH.D., and ELI 1. OVSYSCHER, M.D., PH.D.* From the Cardiology",Journal of Cardiovascular Electrophysiology,Geographic Differences of Pacemaker Implant Rates in Europe,VARDA
10.1007/BF00151685,"Department of Physics and Astronomy, Tel Aviv University, Tel Aviv and VARDA BAR School of Education, Tel Aviv University, Tel Avi~,  (Received",Solar Physics,The recurrent surges in McMATH 9760 and associated surge brightenings,VARDA
10.1111/petr.12744,"complicating FK506 (tacrolimus) therapy. Am J Hematol 1996: 52: 310–312. 5. VARDAS PN, HASHMI ZA, HADI MA. Identiﬁcation and management of atypical",Pediatric Transplantation,Tacrolimus-associated hemolytic uremic syndrome in a pediatric heart transplant recipient,VARDA
10.1016/0020-7519(88)90136-1,"CULTIVATION OF BESNOITIA BESNOITI IN FOUR TICK CELL LINES MICHAEL SAMISH, VARDA SHKAP, HANNA BIN and EUGENE M. PIPANO Department of Parasitology,",International Journal for Parasitology,Cultivation of Besnoitia besnoiti in four tick cell lines,VARDA
10.1111/j.1467-9477.1974.tb00540.x,"Universitetsforlaget, 1973, 284 pp. 1 3 THERBORN, Goran. Yad ar bra viirderingnr varda? och andra essayer om vetenskap, varderingar och samhalle (What",Scandinavian Political Studies,Bibliography of Scandinavian Political Science: 1973,VARDA
10.1016/0020-7519(88)90116-6,"T~NSMISSI~N AND SCANNING ELECTRON MICROSCOPY OF ~~~~~~~~A~~S~~~~~ VARDA SHKAP, B. A. YAKOBSONand E. PIPANO Parasitology Department, Kimron",International Journal for Parasitology,Transmission and scanning electron microscopy of Besnoitia besnoiti,VARDA
10.1002/jsfa.2740220415,"Autoxidation  of ergocalciferol. M. M. AMERA, . K. S. AHMADand S. P. VARDA  (Ferfe SeiJien AnsrrMiffel,1970,72 (12), 1040-1045. Engl., 16",Journal of the Science of Food and Agriculture,Abstracts,VARDA
10.1007/BF01758957,"potential in Abelson virus-transformed malignant murine large cell lymphoma VARDA ROTTERt, DAVID WOLFf, MARK BLICK:~ and GARTH L. NICOLSONw t Department",Clinical & Experimental Metastasis,Expression ofabl and other oncogenes is independent of metastatic potential in Abelson virus-transformed malignant murine large cell lymphoma,VARDA
10.1111/j.0954-6820.1879.tb01084.x,annat tecken till illaindende s k d l e visa sig. (Barnet lef- ver och vArdas annu hos samma fosterforaldrar.)   -6 Bd. XI. N:r 1. HJ. ABELIN. Uti,Nordiskt Medicinskt Arkiv,Pediatriska meddelanden,VARDA
10.1080/00397709.1985.10733592,"She constitutes an ideal which prevents his relating to Edvarda. Ed- varda, in Sehmsdorf's view, is simply an externalized representation",Symposium: A Quarterly Journal in Modern Literatures,Representation of Consciousness in Pan : Knut Hamsun as Modernist,VARDA
10.1111/j.0954-6820.1871.tb00801.x,"filrbi- giiende af ijfriga organ, hvilka icke e r b j a d o n%graanm$rknings- varda fdrandringar, meddelas liar endast, hvad som i protokollet namnes",Nordiskt Medicinskt Arkiv,Till kännedomen om balantidium coli hos människan,VARDA
10.1016/S0076-6879(71)18072-X,Acid Phosphoribosyl Transferase from Astasia longa By J. J. BLUM and VARDA KAHN I. Nicotinic Acid Mononucleotide Pyrophosphorylase Nicotinic,Methods in Enzymology,[115] Nicotinic acid mononucleotide pyrophosphorylase and quinolinic acid phosphoribosyl transferase from Astasia longa,VARDA
10.1016/j.jretconser.2021.102519,"guage identification (Zampieri, 2013), authorship identification (Hou­ vardas and Stamatatos, 2006), anti-spam filtering (Kanaris et al., 2007).",Journal of Retailing and Consumer Services,The informational value of multi-attribute online consumer reviews: A text mining approach,VARDA
10.1111/j.1550-7408.1995.tb01590.x,"Prevalence of gametocytes and antibodies in dogs in Israel.  GAD BANETHI,VARDA SHKAP*. BEN-ZION PRESENTEYl AND  EUGENE PIPAN02, lSchwl of Vetennary",The Journal of Eukaryotic Microbiology,ABSTRACTS,VARDA
10.1111/j.0954-6820.1865.tb00021.x,"engl. skLlp., s l - ledes blott ofver dessa 4 hamnar 1,078,700skllp., varda omkring 1,063,360 Rdr Rmt. Om vi antaga att ofriga nederlngsorter",Medicinskt Archiv,Om de officinela barkarne,VARDA
10.1016/0010-4655(87)90181-0,"Amsterdam  403  TWO TERABYTE OPTICAL ARCHIVAL STORE Murray THOMPSON, Ann VARDA and Gary DeCLUTE Physical Sciences Laboratory, University of Wisconsin,",Computer Physics Communications,Two terabyte optical archival store,VARDA
10.1046/j.1460-9592.2000.01573.x,"SIMANTIRAKIS, STAVROS I. CHRYSOSTOMAKIS, EMMANUEL G. MANIOS, AND PANOS E. VARDAS From the Cardiology Department, Heraklion University Hospital,",Pacing and Clinical Electrophysiology,Insertable Loop Recorder in Unmasking the Cause of Syncope,VARDA
10.1046/j.1460-9592.2000.01453.x,"Galvanometer to the Implantable Loop Recorder: Revelations in Store PANOS E. VARDAS From the Cardiology Department, University Hospital of Heraklion,",Pacing and Clinical Electrophysiology,From the Einthoven Galvanometer to the Implantable Loop Recorder: Revelations in Store,VARDA
10.1080/00233608808604185,det sköna av samhällskritik hade han anda blivit »smittad» av åttita-  varda mänsklighetens egendom.  lismens virus. Under den koncilianta,Konsthistorisk Tidskrift/Journal of Art History,Pontus Fürstenberg som samlare,VARDA
10.1080/00233607808603906,åter-  ren ibland att bläddra tio sidor framåt resp. och övriga som har att varda kyrkans textila komma i annat sammanhang med en upp-  bakåt for,Konsthistorisk tidskrift/Journal of Art History,Einige schwedischen Architekturabhandlungen. I 1,VARDA
10.1002/tea.3660260611,"SCIENCE LABORATORY DATA: THE ROLE OF COMPUTER PRESENTED INFORMATION” VARDA BAR Amos De-Shalit Science Teaching Centre in Israel, The Hebrew",Journal of Research in Science Teaching,A comment on: “Evaluation of science laboratory data: The role of computer presented information”,VARDA
10.1016/j.atmosenv.2023.119586,improved when we assimilated meteorology in the simulations through the 3D-VARDA (Table 3). Potential causes for change in model performance for,Atmospheric Environment,Assessment of the impact of atmospheric aerosols and meteorological data assimilation on simulation of the weather over India during summer 2015,VARDA
10.1007/BF02366477,"program SALP-MP from the software package CAFTS-SALP [70], the program VARDA from the code package RISA [65], the program IMPORT from the code",Cybernetics and Systems Analysis,Fault trees—Problems and the modern state of investigations,VARDA
10.1080/00233600410003558,"Grand Prix de Rome, det itri-  Som forskningschefenvidNationalmuseum Go- varda stipendiet som mojliggjorde fortsatta  re1 Cavalli-Bjorkman s",Konsthistorisk Tidskrift/Journal of Art History,Literature,VARDA
10.1007/BF00152432,"Reidel Publishing Company, Dordrecht-Holland   446  DAVID M. RUST AND VARDA BAR  Some attempts to compare 'textbook' or current-free lines",Solar Physics,"Magnetic fields, loop prominences and the great flares of August, 1972",VARDA
10.1111/j.1749-6632.2000.tb05286.x,"Culture-Derived Parasites in Vaccination of Cattle against Tick-Borne Diseases VARDA SHKAPa AND EUGENE PIPANO Kimron Veterinary Institute, P.O. Box",Annals of the New York Academy of Sciences,Culture-Derived Parasites in Vaccination of Cattle against Tick-Borne Diseases,VARDA
10.1007/BF00132926,"murine RAWll7 large cell lymphoma cells of differing metastatic potential VARDA ROTTERt, DAVID WOLFf and GARTH L. NICOLSON:~§ tDepartment of Cell",Clinical & Experimental Metastasis,The expression of transformation-related protein p53 and p53-containing mRNA in murine RAW117 large cell lymphoma cells of differing metastatic potential,VARDA
10.1111/j.0954-6820.1885.tb00906.x,"de kategorier, som genom sin sallsynthet Bro af stbrre intresse, lstt varda relativt far talrikt representerade.  l) MUECHISONC, H. Clinical",Nordiskt Medicinskt Arkiv,Om gallstensileus,VARDA
